"Kod";"Nazwa";"gminy łącznie z miastami na prawach powiatu;razem;2015;[zł]";"gminy łącznie z miastami na prawach powiatu;razem;2016;[zł]";"gminy łącznie z miastami na prawach powiatu;razem;2017;[zł]";"gminy łącznie z miastami na prawach powiatu;razem;2018;[zł]";"gminy łącznie z miastami na prawach powiatu;razem;2019;[zł]";"gminy łącznie z miastami na prawach powiatu;razem;2020;[zł]";"gminy łącznie z miastami na prawach powiatu;razem;2021;[zł]";"gminy łącznie z miastami na prawach powiatu;razem;2022;[zł]";"gminy łącznie z miastami na prawach powiatu;razem;2023;[zł]";"gminy łącznie z miastami na prawach powiatu;razem;2024;[zł]";
0000000;"POLSKA";88347042956,38;91003803672,80;96388859815,85;104941586420,25;113544905030,51;121692784031,95;132173484969,35;145798897198,17;146102186261,10;176664562670,80;
0200000;"DOLNOŚLĄSKIE";7681415687,93;7924310465,76;8386355154,70;9041734666,76;9689025782,82;10309804184,24;11644863838,87;12538241085,84;13043852783,86;15561011450,65;
0201000;"Powiat bolesławiecki";191323424,86;201534685,24;217283176,33;230357637,26;254200598,95;261796553,77;275161031,29;331889485,32;355422714,78;380800926,08;
0201011;"Bolesławiec (1)";97766455,51;96585948,26;100354872,86;100026530,65;110798547,62;113856301,52;133457641,30;145583831,36;164088290,92;180180717,13;
0201022;"Bolesławiec (2)";31072239,80;29138151,04;36830913,88;34848358,56;38715326,98;42888896,64;43545028,36;46836299,38;50745997,68;57367499,51;
0201032;"Gromadka (2)";10899408,78;13139743,96;14541539,51;27057940,92;25721571,91;27544426,64;24471227,00;46458862,04;28502741,70;34390530,97;
0201043;"Nowogrodziec (3)";18569147,18;29417467,57;31883450,73;31788855,91;39134198,61;33419083,79;35020047,74;41675542,41;57594347,55;51874959,01;
0201052;"Osiecznica (2)";16746467,73;17098022,83;17601816,26;19841729,92;21776258,65;24843042,47;18467248,93;27794127,04;29784844,16;31446315,34;
0201062;"Warta Bolesławiecka (2)";16269705,86;16155351,58;16070583,09;16794221,30;18054695,18;19244802,71;20199837,96;23540823,09;24706492,77;25540904,12;
0202000;"Powiat dzierżoniowski";163702336,18;170904517,46;175851282,54;192413912,62;219563121,41;235770838,86;228700625,73;260855698,75;266476392,80;334648661,83;
0202011;"Bielawa (1)";54275286,40;58726765,35;60796684,64;61443342,60;70138044,84;67916257,23;67464139,68;74830195,73;74231465,85;90210049,71;
0202021;"Dzierżoniów (1)";54941541,12;61744190,73;61774957,23;71171888,00;81664887,31;79686672,41;81355985,03;92943805,10;108151308,09;123814687,25;
0202031;"Pieszyce (1)";14010178,59;;;;;;;;;;
0202033;"Pieszyce (3)";;12676399,25;12756986,62;14856504,24;16636494,20;16575176,13;16823133,62;20398683,86;18686092,74;37702103,75;
0202041;"Piława Górna (1)";8790657,70;9197868,28;9153569,08;9976844,42;11221924,55;15968081,14;11814086,14;14525666,69;12620486,32;15209808,08;
0202052;"Dzierżoniów (2)";14131794,58;12177775,69;13927658,84;15905456,23;16220712,22;19776268,15;19547940,54;23923701,40;21931761,27;29450162,12;
0202062;"Łagiewniki (2)";10269370,55;9415076,27;9696439,76;11367544,73;12636384,32;20711591,63;18892344,99;19290192,60;18109440,71;22174658,23;
0202073;"Niemcza (3)";7283507,24;6966441,89;7744986,37;7692332,40;11044673,97;15136792,17;12802995,73;14943453,37;12745837,82;16087192,69;
0203000;"Powiat głogowski";248105364,04;250177177,48;265011415,67;290715198,63;303199219,93;338745333,43;354496395,74;388092964,39;433735233,71;435029369,15;
0203011;"Głogów (1)";181673373,93;184604508,49;192843592,79;209547734,35;220202473,52;234749248,45;254588405,91;270357212,17;318854428,93;300923860,38;
0203022;"Głogów (2)";16000178,54;16959491,37;18499752,75;21064506,96;22045446,05;22477371,22;23123395,92;24492784,04;23353049,64;27040125,32;
0203032;"Jerzmanowa (2)";30037009,99;29008049,99;32366375,36;36444736,85;37591134,35;44915504,21;45498720,17;47764873,27;48553246,88;59446443,75;
0203042;"Kotla (2)";8929795,41;8220204,11;8324449,16;8775655,43;9329098,78;15282435,95;12505926,56;16776875,22;17057317,50;18733521,86;
0203052;"Pęcław (2)";3625338,26;2701181,62;4214441,32;3041925,34;3641754,10;4519383,48;3807393,15;6908741,27;4516677,54;5567474,52;
0203062;"Żukowice (2)";7839667,91;8683741,90;8762804,29;11840639,70;10389313,13;16801390,12;14972554,03;21792478,42;21400513,22;23317943,32;
0204000;"Powiat górowski";52356904,60;53815300,30;57579563,07;60748285,07;67077455,44;74389569,26;77512232,86;90594281,67;84198916,71;94329227,39;
0204013;"Góra (3)";30860275,90;32555952,66;34743227,48;36343200,03;41203198,29;43795233,75;46207255,75;48284960,44;49453818,46;56918925,64;
0204022;"Jemielno (2)";3910672,05;3568442,07;3797134,38;3857764,16;5386402,14;5792514,73;4581358,72;7838977,86;5062412,85;6534336,87;
0204032;"Niechlów (2)";6946781,74;7009839,71;7513087,35;7681848,45;7653772,98;9881556,67;8801442,52;12198883,38;9169081,00;10339822,78;
0204043;"Wąsosz (3)";10639174,91;10681065,86;11526113,86;12865472,43;12834082,03;14920264,11;17922175,87;22271459,99;20513604,40;20536142,10;
0205000;"Powiat jaworski";89319308,68;90007193,76;97488706,17;100743161,84;106241336,28;144507954,34;138773668,17;163516179,86;177045182,09;198818242,13;
0205011;"Jawor (1)";46821528,87;47707547,23;50340786,75;49966760,05;49149261,26;64163194,85;67285368,44;72345136,70;89834833,85;102900119,58;
0205023;"Bolków (3)";11944458,99;12071679,46;13256370,14;14130127,60;15473406,99;26250564,54;23538505,11;27948607,48;29122725,85;31235037,10;
0205032;"Męcinka (2)";9695066,00;8841202,81;10951319,29;12634930,83;14372334,92;20146295,66;19735064,14;20991149,10;19633363,27;20753235,95;
0205042;"Mściwojów (2)";8530585,42;7302933,00;8414406,91;7571357,52;8212910,54;11497947,97;8431505,11;14392685,93;13029721,95;13959152,32;
0205052;"Paszowice (2)";6694597,42;6923438,23;6739804,94;7535001,09;9269665,78;11700645,36;8082708,57;13286012,31;11753982,89;13172875,79;
0205062;"Wądroże Wielkie (2)";5633071,98;7160393,03;7786018,14;8904984,75;9763756,79;10749305,96;11700516,80;14552588,34;13670554,28;16797821,39;
0206000;"Powiat karkonoski";147534513,90;152394740,52;160294186,18;176462777,28;185085696,72;197399810,81;231027448,23;260878439,59;254479489,14;307927695,41;
0206011;"Karpacz (1)";25423661,73;25473284,89;26466862,76;30340813,95;30802431,79;28318587,30;34564606,56;41589071,83;42322075,85;51160166,25;
0206021;"Kowary (1)";16138066,04;21015053,01;19057069,52;19857636,06;20847650,57;22755724,99;30216311,31;28955541,49;28710456,51;33591474,54;
0206031;"Piechowice (1)";14231742,51;14932637,07;15746168,52;17260083,00;17391057,15;19512569,74;21947387,90;23631810,93;25963072,05;27444363,77;
0206041;"Szklarska Poręba (1)";25952938,06;26356446,99;30492668,57;32866058,83;33246468,17;32337749,37;41782587,27;48232536,44;44040123,42;54909606,08;
0206052;"Janowice Wielkie (2)";6846366,45;6531200,35;7259267,65;7978131,13;9124914,34;10369907,99;9614315,23;13701069,67;10449369,84;12980179,12;
0206062;"Jeżów Sudecki (2)";13883116,41;13575793,12;14465179,32;15807892,94;18279527,03;20735950,99;23436608,29;26628224,94;23514130,28;33353338,22;
0206072;"Mysłakowice (2)";19413310,86;20220314,80;19896390,66;20678003,72;23009737,79;25210593,75;26769004,42;29946805,28;30528562,28;36225361,71;
0206082;"Podgórzyn (2)";14636884,37;15431407,61;17139587,89;20740128,99;20852342,76;24969684,86;28528753,70;30803153,24;29585152,91;36273626,12;
0206092;"Stara Kamienica (2)";11008427,47;8858602,68;9770991,29;10934028,66;11531567,12;13189041,82;14167873,55;17390225,77;19366546,00;21989579,60;
0207000;"Powiat kamiennogórski";69155219,48;66114365,43;71600560,54;77385498,24;80901987,14;95960003,15;111109287,95;111009558,06;118103319,66;220043439,25;
0207011;"Kamienna Góra (1)";31396080,42;32639210,96;35081697,15;37053246,60;40787953,85;47261608,95;57455559,45;50693541,23;61211557,03;149845701,96;
0207022;"Kamienna Góra (2)";13980689,03;14879219,28;15610779,41;17900854,50;17744171,41;21849848,08;25417463,71;27719695,23;23816465,84;32691168,54;
0207033;"Lubawka (3)";16971716,03;12850564,69;14383692,18;15102609,59;15327600,28;18473712,88;20498865,09;21303105,23;24520445,47;25456028,70;
0207042;"Marciszów (2)";6806734,00;5745370,50;6524391,80;7328787,55;7042261,60;8374833,24;7737399,70;11293216,37;8554851,32;12050540,05;
0208000;"Powiat kłodzki";278381550,23;299653823,62;300100520,17;326235788,49;365372273,04;398258320,42;430385185,96;523707415,17;478980875,51;562717773,61;
0208011;"Duszniki-Zdrój (1)";13672202,79;12309174,37;11320589,28;12827284,79;15110278,81;20023761,84;16715308,20;65003966,43;20350482,89;24392490,34;
0208021;"Kłodzko (1)";51283318,25;52616456,05;54532524,79;57833843,05;59640612,47;64346419,85;71013258,36;71858888,49;73740055,65;98160340,63;
0208031;"Kudowa-Zdrój (1)";20098874,77;21028153,17;21359196,23;23082325,90;26159089,36;26814709,95;30797888,26;37011072,44;39372213,54;37559828,53;
0208041;"Nowa Ruda (1)";37163776,39;39321905,79;40287350,43;45735443,14;47106251,52;49490223,67;55306058,48;57713955,81;60246739,25;77129781,93;
0208051;"Polanica-Zdrój (1)";16084619,42;18317746,16;19561541,77;20184923,76;21834561,93;27669488,30;29884480,54;32900316,11;31540011,11;35621503,32;
0208063;"Bystrzyca Kłodzka (3)";32440630,61;32215108,38;32183930,52;37463599,00;38091852,27;44674470,73;43320484,97;47105729,40;46599865,89;55144805,38;
0208072;"Kłodzko (2)";22584281,42;22828706,59;26908800,70;26905658,21;32094889,19;39431613,61;40764491,94;41740213,27;45257149,52;57037929,49;
0208083;"Lądek-Zdrój (3)";13916486,09;15079522,77;14820542,22;18799035,51;38645734,73;23973559,46;25444008,07;30956972,56;26867554,95;35053702,93;
0208092;"Lewin Kłodzki (2)";3848657,79;3709896,94;3831229,75;4621862,59;4943836,82;5079815,03;4995802,46;8418895,60;7868115,51;6226283,84;
0208103;"Międzylesie (3)";8612601,60;8781800,69;9687849,57;10927784,05;9996516,00;11520121,97;14695969,11;25745038,88;16143197,23;16339259,56;
0208112;"Nowa Ruda (2)";17048572,95;17496481,05;19586523,88;19903056,42;20893017,56;27196062,16;27938271,21;31332519,03;30813852,65;33584240,53;
0208123;"Radków (3)";19152047,59;18712717,51;19446070,17;20938139,93;23709252,81;28147575,57;28729937,97;35093528,17;34031105,57;36951711,77;
0208133;"Stronie Śląskie (3)";12686830,23;26227987,71;14841362,52;16137342,93;15610242,43;15584512,34;25012095,59;21943524,19;27257110,71;26607987,11;
0208143;"Szczytna (3)";9788650,33;11008166,44;11733008,34;10875489,21;11536137,14;14305985,94;15767130,80;16882794,79;18893421,04;22907908,25;
0209000;"Powiat legnicki";107735769,66;117924317,37;122373375,61;130274793,93;147763252,93;158636597,78;181899604,88;214528934,63;222091206,61;223848411,94;
0209011;"Chojnów (1)";20741285,41;27536655,32;23922035,81;29834718,19;29895012,62;27741294,92;33656472,14;37385035,88;34241107,78;39287565,05;
0209022;"Chojnów (2)";16916371,76;18209896,73;16742851,72;19511917,76;22261602,31;27952892,71;34119369,05;38369675,92;48639432,08;32897863,20;
0209032;"Krotoszyce (2)";8089889,55;7619010,71;8111773,23;8179307,37;9382763,88;11934803,60;10288048,34;14027663,58;13695309,64;14345401,36;
0209042;"Kunice (2)";15683829,71;16542280,38;18006642,78;19666676,89;22371294,30;24703268,79;26585997,27;29632868,46;27867012,13;35504018,21;
0209052;"Legnickie Pole (2)";14914565,06;16055852,06;21263305,28;18977481,95;23651030,62;23069104,11;25657474,06;35979395,52;32803153,49;33683629,51;
0209062;"Miłkowice (2)";11187622,63;11833839,91;13160119,60;13215340,42;15758222,13;15546590,53;23999706,41;24258137,91;31264075,13;31252032,07;
0209073;"Prochowice (3)";15847272,67;15085025,62;17097352,50;16601077,08;19521116,35;21324085,72;22244209,62;25875465,81;26580576,19;29425887,09;
0209082;"Ruja (2)";4354932,87;5041756,64;4069294,69;4288274,27;4922210,72;6364557,40;5348327,99;9000691,55;7000540,17;7452015,45;
0210000;"Powiat lubański";101857868,45;104155125,75;103424258,23;129491332,80;121655367,27;130272369,92;146407398,28;168236337,59;163953357,03;175191157,46;
0210011;"Lubań (1)";39123722,05;41163579,06;42531591,80;46158554,53;48419292,45;52256816,61;57815794,81;58006260,50;58879425,49;66795551,36;
0210021;"Świeradów-Zdrój (1)";18868607,50;20426906,42;17418599,12;37223855,53;22347289,27;19345182,23;25946772,56;29407420,97;27965896,24;29304453,36;
0210033;"Leśna (3)";12858039,04;12469100,67;12624976,48;13552549,85;14759762,84;16459781,69;19839972,70;23434817,84;22520638,44;21624418,03;
0210042;"Lubań (2)";10450550,40;10094665,93;10834089,15;10848132,38;11933182,28;14267880,53;14416822,87;18142906,62;18559936,55;20248482,47;
0210053;"Olszyna (3)";9239914,89;8888332,89;8562125,79;9627821,53;11094075,76;12547710,83;13770804,09;16481284,33;15770916,80;17574504,96;
0210062;"Platerówka (2)";3178427,55;3184750,69;3367435,46;3524349,01;3594296,22;4828785,54;4413907,68;7611724,00;5322081,14;5444004,61;
0210072;"Siekierczyn (2)";8138607,02;7927790,09;8085440,43;8556069,97;9507468,45;10566212,49;10203323,57;15151923,33;14934462,37;14199742,67;
0211000;"Powiat lubiński";296650568,43;303122251,79;321153790,39;350580868,83;375477525,39;427229636,43;418567736,63;474755911,15;469600352,10;627581128,55;
0211011;"Lubin (1)";190204846,74;193357803,07;207354089,01;222002021,87;230681502,12;269549592,17;245017028,02;270701937,10;274651960,25;396925159,65;
0211022;"Lubin (2)";53158532,99;54057045,63;59736846,41;65746646,84;78292175,92;83399256,98;84148396,09;85737358,34;83919858,99;114235387,68;
0211032;"Rudna (2)";35097933,92;39334688,85;37039130,46;42278897,02;45380493,52;48522668,69;56146584,80;84765553,22;75843001,44;82290065,91;
0211043;"Ścinawa (3)";18189254,78;16372714,24;17023724,51;20553303,10;21123353,83;25758118,59;33255727,72;33551062,49;35185531,42;34130515,31;
0212000;"Powiat lwówecki";67564748,85;63726216,21;67074367,42;74536696,36;75295899,27;83537002,56;92046937,47;110279107,30;111944593,12;125350048,07;
0212013;"Gryfów Śląski (3)";13006768,53;13387047,83;14174413,99;14515946,70;16718960,99;15980983,24;18091253,02;23373501,46;20944254,92;23378445,11;
0212023;"Lubomierz (3)";7127309,08;6798377,72;6592432,05;7112048,93;7433331,70;8398155,36;12223255,75;15415903,97;14764191,92;12459843,29;
0212033;"Lwówek Śląski (3)";29681126,16;27034692,16;28969810,81;30147635,97;32388510,86;34290939,46;39449774,84;42413792,84;44613844,82;48609249,65;
0212043;"Mirsk (3)";10177996,06;10670492,58;11209681,65;15382077,14;12299367,82;14521027,84;14333556,10;18146788,05;18725941,67;20278178,02;
0212053;"Wleń (3)";7571549,02;5835605,92;6128028,92;7378987,62;6455727,90;10345896,66;7949097,76;10929120,98;12896359,79;20624332,00;
0213000;"Powiat milicki";63998706,85;68424595,45;67950407,62;76527578,35;79441647,01;98112072,69;98203794,65;111070768,36;105763222,15;125143138,09;
0213012;"Cieszków (2)";5381259,20;5428147,03;5672460,85;6292522,10;7737031,20;8810653,94;8257406,47;12111710,58;10498429,49;10464798,87;
0213022;"Krośnice (2)";20662679,72;22372477,36;21416622,52;23137863,70;23423245,62;25225006,70;28289991,40;34651143,56;28528585,12;33022524,66;
0213033;"Milicz (3)";37954767,93;40623971,06;40861324,25;47097192,55;48281370,19;64076412,05;61656396,78;64307914,22;66736207,54;81655814,56;
0214000;"Powiat oleśnicki";189906232,47;196343965,75;206153309,20;226674108,25;285928749,50;281842625,41;290670137,14;329234314,80;324956168,95;385658198,17;
0214011;"Oleśnica (1)";72957174,95;79334653,91;82769904,61;91290552,20;135857036,58;101764983,24;110201188,02;119905391,01;117614398,72;140429541,38;
0214023;"Bierutów (3)";12642515,59;13034724,20;14137384,20;16021579,41;15720323,41;17996123,91;19835741,39;22411566,56;20839468,58;29993572,28;
0214032;"Dobroszyce (2)";13574370,07;10604965,58;11520152,73;13092152,15;14969955,16;28442782,35;19954827,79;23250050,89;24517896,26;29725436,23;
0214042;"Dziadowa Kłoda (2)";5203806,45;5324661,17;5868447,24;6203843,49;7360562,94;8117345,79;7923039,24;11429721,33;10518046,99;12442344,42;
0214053;"Międzybórz (3)";10184689,68;7862934,36;8015373,77;9344474,48;9140508,20;10377999,03;10516191,76;14759938,44;11548196,62;14512624,40;
0214062;"Oleśnica (2)";21215389,40;25651061,12;26117132,66;27758094,22;32544192,36;41174414,16;41993368,58;44342099,14;46052262,50;55786525,50;
0214073;"Syców (3)";25953832,80;26222514,34;28466101,19;31148004,87;33786353,94;38461221,76;42750799,13;50226618,73;48723143,17;54449749,15;
0214083;"Twardogóra (3)";28174453,53;28308451,07;29258812,80;31815407,43;36549816,91;35507755,17;37494981,23;42908928,70;45142756,11;48318404,81;
0215000;"Powiat oławski";164986227,09;173199727,28;180011626,88;204350776,76;219814875,19;245947649,80;256592222,69;282494626,76;285631297,93;357426305,35;
0215011;"Oława (1)";68867446,63;76267538,83;75341461,00;84853852,49;86917851,45;93224578,15;95202522,20;102640913,26;104392613,58;142254351,11;
0215022;"Domaniów (2)";7350215,81;7079945,02;7740302,28;8566236,97;10222225,47;14303159,91;11623232,69;14738719,99;16679271,57;15441514,49;
0215033;"Jelcz-Laskowice (3)";47503271,62;49965381,44;56804612,75;61393067,27;71141381,18;78219377,53;82226186,01;95305717,81;91381210,35;109255949,26;
0215042;"Oława (2)";41265293,03;39886861,99;40125250,85;49537620,03;51533417,09;60200534,21;67540281,79;69809275,70;73178202,43;90474490,49;
0216000;"Powiat polkowicki";256803519,32;250743898,42;291230246,30;294963179,87;317698434,11;323699492,91;338041412,79;416491672,18;406152734,44;456526634,98;
0216013;"Chocianów (3)";20305757,95;21354525,33;21751229,25;23881070,77;26457012,50;26171519,35;32031543,22;34157741,81;28561051,63;35610032,25;
0216022;"Gaworzyce (2)";7381149,47;5569623,29;5805082,21;6489376,90;6765334,44;10886228,07;10808603,18;11663556,64;10120738,05;15010620,49;
0216032;"Grębocice (2)";20151734,47;28573002,80;34337717,40;36029389,87;37488562,74;39320770,04;39164334,76;52812535,89;60539714,17;71966324,42;
0216043;"Polkowice (3)";183941816,54;168262988,20;200590952,70;196935275,10;212164954,30;207351632,68;218311189,87;273401681,62;268955099,69;287095075,92;
0216053;"Przemków (3)";10555502,10;10891247,34;11946511,88;12945615,73;14252777,34;16875984,72;16049470,21;18311310,99;14324452,70;18355173,70;
0216062;"Radwanice (2)";14467558,79;16092511,46;16798752,86;18682451,50;20569792,79;23093358,05;21676271,55;26144845,23;23651678,20;28489408,20;
0217000;"Powiat strzeliński";80934562,30;81949298,67;84792789,37;90208875,00;98220112,10;106582532,96;111403609,65;131493676,80;146509689,23;153513335,44;
0217012;"Borów (2)";7103344,34;8115054,49;7461741,83;7989188,98;8818387,95;11089182,28;11047260,04;14473064,92;12901214,16;12931865,43;
0217022;"Kondratowice (2)";8164479,34;7334567,04;7755208,65;8412761,69;8440342,37;9271155,13;9382049,73;14970266,62;12773902,83;13135136,36;
0217032;"Przeworno (2)";5560135,87;5425306,53;5151209,21;5484236,64;6165381,92;6586929,10;7546051,15;10643963,30;11416904,13;9124512,76;
0217043;"Strzelin (3)";49125609,06;49419479,39;51909841,69;55224681,46;60719925,99;63827523,16;66929831,04;71402350,66;83646036,14;92504713,41;
0217053;"Wiązów (3)";10980993,69;11654891,22;12514787,99;13098006,23;14076073,87;15807743,29;16498417,69;20004031,30;25771631,97;25817107,48;
0218000;"Powiat średzki";104986753,72;110915486,60;123427277,05;133322200,73;150890662,74;172178213,44;188106012,48;210600071,31;214431930,27;272937171,28;
0218012;"Kostomłoty (2)";11598856,67;10335174,72;11565261,60;12126286,64;14685016,57;17539313,66;16851045,09;20006150,91;20796933,89;23631334,38;
0218022;"Malczyce (2)";7575382,60;7773281,80;11477342,19;9491235,03;12930281,83;11118535,55;12249810,57;16352442,01;13862157,48;18338998,82;
0218032;"Miękinia (2)";33020271,66;35931780,70;39384490,29;48677098,77;55077967,86;61522153,44;71203425,51;77623225,79;;;
0218033;"Miękinia (3)";;;;;;;;;78421269,99;112562973,02;
0218043;"Środa Śląska (3)";43761864,65;48500775,26;52270800,77;54058411,92;58306866,81;65053199,77;73748171,19;77793559,00;83053126,86;99010973,64;
0218052;"Udanin (2)";9030378,14;8374474,12;8729382,20;8969168,37;9890529,67;16945011,02;14053560,12;18824693,60;18298442,05;19392891,42;
0219000;"Powiat świdnicki";322139153,90;329762741,62;364091045,43;403578919,08;416615265,38;472381880,80;531504497,52;539296749,05;580295832,66;628213188,51;
0219011;"Świdnica (1)";120170221,58;123790710,40;146724944,96;165494566,44;163023023,45;167343035,09;198005330,42;199589145,34;216423621,79;232167183,25;
0219021;"Świebodzice (1)";46791344,36;49164904,16;55511614,86;55608943,45;59673833,27;61617998,64;66698607,91;63876525,49;68104780,53;80559407,68;
0219032;"Dobromierz (2)";9886974,35;11910628,14;9587958,83;10501463,70;11168580,87;15826899,46;16525137,09;18550110,97;18182573,36;19206503,35;
0219043;"Jaworzyna Śląska (3)";16425173,56;16658392,75;17308464,64;18999995,86;21197519,25;32586915,40;33124231,71;30366108,48;31110381,17;30994801,06;
0219052;"Marcinowice (2)";10223489,50;10314192,62;10217853,28;11301441,34;12695656,44;23777551,14;16935912,23;22028966,58;21742818,32;19812605,69;
0219063;"Strzegom (3)";57830222,43;57249342,21;59090683,54;68128870,47;74002034,02;81417151,86;101341400,96;101566870,51;119620074,27;119824921,29;
0219072;"Świdnica (2)";29300663,57;30529087,81;34053423,76;36689598,33;40027701,64;52753729,20;54078384,50;56569790,77;57927779,59;69894368,69;
0219083;"Żarów (3)";31511064,55;30145483,53;31596101,56;36854039,49;34826916,44;37058600,01;44795492,70;46749230,91;47183803,63;55753397,50;
0220000;"Powiat trzebnicki";156031384,34;162346248,08;191383321,35;196533931,34;207065819,25;237853556,98;275697639,12;295596700,73;295063164,87;363875022,85;
0220013;"Oborniki Śląskie (3)";35815225,59;37874941,16;43610588,14;47742801,89;51610787,64;56297679,59;62623554,54;70489168,81;67665801,41;80360565,41;
0220023;"Prusice (3)";21192090,48;14985334,60;15216823,96;16515938,49;16984499,20;25904093,60;27508294,95;30032777,31;34345096,08;30408002,20;
0220033;"Trzebnica (3)";44248338,29;53725589,71;68880335,24;57534372,59;58882742,14;65479148,57;75790638,66;77581678,37;79358023,65;109115354,28;
0220042;"Wisznia Mała (2)";21659346,26;22545389,49;25460868,36;28654827,11;31207899,02;37396828,65;49062667,57;43635999,39;45914299,15;66868292,32;
0220052;"Zawonia (2)";8853691,73;9112382,57;11039536,91;14092193,48;18435596,75;20676705,47;20052156,66;23132784,32;20440215,08;27928971,34;
0220063;"Żmigród (3)";24262691,99;24102610,55;27175168,74;31993797,78;29944294,50;32099101,10;40660326,74;50724292,53;47339729,50;49193837,30;
0221000;"Powiat wałbrzyski";102743131,83;105220457,98;109005781,78;115957402,13;100735561,98;164242195,50;173103595,53;182582164,06;174902025,75;205992085,63;
0221011;"Boguszów-Gorce (1)";26619544,71;27592363,95;28067810,19;29113789,58;0,00;37191537,20;32875583,60;38110007,29;35483376,56;44595044,21;
0221021;"Jedlina-Zdrój (1)";8848238,93;9106943,41;8983967,63;10050238,92;10367513,68;11395237,27;19906595,28;15169230,33;18602621,29;16805620,81;
0221031;"Szczawno-Zdrój (1)";16461686,00;18677706,81;19005866,14;20328153,90;27353092,57;26163180,25;29524340,66;33028958,83;30640286,02;34086287,62;
0221042;"Czarny Bór (2)";10183885,30;10546753,02;11156799,36;11270005,00;13012175,83;21744566,81;18463237,36;16521983,89;15988742,28;17901720,99;
0221053;"Głuszyca (3)";10810696,75;10676881,38;11399934,42;12486844,28;13660933,89;17752879,63;20924765,72;19886629,61;23828116,88;32016038,50;
0221063;"Mieroszów (3)";14138078,79;13318001,16;13559566,57;14047080,95;16459521,05;26375467,86;25322092,75;27570889,82;23359858,76;29388158,74;
0221072;"Stare Bogaczowice (2)";5854185,68;5676137,13;6023080,35;6809036,36;6634120,59;8024998,80;8689811,24;12873287,13;10123928,74;13002443,57;
0221082;"Walim (2)";9826815,67;9625671,12;10808757,12;11852253,14;13248204,37;15594327,68;17397168,92;19421177,16;16875095,22;18196771,19;
0222000;"Powiat wołowski";90768241,55;86459553,43;97300565,81;103968294,85;120709437,21;127461059,69;161757254,76;150057809,90;148259681,07;179087182,72;
0222013;"Brzeg Dolny (3)";44667653,85;40098413,05;47730108,70;49506232,22;54023587,39;57024231,20;66319910,20;67191327,44;67861181,11;88297938,18;
0222022;"Wińsko (2)";10563547,66;10603890,32;11144958,12;12016667,17;19785598,18;16162131,30;15593146,06;18787156,89;18980291,20;21187766,30;
0222033;"Wołów (3)";35537040,04;35757250,06;38425498,99;42445395,46;46900251,64;54274697,19;79844198,50;64079325,57;61418208,76;69601478,24;
0223000;"Powiat wrocławski";412112338,26;442241447,27;500810433,82;557708499,58;626240382,03;731443377,99;794946585,32;862185237,41;917823081,61;1200596314,01;
0223012;"Czernica (2)";29252879,19;33820168,86;36986627,24;42274011,47;47848683,70;63794418,72;71072709,25;82746883,12;66737483,31;98215569,37;
0223022;"Długołęka (2)";67634643,56;80034328,45;90979677,29;106574984,02;119458203,39;126621597,91;143151841,78;161742257,08;161546414,47;212842879,43;
0223032;"Jordanów Śląski (2)";5362127,04;5481737,23;5725363,66;6384556,08;7202244,19;8151107,01;8692557,92;12723664,25;10917614,05;11644402,47;
0223043;"Kąty Wrocławskie (3)";70247072,50;71772056,61;84645276,23;90450474,25;96007072,62;121158282,82;127988068,94;140551624,37;166978359,33;211000335,23;
0223052;"Kobierzyce (2)";117595241,18;130237865,88;152350828,83;162733732,88;183871214,47;214886383,15;237939837,64;240759755,84;273069647,60;380394207,73;
0223062;"Mietków (2)";9212231,63;8704606,11;8576647,93;9042800,11;9698160,83;11979752,46;11522660,82;14206366,64;12817538,29;14219369,64;
0223073;"Sobótka (3)";24491096,57;26366317,06;29745276,76;33084880,64;35922668,11;44359334,15;41406981,05;43732818,58;47775448,05;51059616,72;
0223083;"Siechnice (3)";67194724,37;64273608,17;68070214,52;80356540,70;91548709,63;103163021,65;108807187,17;121880069,13;130626208,40;158289813,61;
0223092;"Żórawina (2)";21122322,22;21550758,90;23730521,36;26806519,43;34683425,09;37329480,12;44364740,75;43841798,40;47354368,11;62930119,81;
0224000;"Powiat ząbkowicki";106051788,72;110712405,21;107445931,69;119748051,72;132426056,70;170028956,43;167548160,31;187066002,24;189992399,65;223675264,18;
0224013;"Bardo (3)";8085936,73;9689881,95;9081932,24;11188364,96;12340556,45;18490842,02;15389632,72;18862698,59;14666530,61;23702163,54;
0224022;"Ciepłowody (2)";5003932,14;5590825,27;4721523,25;5697453,22;6707039,31;13633569,53;7732663,08;9310701,09;8646922,85;11038846,00;
0224032;"Kamieniec Ząbkowicki (2)";13899983,39;15214438,06;12489514,29;16882573,79;16944105,72;24144653,78;;;;;
0224033;"Kamieniec Ząbkowicki (3)";;;;;;;22589474,77;27682900,06;26233574,12;27811381,64;
0224042;"Stoszowice (2)";7487981,09;7262132,98;6792838,92;7435980,42;7894620,87;9411317,65;11897303,76;14278162,76;17338394,11;13560333,77;
0224053;"Ząbkowice Śląskie (3)";42527303,19;43387171,99;44564535,40;46353642,08;51439165,49;58174875,03;64058726,97;68052317,07;66910729,80;85899945,37;
0224063;"Ziębice (3)";23095397,88;23754132,18;24351688,95;26267442,64;30101077,18;34027721,30;36575732,26;37086477,92;43590246,81;48092298,13;
0224073;"Złoty Stok (3)";5951254,30;5813822,78;5443898,64;5922594,61;6999491,68;12145977,12;9304626,75;11792744,75;12606001,35;13570295,73;
0225000;"Powiat zgorzelecki";253295791,02;247497747,10;255464822,49;264344568,08;279674094,96;288591066,53;335933572,48;347658416,27;361155842,00;402879256,93;
0225011;"Zawidów (1)";7269488,78;7515649,22;7316158,74;7650212,33;8490116,54;10132807,00;9387781,87;12915107,75;13856717,39;12233932,42;
0225021;"Zgorzelec (1)";63648655,05;58912197,28;64540728,77;68739498,54;70694342,83;71811902,70;98001685,52;86276442,71;82708753,16;104644135,92;
0225033;"Bogatynia (3)";117145601,29;115587948,70;116006994,97;116287306,21;125135270,66;121236903,75;139427645,77;148745558,74;158942807,69;178393510,88;
0225043;"Pieńsk (3)";12920612,00;13557355,15;14471029,91;16202311,01;17639692,64;18617078,46;18970454,72;22064468,67;18786392,54;22676179,45;
0225052;"Sulików (2)";13852868,52;13892473,61;13326278,69;15716577,39;15250093,44;16410593,49;17775772,85;21138085,75;22070631,91;20370356,03;
0225063;"Węgliniec (3)";14286277,69;13174163,00;13265957,31;15883580,72;16353804,26;20600188,40;20805582,01;22072621,05;24624937,97;23448180,06;
0225072;"Zgorzelec (2)";24172287,69;24857960,14;26537674,10;23865081,88;26110774,59;29781592,73;31564649,74;34446131,60;40165601,34;41112962,17;
0226000;"Powiat złotoryjski";80176571,39;81321580,71;85527847,20;91210237,44;94435599,00;105292721,78;114636079,66;132512416,30;125832826,70;144485780,23;
0226011;"Wojcieszów (1)";7070639,79;6743581,58;7131473,59;7907125,48;7808351,17;9389171,56;8901574,35;13758508,69;11241581,30;11014481,54;
0226021;"Złotoryja (1)";31966442,10;32474905,96;36604978,64;37235446,66;38873219,81;42570930,35;49464541,13;50468283,43;51687338,72;57532946,47;
0226032;"Pielgrzymka (2)";7106323,41;6920164,56;6737512,76;7626303,31;7628527,10;10439488,57;11150811,74;13924148,46;13864377,85;14467936,13;
0226043;"Świerzawa (3)";10802752,28;10078967,35;10438306,36;13347513,47;12133224,87;12207671,48;15385981,27;17821342,67;16348059,99;18045096,39;
0226052;"Zagrodno (2)";10266572,11;10468434,02;11657709,05;10870617,35;11010332,28;14762769,85;12584805,96;15900105,72;13726664,82;16856604,02;
0226062;"Złotoryja (2)";12963841,70;14635527,24;12957866,80;14223231,17;16981943,77;15922689,97;17148365,21;20640027,33;18964804,02;26568715,68;
0261000;"Powiat m. Jelenia Góra";189381806,26;205274108,45;212632565,49;220295729,39;233982559,26;238394611,28;285286191,80;280045639,37;292758058,75;387257660,11;
0261011;"Jelenia Góra (1)";189381806,26;205274108,45;212632565,49;220295729,39;233982559,26;238394611,28;285286191,80;280045639,37;292758058,75;387257660,11;
0262000;"Powiat m. Legnica";258345862,79;249590793,41;272938741,69;291466048,59;324578319,36;345933360,82;392191784,11;367247299,43;416774797,23;471341281,74;
0262011;"Legnica (1)";258345862,79;249590793,41;272938741,69;291466048,59;324578319,36;345933360,82;392191784,11;367247299,43;416774797,23;471341281,74;
0264000;"Powiat m. Wrocław";2697636777,29;2840414300,85;2969823646,51;3174794200,93;3353248953,04;3295383601,93;4058271091,80;4210163081,85;4501331168,82;5412035593,69;
0264011;"Wrocław (1)";2697636777,29;2840414300,85;2969823646,51;3174794200,93;3353248953,04;3295383601,93;4058271091,80;4210163081,85;4501331168,82;5412035593,69;
0265000;"Powiat m. Wałbrzych od 2013";337429261,47;308362394,55;307129592,70;336136113,32;345485520,23;357931216,57;384882643,87;404100125,54;420187228,52;504081955,87;
0265011;"Wałbrzych od 2013 (1)";337429261,47;308362394,55;307129592,70;336136113,32;345485520,23;357931216,57;384882643,87;404100125,54;420187228,52;504081955,87;
0400000;"KUJAWSKO-POMORSKIE";4267806731,08;4328368599,82;4608126544,48;4992773563,58;5440249522,67;5695491607,69;6272455397,20;6867580220,46;6864875965,73;8201818724,43;
0401000;"Powiat aleksandrowski";93963494,56;87720454,89;98302959,69;101168024,68;110502745,41;127100013,27;139612609,11;164819787,68;151591106,38;176394545,45;
0401011;"Aleksandrów Kujawski (1)";17434400,96;16043834,32;16893385,28;18193501,99;22758548,96;23240840,46;34594044,17;30494339,31;31087066,56;34306733,84;
0401021;"Ciechocinek (1)";31138171,49;27548590,93;31723263,92;32493346,49;32246564,72;31774701,35;37900315,40;40958077,15;42576098,33;50140417,60;
0401031;"Nieszawa (1)";2996709,06;3657720,61;6470331,09;4252368,80;3861400,25;5492711,69;5465672,20;10268160,12;8054921,77;10865255,97;
0401042;"Aleksandrów Kujawski (2)";11749127,21;12645482,88;13418399,52;15388554,40;17542693,80;20291416,74;24048290,41;26245769,00;25336005,99;31842286,04;
0401052;"Bądkowo (2)";7683513,97;6162789,63;6543522,26;6597428,88;7281048,96;9769115,17;8533752,99;12954474,63;9671002,40;10739003,75;
0401062;"Koneck (2)";3414601,14;3402400,32;3774948,22;3952839,21;6542325,16;11409183,94;6029645,07;10891963,92;8106822,09;8444234,62;
0401072;"Raciążek (2)";4752965,14;4796567,36;4720946,21;5735735,47;4869937,05;6127641,24;5361479,07;8327871,21;6222616,45;7546710,58;
0401082;"Waganiec (2)";7934261,91;6430868,55;7298496,74;6927406,93;7942064,89;8548621,89;9129861,06;12890392,90;11847392,01;12734093,23;
0401092;"Zakrzewo (2)";6859743,68;7032200,29;7459666,45;7626842,51;7458161,62;10445780,79;8549548,74;11788739,44;8689180,78;9775809,82;
0402000;"Powiat brodnicki";122475437,19;117517326,46;126865002,79;143735940,72;151532616,49;170983415,08;182240880,47;218918997,49;221040496,84;245129372,13;
0402011;"Brodnica (1)";62649385,82;55958487,76;57215525,80;68438314,89;69803255,55;72757983,61;80711405,65;83749877,22;90593942,18;104494560,17;
0402022;"Bobrowo (2)";6690662,18;7205562,10;7416490,11;9922558,80;9689057,69;12245536,28;10912396,75;17327284,45;20037495,36;15890951,55;
0402032;"Brodnica (2)";11724144,40;12983866,40;14428771,46;15747266,51;18707206,20;24225197,68;24218962,29;26207372,93;34138455,28;37462123,24;
0402042;"Brzozie (2)";3766241,30;4332800,50;6523223,31;4854133,21;5502726,85;7515175,13;6276303,03;10362661,14;8601388,21;8804832,34;
0402053;"Górzno (3)";6366080,13;4810656,22;5026894,98;5677911,75;6701494,07;8496288,63;8311769,95;10430357,25;8686693,51;10327862,27;
0402062;"Bartniczka (2)";5942774,66;6093384,00;7573132,65;7119424,55;8294133,87;8271609,87;10009739,61;13869891,08;11853246,09;13169561,34;
0402073;"Jabłonowo Pomorskie (3)";11630413,56;12012975,67;12383901,06;13667619,10;13594878,23;14782483,31;18878771,98;19044683,84;18542074,67;20521897,29;
0402082;"Osiek (2)";4081041,16;4336642,32;4747699,28;5234434,23;6178015,16;6835764,70;8142051,37;13192413,19;9926030,14;10533558,38;
0402092;"Świedziebnia (2)";3742884,53;3963100,67;4197093,88;4777964,75;5696071,25;6507378,26;6126412,10;11885945,45;8517745,72;11153634,49;
0402102;"Zbiczno (2)";5881809,45;5819850,82;7352270,26;8296312,93;7365777,62;9345997,61;8653067,74;12848510,94;10143425,68;12770391,06;
0403000;"Powiat bydgoski";255539391,57;267431353,26;282038711,33;319467396,98;351555348,69;373277901,24;430581640,64;447281243,74;459019928,52;565547809,31;
0403012;"Białe Błota (2)";50574328,72;50405636,32;55270759,21;61928773,60;72152266,19;71562480,89;87399469,59;91576885,50;96013955,31;128191976,07;
0403022;"Dąbrowa Chełmińska (2)";12525116,87;13526644,63;14274778,51;16677614,89;17640553,50;20442677,79;21999320,64;25273083,40;27134728,82;28535623,91;
0403032;"Dobrcz (2)";15632176,41;16334302,49;17973993,99;25223529,05;23507380,67;26246144,89;28988098,24;33186188,38;34413216,24;38353339,63;
0403043;"Koronowo (3)";37626860,88;40613017,11;44118558,28;52416822,96;55343147,72;54901071,32;63888821,39;64738130,73;67278776,08;74918696,97;
0403052;"Nowa Wieś Wielka (2)";20547824,73;25911958,07;27166646,14;27408713,39;28306548,57;37343087,32;36731228,05;39677357,44;42465785,67;51815054,95;
0403062;"Osielsko (2)";44988984,59;50210882,06;57926061,81;61792454,55;73572220,08;71268245,74;92512800,18;91170875,29;86997771,32;117957830,53;
0403072;"Sicienko (2)";15931356,84;16606722,29;18499104,84;20523703,26;27429526,30;30316895,29;33614746,49;34394267,76;33812819,82;46586762,41;
0403083;"Solec Kujawski (3)";57712742,53;53822190,29;46808808,55;53495785,28;53603705,66;61197298,00;65447156,06;67264455,24;70902875,26;79188524,84;
0404000;"Powiat chełmiński";69046581,59;68006257,17;75225738,86;81400167,29;89211256,84;100921451,29;114109543,92;133132566,90;135035741,89;138811627,26;
0404011;"Chełmno (1)";27596600,96;28586558,89;31719965,42;33518956,93;36493201,00;38959237,91;46321367,95;48387626,16;55583701,17;54112350,21;
0404022;"Chełmno (2)";5124103,97;5943062,27;5925489,21;6594522,69;6979893,68;9241431,22;10485082,20;12355559,10;11344321,39;13397332,41;
0404032;"Kijewo Królewskie (2)";6251342,15;6115653,61;6096187,92;6949030,48;7637047,91;10294298,80;8285639,07;12806457,80;10914795,57;12566407,34;
0404042;"Lisewo (2)";6737838,30;7209422,34;8627452,34;8963342,71;9951506,17;10366979,24;15133944,36;15559995,15;13482416,68;17257585,39;
0404052;"Papowo Biskupie (2)";6074127,04;4609942,84;4887268,64;5462757,62;6027596,49;6757653,52;7853576,43;11499621,42;11445520,39;9927652,71;
0404062;"Stolno (2)";7666055,40;7064874,42;9113240,36;9898243,77;11581375,10;11670576,96;12490715,75;15623599,31;16474236,20;15757785,94;
0404072;"Unisław (2)";9596513,77;8476742,80;8856134,97;10013313,09;10540636,49;13631273,64;13539218,16;16899707,96;15790750,49;15792513,26;
0405000;"Powiat golubsko-dobrzyński";69175343,94;64926032,62;74817733,95;77077359,98;81421381,80;90612647,51;105279813,11;122260243,20;113901137,99;132472140,28;
0405011;"Golub-Dobrzyń (1)";21682007,79;22016273,51;22589140,33;23400368,47;25156516,32;25640473,57;31737630,46;33084492,80;35801162,16;41530594,28;
0405022;"Ciechocin (2)";6754022,35;5477476,55;6680852,79;6167241,67;7110563,64;7541321,91;8057583,04;12443289,06;8950413,72;11756819,66;
0405032;"Golub-Dobrzyń (2)";13685811,89;10189365,35;11500719,89;15299420,51;15453571,71;16182408,06;21176727,90;23646655,56;18448072,18;25114434,56;
0405043;"Kowalewo Pomorskie (3)";16764426,62;17625603,00;24453313,39;19635934,28;21292903,55;27033949,07;27781871,82;31140549,10;33333000,83;34429118,02;
0405052;"Radomin (2)";5750432,15;4582468,74;4694270,61;6369439,43;6165221,70;6557890,49;8978913,80;11027606,80;8359932,52;9244437,87;
0405062;"Zbójno (2)";4538643,14;5034845,47;4899436,94;6204955,62;6242604,88;7656604,41;7547086,09;10917649,88;9008556,58;10396735,89;
0406000;"Powiat grudziądzki";67015847,59;72170774,92;82220256,48;79775419,88;92696727,64;96936821,75;115293102,21;142968478,11;133433452,33;150350032,15;
0406012;"Grudziądz (2)";26281929,54;27359497,82;29309765,33;30657924,78;37330152,08;39864909,12;49283615,57;50356864,31;56763834,31;58064030,47;
0406022;"Gruta (2)";8136959,73;8965816,39;9220372,93;9842310,38;10826919,36;11148645,07;15563765,28;18639546,65;16534520,01;22521399,00;
0406033;"Łasin (3)";11716531,85;12921899,33;11918003,72;12183943,62;17120435,93;17213282,39;17298479,07;23241894,53;21536569,12;25682973,72;
0406043;"Radzyń Chełmiński (3)";9791869,10;11653051,06;16111609,24;13467372,19;14371027,08;14583838,89;14702188,83;22733443,20;19027227,73;19289096,26;
0406052;"Rogóźno (2)";4670707,30;5040427,26;5208232,41;5675004,39;5740472,32;6679015,56;6876832,92;11237239,70;9139266,67;10748952,62;
0406062;"Świecie nad Osą (2)";6417850,07;6230083,06;10452272,85;7948864,52;7307720,87;7447130,72;11568220,54;16759489,72;10432034,49;14043580,08;
0407000;"Powiat inowrocławski";324895472,55;307764153,59;322735511,99;361740048,12;417686273,67;412415778,99;445607175,16;480018214,58;494464145,17;584280724,04;
0407011;"Inowrocław (1)";174761373,38;153050480,23;164395989,26;194494467,04;231429285,08;204873559,08;217745193,54;225587564,42;231245824,24;278737398,42;
0407022;"Dąbrowa Biskupia (2)";7699132,46;7226380,73;7454446,90;8626243,72;9898289,18;9628121,16;10733310,48;13790727,81;11813804,17;13723491,08;
0407033;"Gniewkowo (3)";21297284,24;22055523,73;21954557,74;23463795,87;24790749,72;28867222,67;34039267,35;40395779,91;35962233,78;38813771,45;
0407042;"Inowrocław (2)";27246346,16;28828608,60;31258319,17;28263860,39;30517236,48;33346250,09;36282495,32;39475132,92;48105167,83;58906390,34;
0407053;"Janikowo (3)";27165231,26;27930173,03;27708154,13;31992065,03;34441148,35;35712464,13;43617427,44;45887278,84;54340742,96;58802466,27;
0407063;"Kruszwica (3)";31061009,02;33694005,67;31890975,39;35889370,89;43236888,25;45584098,23;51364540,22;50126121,59;50599901,86;60385919,01;
0407073;"Pakość (3)";18922351,67;17482090,28;17690765,89;18970634,07;20113883,69;24687595,30;23671218,87;27877428,33;27957743,35;34019133,08;
0407082;"Rojewo (2)";6413573,50;6710018,87;7580847,17;8192743,93;8780441,92;10883413,77;11152502,85;15400159,99;11478547,59;14977825,13;
0407092;"Złotniki Kujawskie (2)";10329170,86;10786872,45;12801456,34;11846867,18;14478351,00;18833054,56;17001219,09;21478020,77;22960179,39;25914329,26;
0408000;"Powiat lipnowski";88102062,26;83751277,81;87540577,94;92626659,26;106260817,57;120540290,18;121751855,45;163069365,79;150104532,21;162300570,59;
0408011;"Lipno (1)";19584154,70;20012837,20;20621302,60;21865375,04;23965528,95;26734443,60;27909070,47;30869215,80;38689452,71;37177764,13;
0408022;"Bobrowniki (2)";4119115,84;4089407,13;4553311,09;5197947,57;5124426,95;6549540,93;7926978,21;10800576,30;8981281,91;;
0408023;"Bobrowniki (3)";;;;;;;;;;10488711,28;
0408032;"Chrostkowo (2)";3691264,55;4858056,62;3781974,11;4675327,69;4715142,76;7269086,91;5585273,98;9729695,20;7517256,02;8793027,85;
0408043;"Dobrzyń nad Wisłą (3)";9770911,26;10686767,92;11388924,11;11453267,20;13785881,98;15157671,31;13565950,11;19197741,07;17695423,43;17530689,27;
0408052;"Kikół (2)";9993423,51;7102549,55;7974186,61;8530900,58;9938731,94;10084193,64;11350368,61;18088543,97;13436853,89;;
0408053;"Kikół (3)";;;;;;;;;;14585854,86;
0408062;"Lipno (2)";14118950,89;11691545,67;12816160,60;13836556,57;18432445,35;18903711,57;19094506,41;26375056,58;23938176,36;26100727,96;
0408073;"Skępe (3)";10287036,09;10495599,85;11728191,67;11536874,66;13009057,22;15949516,34;16033148,52;18581015,60;17220166,59;20815325,64;
0408082;"Tłuchowo (2)";5987026,41;6414771,60;6304710,61;7080533,42;7952532,25;9086202,84;8936290,66;12311915,85;10826921,95;12563950,34;
0408092;"Wielgie (2)";10550179,01;8399742,27;8371816,54;8449876,53;9337070,17;10805923,04;11350268,48;17115605,42;11798999,35;14244519,26;
0409000;"Powiat mogileński";73475004,22;74811034,22;79476888,00;82780545,07;99127241,71;107384500,99;117263068,78;135120228,13;135824777,56;144285258,61;
0409012;"Dąbrowa (2)";6206135,41;6488516,07;7386926,19;7793903,83;8592099,62;9570609,16;9514705,51;12820818,23;11317025,28;11759921,04;
0409022;"Jeziora Wielkie (2)";6171479,07;6430303,86;6537876,75;6976207,68;9019063,61;12359733,16;7769140,36;13345887,17;9535849,46;10825375,43;
0409033;"Mogilno (3)";43022590,12;43828191,85;46768063,47;48023259,65;59393165,63;62803281,82;70842651,52;76117376,66;85468589,79;89778700,71;
0409043;"Strzelno (3)";18074799,62;18064022,44;18784021,59;19987173,91;22122912,85;22650876,85;29136571,39;32836146,07;29503313,03;31921261,43;
0410000;"Powiat nakielski";118378663,26;119404211,29;131830056,09;141388172,10;163856805,72;175126174,90;195390626,54;208270629,34;206929123,04;251778982,60;
0410013;"Kcynia (3)";16220373,29;15884202,26;17523000,35;17143660,02;19589232,14;22092490,15;24000315,19;28775498,72;26561976,79;29817444,41;
0410023;"Mrocza (3)";9649035,92;9453861,34;10883942,01;13315206,96;15253956,95;20239923,63;20114311,77;20193031,45;18615901,96;24718639,63;
0410033;"Nakło nad Notecią (3)";50945211,67;50086184,36;54915733,54;57850986,10;64886470,16;68728371,08;74736047,62;81555426,77;81622960,38;104089482,45;
0410042;"Sadki (2)";8173147,13;8571569,14;9187221,45;9291498,60;12277441,10;12345235,83;17916404,00;16946356,74;15070158,32;19485120,98;
0410053;"Szubin (3)";33390895,25;35408394,19;39320158,74;43786820,42;51849705,37;51720154,21;58623547,96;60800315,66;65058125,59;73668295,13;
0411000;"Powiat radziejowski";46431941,15;57791762,82;62881439,58;59852792,01;66024238,69;81306000,78;82800897,97;112019999,91;96770167,60;117542970,06;
0411011;"Radziejów (1)";10455679,49;11661557,42;10937116,49;12178022,28;13096009,88;14117204,26;15454971,32;18447661,51;16524269,21;26755846,99;
0411022;"Bytoń (2)";2676444,58;3707235,01;4053849,38;4162150,56;5000741,33;8120695,03;6968943,07;10200707,74;7368140,26;11701385,50;
0411032;"Dobre (2)";6063632,28;6975774,02;6932741,86;7734287,58;9150355,80;10709433,19;11491667,32;15377453,47;13525052,70;15820252,56;
0411042;"Osięciny (2)";6463288,11;6880385,52;7237973,26;8114065,17;9280598,72;12097815,23;11587994,90;15338929,77;14671540,17;13065959,20;
0411053;"Piotrków Kujawski (3)";10340048,82;14641240,70;14417587,55;12113758,34;13645939,15;15666079,63;18066507,59;20636402,10;22008949,42;24638698,37;
0411062;"Radziejów (2)";5671528,03;8738679,23;13564535,53;9900405,48;9193701,24;10817496,53;11006492,16;20543722,18;13685521,79;15732185,54;
0411072;"Topólka (2)";4761319,84;5186890,92;5737635,51;5650102,60;6656892,57;9777276,91;8224321,61;11475123,14;8986694,05;9828641,90;
0412000;"Powiat rypiński";59854957,00;59936199,51;63758499,29;69884830,72;77258487,36;88849654,74;95938343,97;116762164,68;102467021,70;113012071,41;
0412011;"Rypin (1)";30601176,43;31664031,94;33617012,78;37958352,94;40006365,71;45765491,93;44399891,58;49409532,69;49572733,74;54827657,82;
0412022;"Brzuze (2)";5099837,55;4629029,53;4825394,68;5653256,82;5941785,89;7738168,88;10472085,43;15699711,76;9019987,97;8622862,07;
0412032;"Rogowo (2)";5429191,38;5463152,55;5224507,45;5478983,86;5766384,48;7614610,86;6909661,57;10700219,98;8794977,75;9764340,94;
0412042;"Rypin (2)";11058756,54;9668409,58;11136847,67;11400961,64;13223140,95;15256939,03;19373594,33;20782107,79;19143065,20;20390062,62;
0412052;"Skrwilno (2)";4700412,23;5275699,58;5113643,41;5401562,08;7267696,75;6336267,42;8347561,03;10458445,20;10541659,92;12272410,15;
0412062;"Wąpielsk (2)";2965582,87;3235876,33;3841093,30;3991713,38;5053113,58;6138176,62;6435550,03;9712147,26;5394597,12;7134737,81;
0413000;"Powiat sępoleński";60249015,08;53442023,87;57571711,27;69879625,76;73762355,92;76439368,23;84277416,42;103180307,71;98948922,14;107776866,37;
0413013;"Kamień Krajeński (3)";8543454,40;9137508,93;8982354,95;12134361,97;11178653,21;11124175,71;11619630,73;17700788,47;14538347,19;14042361,73;
0413023;"Sępólno Krajeńskie (3)";29877135,00;24206355,44;27086455,70;32645497,98;34535001,33;35234483,95;39731967,84;44667823,35;49188487,91;50354590,39;
0413032;"Sośno (2)";5287266,36;4508374,75;5340272,45;6989997,04;8450062,68;7311744,48;7631658,62;12426990,81;9078723,21;10963137,06;
0413043;"Więcbork (3)";16541159,32;15589784,75;16162628,17;18109768,77;19598638,70;22768964,09;25294159,23;28384705,08;26143363,83;32416777,19;
0414000;"Powiat świecki";175012901,84;182443175,01;187716346,75;203969819,69;235583261,01;270696889,22;286454032,69;326222371,75;331672609,17;379149445,42;
0414012;"Bukowiec (2)";7351216,27;6892433,13;8605616,65;10519147,49;11391902,83;12026700,97;13175672,75;17595854,25;15104894,33;17104037,40;
0414022;"Dragacz (2)";11243510,21;11025709,55;11171946,41;12605149,10;14068495,21;16863991,76;23198991,18;23153199,67;21574985,97;23510999,59;
0414032;"Drzycim (2)";6895615,16;6955332,08;6917283,46;7586124,34;8095145,01;14044785,37;9936838,34;12950731,47;12475003,56;14403027,12;
0414042;"Jeżewo (2)";9979989,47;8785672,66;9354069,87;10476990,35;11516408,78;21623720,99;17312685,40;20623468,15;19500743,62;22351446,77;
0414052;"Lniano (2)";6468429,20;6042539,81;5929367,70;6035397,00;6420441,94;11101693,51;9916761,32;12535316,47;10539600,11;11913750,45;
0414063;"Nowe (3)";12175743,63;11928501,39;13744809,33;14788484,96;15427352,68;19219895,85;21625541,42;22751861,66;22130707,29;28036201,25;
0414072;"Osie (2)";9159801,24;10295836,85;11128003,69;13543143,19;12882130,84;12810580,29;15062820,01;18052678,58;17660102,31;20013169,26;
0414082;"Pruszcz (2)";10507082,62;12132359,80;12334191,49;13218630,45;15268636,14;17398857,03;22498185,24;;;;
0414083;"Pruszcz (3)";;;;;;;;22369999,55;24431177,67;30401654,52;
0414093;"Świecie (3)";86763288,97;95468829,44;94291127,86;100504672,77;120103753,40;119819180,87;132064691,03;149578465,82;166870727,55;186927725,80;
0414102;"Świekatowo (2)";4751435,21;3986149,62;4848630,15;4534814,30;6867592,13;10489672,30;6202979,76;9302453,53;6483303,93;7528209,59;
0414112;"Warlubie (2)";9716789,86;8929810,68;9391300,14;10157265,74;13541402,05;15297810,28;15458866,24;17308342,60;14901362,83;16959223,67;
0415000;"Powiat toruński";181761941,98;179806272,67;196642526,69;212651354,14;239213746,24;272790599,31;289964965,90;326528787,34;327231923,38;391428447,13;
0415011;"Chełmża (1)";22190750,90;22375138,50;24492559,63;26371241,94;30105732,86;33633079,44;33458859,05;35694153,97;36975722,00;39780239,58;
0415022;"Chełmża (2)";14185205,96;12905327,71;14090054,27;14724528,25;16757104,42;23384158,38;20793037,53;30458329,53;23113214,34;24925639,71;
0415032;"Czernikowo (2)";7728322,21;8661798,56;9366437,63;10251317,03;10792432,73;14184381,11;19708847,22;20364381,41;22273010,52;31079875,94;
0415042;"Lubicz (2)";34069629,36;36331109,61;39252273,17;43016696,18;49093705,47;52001661,83;57796945,33;64517688,47;67536790,04;80919573,36;
0415052;"Łubianka (2)";11362835,45;11501414,66;11746991,79;14263062,51;19799268,91;22625024,54;21777597,56;25487316,78;23587078,51;23601530,01;
0415062;"Łysomice (2)";28811232,44;26925256,62;28668176,02;29179494,84;31838763,17;36779327,56;38384198,23;40382524,74;40456707,86;49519533,01;
0415072;"Obrowo (2)";21044121,98;23363875,16;25701183,65;28224282,92;33002607,75;37081860,45;41712808,48;45646209,09;46169263,89;58759189,91;
0415082;"Wielka Nieszawka (2)";16629512,25;17349696,70;20847626,91;20499210,31;18414268,97;19249916,72;20412360,50;23778560,23;24742169,51;28792139,70;
0415092;"Zławieś Wielka (2)";25740331,43;20392655,15;22477223,62;26121520,16;29409861,96;33851189,28;35920312,00;40199623,12;42377966,71;54050725,91;
0416000;"Powiat tucholski";70242220,18;62974300,07;68004618,64;85100802,58;94019319,49;110367548,44;112548267,10;132983542,98;123839418,08;145254149,41;
0416012;"Cekcyn (2)";9326207,65;8256037,93;9428884,09;13518129,76;12650812,90;13016517,00;17783437,64;19311444,91;19755289,43;20959335,04;
0416022;"Gostycyn (2)";7749160,90;6083267,63;6994700,98;7934152,59;8377174,50;12509631,89;12440037,03;13129742,31;13514905,16;23566557,05;
0416032;"Kęsowo (2)";8645622,36;4701353,31;4486439,43;4717141,61;4883468,23;9559875,09;6783771,63;10201684,29;8426071,10;8605123,79;
0416042;"Lubiewo (2)";9023115,61;7610373,58;7601374,56;10877341,08;10991898,21;15460817,66;15699135,24;16570099,36;15879073,06;16836406,61;
0416052;"Śliwice (2)";8825211,23;7113250,25;7001392,65;11422398,73;11990059,27;15706011,55;14464881,31;18595145,19;19496335,01;20094831,50;
0416063;"Tuchola (3)";26672902,43;29210017,37;32491826,93;36631638,81;45125906,38;44114695,25;45377004,25;55175426,92;46767744,32;55191895,42;
0417000;"Powiat wąbrzeski";54480289,88;55810927,15;57710615,93;60959980,09;75795308,85;75307540,59;99079148,40;112375375,91;95513746,54;121504095,29;
0417011;"Wąbrzeźno (1)";25559603,62;26106480,22;27982825,24;28497042,00;32819425,08;31965229,24;39567621,21;41397433,55;38055240,32;55250968,93;
0417022;"Dębowa Łąka (2)";3876524,22;4398386,16;4440226,04;5012645,00;5472558,45;8032373,62;10359583,93;12488544,49;10255589,15;10627105,17;
0417032;"Książki (2)";5265481,56;5294875,91;5542626,72;6251781,68;10259359,31;7087444,66;12476855,49;15807814,80;10382925,27;11734509,71;
0417042;"Płużnica (2)";8483668,21;9182311,45;8746132,12;9627174,19;10526475,07;12307630,22;16438682,03;20379161,81;16394634,97;18683115,72;
0417052;"Ryńsk (2)";11295012,27;10828873,41;10998805,81;11571337,22;16717490,94;15914862,85;20236405,74;22302421,26;20425356,83;25208395,76;
0418000;"Powiat włocławski";121824699,47;116884157,14;129200536,09;138745822,63;167811729,35;189707375,67;219745348,45;261435298,83;255636715,95;295909760,07;
0418011;"Kowal (1)";6697111,50;5555662,66;6472848,08;6464381,39;6893688,46;8081864,71;11822924,51;13216552,72;11115042,87;13266363,16;
0418022;"Baruchowo (2)";7102115,90;4401181,24;6123935,36;4687025,43;6408202,74;7559964,38;8181975,20;14447585,98;10503132,44;10846946,10;
0418032;"Boniewo (2)";4902007,23;3887244,35;2870191,25;3568153,63;4885327,78;5788648,57;4705583,74;8413908,14;6613481,40;10743687,50;
0418043;"Brześć Kujawski (3)";18439152,31;20522584,20;22019685,03;24420134,28;30549769,69;35236807,15;35657336,85;43887935,29;61320051,38;67980150,82;
0418052;"Choceń (2)";7606674,72;8030049,89;8508318,19;9796753,13;11112417,92;13182258,90;19668845,94;18132787,43;20352213,99;23092843,60;
0418063;"Chodecz (3)";6341789,01;7113701,14;7864687,91;9400165,58;10243523,65;12163759,53;14854796,08;17971806,55;14929426,30;16974160,60;
0418072;"Fabianki (2)";16190934,73;17223667,79;18054293,55;20148844,77;22501038,96;23292737,41;25561914,02;26488599,11;25873445,75;34747359,54;
0418083;"Izbica Kujawska (3)";8851272,64;6953169,02;7125483,74;7425397,03;9028276,52;13812162,45;11950040,54;17295122,29;14410746,56;16053862,92;
0418092;"Kowal (2)";5961512,94;4004215,23;4968601,37;4976857,08;6341715,53;7023754,54;7890077,47;9861094,94;9085270,00;11910929,61;
0418102;"Lubanie (2)";8583039,08;9362028,43;8892463,05;11358464,54;10330691,95;12729815,49;15514943,24;17769870,13;14496565,33;18655434,32;
0418113;"Lubień Kujawski (3)";8115345,40;8291873,52;12860183,23;10960109,74;18760662,91;17386833,76;25354591,10;28652159,92;20608470,66;19558684,03;
0418123;"Lubraniec (3)";11581785,31;9707979,55;10516294,15;11283353,30;13237163,41;14786469,11;16543747,05;21701880,39;21389053,87;23477387,92;
0418132;"Włocławek (2)";11451958,70;11830800,12;12923551,18;14256182,73;17519249,83;18662299,67;22038572,71;23595995,94;24939815,40;28601949,95;
0419000;"Powiat żniński";116679542,59;118980077,23;125099909,41;139028517,30;147539031,93;166371583,91;186541361,51;206195312,91;197523186,08;241664948,20;
0419013;"Barcin (3)";36172462,35;37737251,88;38506768,76;41507759,01;43173370,22;49640972,31;62603229,44;59765680,63;66705576,76;81391739,12;
0419022;"Gąsawa (2)";8744658,90;8560230,57;9164573,06;10000887,40;11387272,05;12090409,38;13595807,19;17289826,01;14371446,26;;
0419023;"Gąsawa (3)";;;;;;;;;;15951311,06;
0419033;"Janowiec Wielkopolski (3)";10992668,63;10110277,83;12462337,06;13640957,48;15227402,85;13756610,27;15359346,69;19752912,77;16600356,53;18987505,78;
0419043;"Łabiszyn (3)";11171156,89;12152583,20;12422458,86;13681892,10;15574098,45;17585442,15;19879625,15;24155591,06;21402710,62;26557824,45;
0419052;"Rogowo (2)";9783742,22;9116533,80;10030732,02;12944308,80;13894095,10;15149334,15;20470673,09;22790744,11;17582075,15;22761471,58;
0419063;"Żnin (3)";39814853,60;41303199,95;42513039,65;47252712,51;48282793,26;58148815,65;54632679,95;62440558,33;60861020,76;76015096,21;
0461000;"Powiat m. Bydgoszcz";1002602576,08;1065466425,81;1130907349,99;1216128970,70;1275387360,68;1226617477,11;1338576167,65;1407793038,31;1429605577,44;1760137923,69;
0461011;"Bydgoszcz (1)";1002602576,08;1065466425,81;1130907349,99;1216128970,70;1275387360,68;1226617477,11;1338576167,65;1407793038,31;1429605577,44;1760137923,69;
0462000;"Powiat m. Grudziądz";204851283,63;227058979,95;235119784,24;263164502,70;300589579,17;263476798,34;313393742,36;324644086,09;318980506,88;380261091,72;
0462011;"Grudziądz (1)";204851283,63;227058979,95;235119784,24;263164502,70;300589579,17;263476798,34;313393742,36;324644086,09;318980506,88;380261091,72;
0463000;"Powiat m. Toruń";571738999,42;571353463,49;611299397,77;648325990,19;654406842,89;705869206,33;769335803,41;788733768,76;846889651,42;1050218107,90;
0463011;"Toruń (1)";571738999,42;571353463,49;611299397,77;648325990,19;654406842,89;705869206,33;769335803,41;788733768,76;846889651,42;1050218107,90;
0464000;"Powiat m. Włocławek";320009064,05;312917958,87;321160371,71;343920820,99;369007045,55;392392569,82;426669585,98;432846410,32;438452077,42;546607785,34;
0464011;"Włocławek (1)";320009064,05;312917958,87;321160371,71;343920820,99;369007045,55;392392569,82;426669585,98;432846410,32;438452077,42;546607785,34;
0600000;"LUBELSKIE";3219110491,75;3364493370,11;3515835882,50;3846587940,28;4312366445,70;4702924945,09;4829953512,75;5683877665,81;5373123092,82;6435256687,76;
0601000;"Powiat bialski";125778675,90;133305113,55;134394099,38;152256836,88;167060809,71;187010806,82;202503047,12;264875316,23;250154402,11;283214104,68;
0601011;"Międzyrzec Podlaski (1)";22870485,29;24956659,33;25371274,14;27135402,65;31689916,52;33357081,15;35669980,31;39062841,59;52982363,58;61318355,82;
0601021;"Terespol (1)";8902183,36;8090275,99;8280742,15;9016605,83;9694238,57;10677034,86;11837157,20;14267641,21;12428603,62;13464919,19;
0601032;"Biała Podlaska (2)";12394773,78;15515614,80;14283805,04;17910156,44;20111894,66;24153889,49;24569914,14;29195528,43;33270715,42;38562866,56;
0601042;"Drelów (2)";3956070,93;4141822,69;4338418,09;5562954,34;7165525,27;6258191,70;6928837,50;10957869,50;8293860,28;9053193,26;
0601052;"Janów Podlaski (2)";7115600,37;6347780,83;6547308,00;7666344,47;9786797,01;11261409,02;9915600,44;14198613,12;13610972,10;12889374,20;
0601062;"Kodeń (2)";3793150,54;3768618,01;4359403,08;4074849,93;4649743,83;5158107,55;5414494,98;9291840,47;8979977,09;7013362,85;
0601072;"Konstantynów (2)";4125566,60;4266162,17;4364845,91;4792854,96;5733863,42;6145062,76;6870745,91;10602556,84;7777062,33;9431963,78;
0601082;"Leśna Podlaska (2)";3650081,61;4140310,98;4351254,68;3944644,11;5365124,34;5678447,53;5889005,80;8532463,58;6933506,92;8186226,47;
0601092;"Łomazy (2)";4735190,86;4312636,09;4588900,56;5889858,35;6283571,23;8770979,01;6332682,36;10455371,86;7935136,31;11721816,13;
0601102;"Międzyrzec Podlaski (2)";10004371,39;8887437,22;10655061,90;10740404,39;12890499,10;11751526,70;15106910,37;19310626,93;17287704,32;22184883,93;
0601112;"Piszczac (2)";5316203,32;8651752,23;5253924,12;7115876,45;8000468,43;10051631,41;8499769,40;10741912,33;10766005,71;;
0601113;"Piszczac (3)";;;;;;;;;;10244289,03;
0601122;"Rokitno (2)";2990862,24;2787341,08;2625807,02;3555484,11;4375568,11;4192852,67;3853170,75;7005106,90;5272234,13;6044383,73;
0601132;"Rossosz (2)";2010275,67;1648087,88;1991738,73;2651170,93;1977912,64;2684864,55;2363445,96;5620427,00;4002886,79;3699198,31;
0601142;"Sławatycze (2)";2338988,33;2242487,13;2382141,84;2660981,68;3219412,37;5328738,33;4061197,03;6552546,68;4691050,52;4214616,19;
0601152;"Sosnówka (2)";2153634,74;2172581,65;2536081,33;2267469,02;2310618,70;2993676,66;3590523,90;5587429,17;2993300,84;3345665,75;
0601162;"Terespol (2)";15516932,79;17146745,33;17550256,06;21445394,91;16746980,36;19369068,39;31023224,89;30877325,57;28335088,08;29628845,94;
0601172;"Tuczna (2)";2279961,83;2415467,79;2482922,49;2973026,19;3528584,91;2960996,40;3402279,48;7340884,08;4661265,89;4798975,58;
0601182;"Wisznice (2)";5708287,55;5636307,57;5728282,27;5871645,41;6305610,42;7532606,89;8608142,28;13038186,95;8483440,78;14913813,65;
0601192;"Zalesie (2)";5916054,70;6177024,78;6701931,97;6981712,71;7224479,82;8684641,75;8565964,42;12236144,02;11449227,40;12497354,31;
0602000;"Powiat biłgorajski";106598087,91;106554541,20;111456976,87;129070502,04;143135740,59;170788869,53;159453070,27;216624383,46;187784175,09;234285381,91;
0602011;"Biłgoraj (1)";41649066,60;42136046,45;42868154,92;48117794,48;54227048,47;60574503,52;58544445,51;68469433,21;66469104,73;101467728,51;
0602022;"Aleksandrów (2)";1579356,44;1662725,31;2388276,59;2342380,81;2408083,72;2626930,30;2681794,19;5357763,05;3109860,77;4142254,05;
0602032;"Biłgoraj (2)";13918810,00;13510116,49;13726391,03;15637169,65;18613786,45;21997281,93;21490302,02;27558759,12;26723286,64;29529987,59;
0602042;"Biszcza (2)";4066033,28;3571533,98;3982840,03;5454975,73;4306730,85;6588135,36;5068446,91;9622685,16;5894970,77;6243578,29;
0602053;"Frampol (3)";4308377,65;4458995,38;4878209,07;6186953,69;5551410,76;7255662,37;6820842,34;10767605,70;10233149,64;10076637,63;
0602062;"Goraj (2)";3106838,45;2625080,05;2684584,98;3501553,61;5561789,88;5815644,93;;;;;
0602063;"Goraj (3)";;;;;;;4607407,72;7813513,02;6172506,89;5667012,19;
0602073;"Józefów (3)";5504926,31;5600936,01;6212422,95;7413723,76;7184966,67;8833052,62;10493656,13;12577703,96;12349784,67;15134551,28;
0602082;"Księżpol (2)";5088713,14;6746486,41;7129372,16;7355379,08;8026381,57;14157146,58;9435642,45;14049992,84;11932875,56;13963091,64;
0602092;"Łukowa (2)";4377954,59;4324661,64;4945618,74;6353758,38;5924669,54;7148777,44;7049193,02;10276362,58;8673659,32;9691965,05;
0602102;"Obsza (2)";4304216,49;3202831,46;3204471,01;3712841,28;5003110,48;5406840,19;5410176,09;7262434,74;5097424,91;6040854,82;
0602112;"Potok Górny (2)";4334111,82;3169514,56;2950822,70;4279530,02;3935905,88;4685929,29;5702109,24;9413075,87;5925299,56;6513977,82;
0602123;"Tarnogród (3)";7454388,33;7072458,51;8060599,02;9014679,47;11145879,76;13272542,87;11333826,31;14841111,90;12971215,17;12295371,49;
0602132;"Tereszpol (2)";2543722,50;3859832,56;3331973,41;4524778,21;4427383,58;5115175,48;4621574,18;8465079,85;5099660,69;5911342,57;
0602142;"Turobin (2)";4361572,31;4613322,39;5093240,26;5174983,87;6818592,98;7311246,65;6193654,16;10148862,46;7131375,77;;
0602143;"Turobin (3)";;;;;;;;;;7607028,98;
0603000;"Powiat chełmski";81697251,67;83127587,18;86942133,30;96342140,30;110850832,13;125745934,04;128743543,73;174534718,73;138766789,38;157861774,81;
0603011;"Rejowiec Fabryczny (1)";7565139,36;6322540,64;7199753,83;7241963,41;8200300,80;11379951,01;11265977,75;11817375,90;9370099,23;11975634,07;
0603022;"Białopole (2)";2669589,39;2797388,72;2758773,52;2864865,13;3913193,10;6033271,10;3849091,32;6807301,09;6174353,47;4596464,78;
0603032;"Chełm (2)";15977346,51;18136207,85;19590656,89;22069053,06;22648041,64;26761073,37;30559673,71;34109039,52;32308155,30;38870407,57;
0603042;"Dorohusk (2)";7978032,96;7498010,21;7834940,11;8224902,25;10128973,12;9455591,05;11942322,46;14605200,78;12691437,60;13117117,02;
0603052;"Dubienka (2)";2299626,56;2187122,39;2151035,47;2273935,93;2656268,57;2877819,43;2882789,00;6680269,37;3304583,01;3892089,78;
0603062;"Kamień (2)";4268120,61;4154665,82;4587700,31;4841537,13;6402739,97;6215084,10;6347890,63;9722192,11;8284263,42;7801790,08;
0603072;"Leśniowice (2)";3807435,68;3357324,40;3653486,97;4454152,84;4587568,19;7256259,41;5408624,04;8927608,53;5903508,60;6521407,20;
0603082;"Rejowiec Fabryczny (2)";3986404,78;3996342,81;4132705,78;5094228,72;7514947,07;7977235,61;8680119,52;8752284,55;5978383,78;6463242,90;
0603092;"Ruda-Huta (2)";3460829,71;3643461,98;3492864,23;3829121,20;3998363,92;5009191,68;4460231,24;9315820,01;5621851,15;8216334,61;
0603102;"Sawin (2)";4868936,90;5775853,25;5704956,23;6592006,72;6868119,38;8308247,76;7498826,22;10830885,65;9567964,74;10604714,51;
0603112;"Siedliszcze (2)";6037193,34;;;;;;;;;;
0603113;"Siedliszcze (3)";;6249968,24;6587746,55;7346887,61;7890142,16;8780713,89;9320741,95;13477717,79;10227521,27;12829439,85;
0603122;"Wierzbica (2)";5367719,19;5628257,08;5860435,09;6793923,40;8740989,04;9925386,16;9316381,14;13018468,31;7773872,11;9454354,37;
0603132;"Wojsławice (2)";2914821,42;2823493,11;3401224,42;4138095,86;4673130,23;4080595,93;4466267,37;7796981,28;5283943,77;6526739,52;
0603142;"Żmudź (2)";3246867,43;3160657,18;3175812,57;3380813,99;3841052,10;4153961,65;4503047,79;7852196,44;6991532,00;6223505,08;
0603152;"Rejowiec (2)";7249187,83;7396293,50;;;;;;;;;
0603153;"Rejowiec (3)";;;6810041,33;7196653,05;8787002,84;7531551,89;8241559,59;10821377,40;9285319,93;10768533,47;
0604000;"Powiat hrubieszowski";78523342,04;83312468,49;79797990,65;84606641,01;92623351,22;99156897,66;101460971,79;127186685,72;114647384,11;127182671,03;
0604011;"Hrubieszów (1)";28417095,27;27983275,45;27884988,25;30228739,01;35373880,93;36179888,06;34603432,53;37408758,89;38778442,00;44453999,72;
0604022;"Dołhobyczów (2)";6727051,28;5548201,07;5611041,62;6066096,49;5991503,76;7666525,33;7673602,26;11618468,88;9139496,76;10143927,81;
0604032;"Horodło (2)";6075827,18;6838266,70;6278545,69;6284899,72;8707553,94;7393294,75;6919568,13;10307887,30;8311732,44;8014224,92;
0604042;"Hrubieszów (2)";11301974,26;12123822,07;11927414,39;11619928,74;11432736,14;13543615,01;12869436,97;17327033,79;16169684,29;18850649,82;
0604052;"Mircze (2)";7952145,59;11787837,97;7937548,78;8297320,60;8515330,87;10217781,27;9699718,33;13576334,08;13821015,62;12897863,38;
0604062;"Trzeszczany (2)";3755890,36;3742711,65;3811133,31;4017102,13;4281013,71;4776355,95;4447567,10;8515220,51;5896646,25;5748491,09;
0604072;"Uchanie (2)";3984962,42;4009472,63;3968471,17;4033465,96;5020009,93;5068993,98;5865919,25;9248987,64;6050760,64;6696946,68;
0604082;"Werbkowice (2)";10308395,68;11278880,95;12378847,44;14059088,36;13301321,94;14310443,31;19381727,22;19183994,63;16479606,11;20376567,61;
0605000;"Powiat janowski";48941163,14;45833190,61;49255977,81;55984126,88;58596255,08;84079585,58;70805570,58;97334162,50;82197213,47;89443836,73;
0605012;"Batorz (2)";2973874,53;2871911,89;3128480,51;3074207,68;3910444,12;5092311,29;4336869,35;7543895,93;5157621,09;5633518,00;
0605022;"Chrzanów (2)";2243108,09;1849778,63;1859220,76;2029109,16;2093776,21;5760551,10;3500639,08;7228115,45;4304104,09;4011078,42;
0605032;"Dzwola (2)";4152999,20;4176399,27;5094043,22;5569369,33;5109180,90;6602660,21;7551612,10;12171978,01;9108023,50;11706899,04;
0605042;"Godziszów (2)";4223708,58;3629366,97;4702614,40;4753877,44;5373409,31;11083206,11;6053499,21;9326351,37;7250692,96;7429990,25;
0605053;"Janów Lubelski (3)";24952748,16;23754283,59;24506806,79;27107631,74;27923304,44;40458955,47;34918070,38;38932310,88;37090723,02;41288878,84;
0605063;"Modliborzyce (3)";5883997,90;5562715,71;5986722,81;8097384,25;7878827,08;8141391,40;8305221,02;12325414,32;11916106,57;11732206,13;
0605072;"Potok Wielki (2)";4510726,68;3988734,55;3978089,32;5352547,28;6307313,02;6940510,00;6139659,44;9806096,54;7369942,24;7641266,05;
0606000;"Powiat krasnostawski";76516045,68;76556611,14;81438326,38;86689722,67;98335997,93;100779903,77;110127224,76;142992688,00;128722630,95;147088893,95;
0606011;"Krasnystaw (1)";32873100,51;31029415,35;32128728,61;32749327,12;38386660,16;37946795,91;42087615,87;44576192,26;49187055,11;61153491,00;
0606022;"Fajsławice (2)";4566925,89;4719782,81;5420724,83;5401345,63;6223539,22;6894989,30;7331153,65;11458952,17;9105988,89;9964415,32;
0606032;"Gorzków (2)";2989843,88;3149133,92;3537098,29;3775467,03;3999163,35;4397774,21;4245887,37;9431356,60;5632655,37;7286240,21;
0606042;"Izbica (2)";5505256,87;5684236,99;6828417,85;7728305,21;7329429,86;8249541,68;9458025,43;;;;
0606043;"Izbica (3)";;;;;;;;12061624,18;9679085,30;11298870,01;
0606052;"Krasnystaw (2)";12557790,35;12592784,78;13591003,52;14371496,65;15655238,83;16550466,21;17496536,61;21574709,31;19889532,21;22880050,49;
0606062;"Kraśniczyn (2)";3367150,65;4078581,39;4117142,50;4805784,46;5489846,99;4779148,02;5756754,41;7779817,38;5951396,97;6076722,28;
0606072;"Łopiennik Górny (2)";3594727,83;3620736,23;3743907,99;4243808,78;5823507,44;5315534,18;7344949,90;8412631,07;5198106,25;5953939,07;
0606092;"Rudnik (2)";2445078,20;2706843,28;2571587,18;2741476,98;3343464,57;5209822,04;3700278,92;7290007,31;4787673,60;4355343,39;
0606102;"Siennica Różana (2)";4359559,86;4560943,96;4829657,09;4725280,00;5678808,37;5883907,15;6347720,72;9493364,13;9084757,47;8665656,07;
0606112;"Żółkiewka (2)";4256611,64;4414152,43;4670058,52;6147430,81;6406339,14;5551925,07;6358301,88;10914033,59;10206379,78;9454166,11;
0607000;"Powiat kraśnicki";100329020,30;103236023,49;110871312,26;123180659,43;131824865,89;158766309,31;152701767,05;188084497,91;168948733,08;192407995,42;
0607011;"Kraśnik (1)";47585714,52;52691932,00;57577720,21;60722554,09;59977379,32;65476955,63;71400829,00;74284771,69;72678900,99;85848935,96;
0607023;"Annopol (3)";10928604,55;10507377,98;9087927,44;9728455,34;9977661,63;12015264,44;14006504,79;14719129,54;12831622,02;16188540,64;
0607032;"Dzierzkowice (2)";4001347,21;3931891,16;4650868,73;4723605,05;5979163,23;6094029,83;6746217,01;9770475,36;7365120,67;7543775,89;
0607042;"Gościeradów (2)";4389092,19;5488787,11;6104076,72;9930106,50;9992562,11;11852393,05;8797809,27;14257187,31;10400681,15;11483933,59;
0607052;"Kraśnik (2)";7046924,04;7267072,90;8451177,05;9148717,99;9822249,11;11138030,26;12235137,60;15487357,89;13997082,09;18021035,36;
0607062;"Szastarka (2)";5158397,47;3942732,28;4417155,94;4260887,03;4879791,04;8482348,23;6483494,36;9559447,45;6771292,20;6534730,44;
0607072;"Trzydnik Duży (2)";4124203,90;4288592,63;4724180,68;5184076,93;7199342,16;8790350,88;7600840,87;10863530,12;9594280,96;9922924,16;
0607082;"Urzędów (2)";6749299,29;;;;;;;;;;
0607083;"Urzędów (3)";;5431712,24;6083665,76;7063298,06;7713029,00;11776225,51;8963623,58;14390776,31;13502865,13;14393875,42;
0607092;"Wilkołaz (2)";5049424,32;4467915,06;4368308,66;6139470,11;9630698,94;11107957,09;7605813,44;11432050,13;9756355,36;9712046,09;
0607102;"Zakrzówek (2)";5296012,81;5218010,13;5406231,07;6279488,33;6652989,35;12032754,39;8861497,13;13319772,11;12050532,51;12758197,87;
0608000;"Powiat lubartowski";111443547,89;100288554,05;113278419,00;116036854,25;132044018,68;166912554,18;150557793,73;199819104,81;162901847,24;188569145,45;
0608011;"Lubartów (1)";47462260,01;37827994,90;41159213,67;40503589,16;46232117,31;47329145,07;53129904,38;54356400,80;50520634,07;62136973,28;
0608022;"Abramów (2)";3434227,95;3560219,10;3991403,05;4391898,83;4192731,32;5174524,59;4960276,64;10974716,93;5911418,21;6984860,04;
0608032;"Firlej (2)";5352644,37;5467639,89;7821369,40;6379779,36;8086938,33;10008005,27;9485854,21;13713599,39;12324195,58;11931526,73;
0608042;"Jeziorzany (2)";2749861,01;2291728,60;2659841,78;2788188,09;3620200,43;4517480,25;4137718,29;6834760,07;4294240,34;4041983,33;
0608052;"Kamionka (2)";5956189,83;5758474,10;6261037,30;7967308,39;9845640,35;11372477,48;;;;;
0608053;"Kamionka (3)";;;;;;;11225703,43;13236072,82;9753279,59;11821826,80;
0608063;"Kock (3)";5559017,20;5720418,60;5999042,05;6656600,95;7595392,47;11892000,64;8608135,88;13028798,82;9905833,55;12689543,96;
0608072;"Lubartów (2)";14900379,91;14326945,39;15605886,49;18409881,86;19559375,01;26968931,49;21920690,51;28241671,22;25477493,44;29325997,48;
0608082;"Michów (2)";6611560,12;6979724,79;10140851,66;7012856,75;7864834,63;11064680,83;9233510,67;14869466,10;9464385,94;11735533,05;
0608092;"Niedźwiada (2)";4283096,42;4124468,58;4429194,73;5712060,46;6096794,48;9279745,88;7449408,63;10740005,58;10789305,94;8183866,30;
0608103;"Ostrów Lubelski (3)";4946415,29;4052700,40;4158462,06;4792247,72;6206625,02;12987468,67;5530530,90;8683713,02;7698213,24;9627643,85;
0608112;"Ostrówek (2)";2795283,23;2372027,89;2436034,10;3178236,25;2994293,70;3400752,51;3549813,55;6854433,75;4856681,07;5570092,70;
0608122;"Serniki (2)";3096133,80;3623532,21;4065473,44;3660092,48;3957178,05;6186067,28;5687513,36;8726378,42;5966679,76;7348193,81;
0608132;"Uścimów (2)";4296478,75;4182679,60;4550609,27;4584113,95;5791897,58;6731274,22;5638733,28;9559087,89;5939486,51;7171104,12;
0609000;"Powiat lubelski";183061563,55;196777947,63;210857100,33;241477942,85;274862639,68;326873052,24;342369448,35;399407747,31;363487998,98;443662531,48;
0609013;"Bełżyce (3)";14918950,04;18242414,36;16809904,67;18602291,21;19249547,13;23968526,75;23424920,81;27765622,42;23952175,16;28936013,14;
0609022;"Borzechów (2)";2506763,90;2461922,65;2653535,69;2691876,01;2956021,46;3778653,48;3678034,92;7081704,35;4656961,97;4275208,63;
0609033;"Bychawa (3)";9783066,82;11024776,26;12300016,69;14346445,21;15230496,75;15753536,53;17827363,48;21722645,93;17677080,40;21286722,39;
0609042;"Garbów (2)";9993260,46;9427711,62;9825676,38;12845170,52;14844152,48;15440008,04;16058351,69;19627949,04;18450846,77;22241585,99;
0609052;"Głusk (2)";15280342,67;17037568,29;18948566,38;22143857,12;25587043,77;31507478,03;39302039,45;37447381,44;35105364,56;46541841,41;
0609062;"Jabłonna (2)";7163471,69;7241569,00;8344900,56;9161964,60;10981262,30;15092104,18;12725500,51;17729514,72;16305903,81;16799620,70;
0609072;"Jastków (2)";23964607,70;23366065,34;25362110,86;28733541,02;35613302,88;41181517,09;40774332,58;46836612,75;46379856,83;55194477,05;
0609082;"Konopnica (2)";22474012,76;24710296,57;25533503,62;29236452,20;33104587,79;36646296,64;41668846,95;46689977,32;47174345,44;58759649,66;
0609092;"Krzczonów (2)";4678306,58;4662195,51;5990726,70;5373369,81;6230701,94;7966630,42;7484840,96;10940369,01;8600020,41;8692128,19;
0609102;"Niedrzwica Duża (2)";10959995,07;11429123,14;12159506,76;15480433,66;16466906,41;28153719,72;23011995,08;25968633,94;24084902,13;27712023,54;
0609112;"Niemce (2)";25906280,32;28298998,50;29386861,00;35632269,69;39424280,73;40932366,39;52716616,86;56323521,30;52258222,79;67773449,82;
0609122;"Strzyżewice (2)";7654893,85;8345476,90;8803775,57;10490210,65;12198024,70;13594551,29;13323106,76;16624401,58;15249569,45;17638710,07;
0609132;"Wojciechów (2)";4618921,38;5149691,27;5332221,18;6152968,42;7051234,44;9753941,23;9048375,16;11584270,61;9380439,53;10923264,15;
0609142;"Wólka (2)";16789385,36;18984721,87;22484639,43;23057143,53;28383913,69;32968278,94;32819051,82;36789110,72;34879749,44;44209811,08;
0609152;"Wysokie (2)";4363409,38;4305564,82;4465575,65;4933582,45;4801924,37;6710291,23;5518499,55;10018506,99;6257313,91;7807848,22;
0609162;"Zakrzew (2)";2005895,57;2089851,53;2455579,19;2596366,75;2739238,84;3425152,28;2987571,77;6257525,19;3075246,38;4870177,44;
0610000;"Powiat łęczyński";91582610,86;108248151,69;106441939,97;115411104,26;152555219,23;143515996,19;151433659,19;175399431,03;159985796,24;186648431,03;
0610012;"Cyców (2)";13258285,79;18579060,75;15916077,85;19519010,12;37825563,03;24102788,41;27332535,26;27690689,85;24373265,16;30242879,54;
0610022;"Ludwin (2)";7274932,13;8950277,46;9030255,06;10870588,04;13755702,32;15690827,18;16554105,64;22768044,62;19022021,87;18663054,87;
0610033;"Łęczna (3)";34771947,22;39978416,72;38945637,67;42072241,48;46061084,36;45153987,08;47108137,20;54960417,83;55715970,99;61717842,83;
0610042;"Milejów (2)";9890182,89;10759250,22;11635779,90;12447731,41;14942840,55;15340806,77;18886807,82;21574561,24;18432882,68;20110955,35;
0610052;"Puchaczów (2)";21908379,59;25195389,05;25971339,78;24954853,74;33437303,56;35233345,17;33392890,67;34978857,85;32967689,07;43787453,41;
0610062;"Spiczyn (2)";4478883,24;4785757,49;4942849,71;5546679,47;6532725,41;7994241,58;8159182,60;13426859,64;9473966,47;12126245,03;
0611000;"Powiat łukowski";115349881,14;115897741,49;122001886,61;143873773,17;155190545,35;178843245,85;190478378,40;228954208,88;204995258,63;262776778,04;
0611011;"Łuków (1)";50650002,41;50933113,63;52414903,10;60584447,53;59009635,92;64333047,49;69151668,95;72103105,36;77426337,54;97736172,69;
0611021;"Stoczek Łukowski (1)";4178148,63;4137683,27;4045225,64;4431016,27;6169249,19;6908153,46;6708329,97;9254805,57;8595517,35;9398897,62;
0611032;"Adamów (2)";4285827,14;4630216,65;4785564,70;5207558,95;6195811,69;6595772,60;6833842,97;10961136,17;7635849,51;8540639,80;
0611042;"Krzywda (2)";7823254,85;8002271,36;8425169,98;9914590,45;10701024,21;12372225,52;12807553,63;16648358,85;13698542,53;17424794,91;
0611052;"Łuków (2)";15629863,47;15225169,55;16721970,76;21729897,67;24956857,94;30496969,38;33132373,22;34275214,84;31872607,58;47018395,72;
0611062;"Serokomla (2)";2638847,46;2704324,68;3147090,82;3408976,10;4040517,51;5106803,71;4850801,51;7893810,57;4876793,17;6470235,24;
0611072;"Stanin (2)";7157749,91;8774728,85;8999007,40;10728072,37;12952829,92;14880152,84;14964214,52;18431802,73;16332663,25;20700816,12;
0611082;"Stoczek Łukowski (2)";6168239,30;6727804,77;7939567,98;9505650,77;10527066,09;11095218,30;13128231,02;18043701,67;13413881,97;18116371,78;
0611092;"Trzebieszów (2)";7346445,09;7027201,85;7490257,15;9554684,19;10934669,03;13275153,20;13719051,46;16632613,14;15524314,03;20192109,74;
0611102;"Wojcieszków (2)";3821627,52;3959990,66;4112675,22;4521733,19;5339786,25;7505312,27;9641715,17;15288862,04;9604539,05;9181106,90;
0611112;"Wola Mysłowska (2)";5649875,36;3775236,22;3920453,86;4287145,68;4363097,60;6274437,08;5540595,98;9420797,94;6014212,65;7997237,52;
0612000;"Powiat opolski";56000627,56;59403207,89;62510951,85;67091421,56;83331481,90;102299868,64;86748173,40;112080125,65;100635903,82;113866134,57;
0612012;"Chodel (2)";4536372,73;5065965,97;4855895,55;6332049,18;6880277,66;9329951,89;7311750,76;12559297,22;10592113,83;11900497,63;
0612022;"Józefów nad Wisłą (2)";4049007,61;4397565,62;4788506,21;;;;;;;;
0612023;"Józefów nad Wisłą (3)";;;;5557823,33;5039073,28;6177117,24;7461281,89;9817768,78;7437064,74;8609929,73;
0612032;"Karczmiska (2)";4868579,76;5398049,75;5571251,59;5710597,55;7386807,75;7926797,49;6857547,39;11095667,76;8809618,37;8960699,83;
0612042;"Łaziska (2)";4345367,51;4319154,69;4577130,17;4892634,20;7192535,23;6009697,68;5639479,59;9061402,35;7462521,17;7896460,84;
0612053;"Opole Lubelskie (3)";18945344,71;20674324,13;20583832,96;21528069,20;28888932,88;37757132,48;29628720,79;30377214,96;29710415,72;36039707,70;
0612063;"Poniatowa (3)";15754505,08;16071635,55;18433559,51;19007979,53;22709194,49;28185810,29;24409520,79;30317545,32;30353806,68;33135652,61;
0612072;"Wilków (2)";3501450,16;3476512,18;3700775,86;4062268,57;5234660,61;6913361,57;5439872,19;8851229,26;6270363,31;7323186,23;
0613000;"Powiat parczewski";41615036,64;41115351,98;44458826,87;48127712,03;50169161,59;55484719,26;62359483,67;82547468,97;69566728,55;81160052,63;
0613012;"Dębowa Kłoda (2)";5256279,26;5308571,13;5181879,60;5967079,97;5073118,68;6416938,62;6295239,23;9813808,69;7688135,11;8512211,63;
0613022;"Jabłoń (2)";3226078,24;3295109,10;3450141,13;4010145,95;4117223,97;4617469,91;5458599,64;8263679,00;6084992,00;6273008,97;
0613032;"Milanów (2)";5328722,50;3470846,89;4703256,60;5098066,21;4580527,93;4989409,68;4835636,98;9209088,52;6893816,73;9596363,83;
0613043;"Parczew (3)";19436029,29;20452633,92;22593997,22;23424794,24;25888272,22;27178253,01;32473356,97;34211994,84;33362094,00;40555459,03;
0613052;"Podedwórze (2)";1587356,04;1784064,91;1724407,04;1681474,34;1959836,88;2896485,76;2782818,47;5284056,07;2540828,11;3149653,50;
0613062;"Siemień (2)";3336293,26;3146855,95;3083190,05;3524661,13;4097771,11;4574311,07;5579362,45;7500028,63;7422503,13;6729213,38;
0613072;"Sosnowica (2)";3444278,05;3657270,08;3721955,23;4421490,19;4452410,80;4811851,21;4934469,93;8264813,22;5574359,47;6344142,29;
0614000;"Powiat puławski";210130276,37;242606403,88;230337143,40;266507493,29;278963868,35;333013496,92;298471767,49;336292803,01;347852419,64;409043336,57;
0614011;"Puławy (1)";126094565,06;141046013,08;134353129,92;156502178,96;156600154,00;185651100,41;164182702,98;157255940,54;176809742,25;207805093,16;
0614022;"Baranów (2)";4814033,90;4978285,50;5267242,64;6046641,28;6092648,08;10334159,02;7274999,70;10483363,29;8168677,22;8289440,20;
0614032;"Janowiec (2)";4561679,52;5877127,23;4627656,05;4955147,38;7008569,27;8424636,33;6370129,18;9857899,08;7956978,93;8191458,09;
0614043;"Kazimierz Dolny (3)";11900117,91;14397996,34;12249958,77;13074687,40;14829555,81;16703084,96;19108452,87;21089575,78;20329522,55;24108527,54;
0614052;"Końskowola (2)";11487869,06;12270218,96;12447233,66;14422935,68;19751549,08;20443393,52;18617043,95;24410874,84;24269989,31;28117130,39;
0614062;"Kurów (2)";7854014,18;8589261,48;9051681,83;11013258,57;11522459,45;17140937,99;14082020,89;18675804,44;17947843,66;23134733,44;
0614072;"Markuszów (2)";3623453,92;3826931,14;3783617,43;4613833,20;5424864,87;5465592,09;5576295,54;8427972,64;6607457,65;6607314,37;
0614083;"Nałęczów (3)";13263491,52;22027425,15;16864620,66;20426779,06;18347851,79;26656264,69;15551272,55;26648128,59;26937172,10;28044102,00;
0614092;"Puławy (2)";15389553,26;17865309,51;18394274,30;21116811,30;24624660,13;26420135,65;28945007,47;31902755,79;34884619,73;41579156,81;
0614102;"Wąwolnica (2)";5084477,78;5399198,43;5843853,50;6469840,17;6836846,28;7300012,92;7791379,42;12414313,75;8822721,53;9843591,86;
0614112;"Żyrzyn (2)";6057020,26;6328637,06;7453874,64;7865380,29;7924709,59;8474179,34;10972462,94;15126174,27;15117694,71;23322788,71;
0615000;"Powiat radzyński";69761445,11;64782273,45;70376119,49;74256605,92;84679491,88;91166935,88;91519204,64;119839426,25;109208052,55;122568703,76;
0615011;"Radzyń Podlaski (1)";33378602,12;28784089,76;31446637,20;30273676,50;34083143,91;32148411,32;34668172,25;40385232,93;42826670,03;48634309,98;
0615022;"Borki (2)";4466589,70;3748132,40;4000670,77;5273952,13;6709941,33;9518503,73;6528074,29;10253501,98;7752456,82;8165812,79;
0615032;"Czemierniki (2)";3253517,03;3602360,67;4224221,63;3910600,45;4588288,19;6275222,51;6445604,37;8760318,17;6397256,86;;
0615033;"Czemierniki (3)";;;;;;;;;;6564983,76;
0615042;"Kąkolewnica (2)";6133261,80;6585476,09;6766307,80;7777771,91;11240092,82;11258461,88;10419853,57;13578151,23;11925751,87;13178859,82;
0615052;"Komarówka Podlaska (2)";3186563,70;3238964,26;3735183,37;4185945,64;4146891,03;5834804,74;5469106,79;8778923,95;6657897,93;8104804,26;
0615062;"Radzyń Podlaski (2)";9308216,15;8528409,68;10140573,03;9834111,31;11076636,42;12368947,48;12197211,35;16752364,97;14673216,97;16798026,40;
0615072;"Ulan-Majorat (2)";3939188,89;4426526,09;4242138,62;5558088,72;5412647,57;6015165,57;7519188,19;9391590,89;7993995,85;10447173,41;
0615082;"Wohyń (2)";6095505,72;5868314,50;5820387,07;7442459,26;7421850,61;7747418,65;8271993,83;11939342,13;10980806,22;10674733,34;
0616000;"Powiat rycki";75430130,99;76827969,15;82272838,86;89323973,37;97973507,31;121632888,06;113696374,69;136629218,39;139869192,80;161474329,97;
0616011;"Dęblin (1)";29432787,60;29282525,76;29996154,41;31849078,18;36131253,54;39510800,68;40864849,50;43152267,22;44331271,74;53654831,32;
0616022;"Kłoczew (2)";5996737,72;6125829,96;6578793,08;7882280,24;8422487,71;13004696,09;11059827,70;13902916,63;11836997,37;13615618,53;
0616032;"Nowodwór (2)";2424609,08;2621212,98;2995280,03;4109088,00;3898753,01;4442218,74;4374477,16;8095655,50;5749768,02;6148879,94;
0616043;"Ryki (3)";25590398,24;26392403,56;31355168,20;32940935,79;35502305,27;47285582,54;42287805,67;47841135,08;59699898,24;69275654,92;
0616052;"Stężyca (2)";8069018,17;9457688,83;7823542,83;9341549,18;10245375,85;10977311,52;10400002,42;15965648,90;13108207,53;13668474,28;
0616062;"Ułęż (2)";3916580,18;2948308,06;3523900,31;3201041,98;3773331,93;6412278,49;4709412,24;7671595,06;5143049,90;5110870,98;
0617000;"Powiat świdnicki";103142917,27;109882110,61;112775760,62;120695335,81;146884191,47;178463510,08;168501509,62;190918051,89;178490269,15;223812597,49;
0617011;"Świdnik (1)";66600676,55;72697883,67;71169159,45;76788342,72;97072677,01;118248228,63;105927797,04;105787911,04;108001976,01;150805623,48;
0617022;"Mełgiew (2)";12109730,04;12773640,57;13722448,22;15761918,89;19133454,40;23573824,53;19977304,02;25964813,95;24159433,97;23163648,82;
0617033;"Piaski (3)";13714579,49;13064204,94;15281951,50;14342439,22;15511166,65;19538216,30;22403103,65;24193807,41;23448436,23;26451822,86;
0617042;"Rybczewice (2)";3632251,57;3462641,49;4126553,26;3816154,33;4400793,54;5665263,21;5717093,45;8806990,77;4956165,92;6318884,20;
0617052;"Trawniki (2)";7085679,62;7883739,94;8475648,19;9986480,65;10766099,87;11437977,41;14476211,46;26164528,72;17924257,02;17072618,13;
0618000;"Powiat tomaszowski";93264200,62;101010655,61;103628173,34;111299578,85;122736166,00;150132166,23;146235796,87;187851060,64;177411183,19;186502350,49;
0618011;"Tomaszów Lubelski (1)";32058222,71;34901387,47;34554624,94;37029467,16;40502940,59;49388110,30;49106733,24;53714438,19;57924897,00;66066645,82;
0618022;"Bełżec (2)";2836303,58;3557115,92;3495331,88;3754235,04;4291825,57;4652643,78;5287321,74;8036337,98;6030835,83;6325067,03;
0618032;"Jarczów (2)";3319531,62;4228911,27;4307148,55;4865820,45;5044506,39;5829753,70;5985068,04;8338385,01;7037495,05;6491298,95;
0618042;"Krynice (2)";2625020,37;2871995,29;3214783,88;3015707,08;4121159,64;4765737,22;4846515,20;7144784,98;4803622,33;5474192,93;
0618052;"Lubycza Królewska (2)";7927479,55;;;;;;;;;;
0618053;"Lubycza Królewska (3)";;7269765,56;7340861,81;7623203,45;8742580,65;11742243,11;11060329,44;13029598,58;13463202,80;12303694,28;
0618063;"Łaszczów (3)";8284875,85;8425972,53;8107676,66;8944836,12;9119456,23;10452264,04;11004908,13;13711054,70;13017561,54;13037241,38;
0618072;"Rachanie (2)";4132402,86;4121476,00;4362149,47;4774005,93;5436077,43;6423686,59;6011820,29;8928466,63;7902689,04;6830483,48;
0618082;"Susiec (2)";5043951,67;6155978,46;5820242,83;6827663,27;6793325,31;8726214,18;8475865,13;11255199,74;9619398,82;9819043,73;
0618092;"Tarnawatka (2)";3039390,68;3428274,41;4383587,04;3829797,84;4287528,65;7954844,58;5858035,42;8078692,17;6242968,99;6432158,01;
0618102;"Telatyn (2)";4226163,46;4111386,85;3871352,32;4420479,65;5673532,61;6201708,56;5024236,38;8646698,68;7978510,48;7935409,68;
0618112;"Tomaszów Lubelski (2)";9319806,77;10765069,16;11998834,32;14047649,41;14907323,30;17658543,63;17781580,34;22003162,11;24483663,72;25814413,78;
0618123;"Tyszowce (3)";5733710,57;6751801,27;7892887,88;7809999,21;8938667,01;10117135,93;9929561,18;15952636,10;11628051,10;12824194,53;
0618132;"Ulhówek (2)";4717340,93;4421521,42;4278691,76;4356714,24;4877242,62;6219280,61;5863822,34;9011605,77;7278286,49;7148506,89;
0619000;"Powiat włodawski";51975621,46;49124768,22;51481385,86;54667801,66;64841698,54;67264508,39;76655145,71;96158676,41;80194574,59;85251046,74;
0619011;"Włodawa (1)";20431514,36;20655590,37;20889583,97;22176579,71;24616808,66;26689714,02;29289038,63;28117636,51;27861064,57;31456309,85;
0619022;"Hanna (2)";3446568,77;2464519,21;2554933,84;2996028,78;3965385,01;3475834,53;3649570,55;6792191,50;4103484,84;4918118,17;
0619032;"Hańsk (2)";4052845,11;3919792,48;3657634,32;3749428,38;3913886,11;4849124,45;4620801,16;8518665,11;5366888,23;5946354,36;
0619042;"Stary Brus (2)";1564085,98;1572661,84;1765578,55;1723233,19;2076285,49;2309878,28;2027450,25;4858863,01;2148732,20;2851521,22;
0619052;"Urszulin (2)";4717407,56;5084188,36;5335110,55;5729948,87;7860523,73;9140845,90;8895413,97;11787743,81;10295504,29;10751666,60;
0619062;"Włodawa (2)";10338533,29;9008596,55;10533370,52;10992034,37;13669354,87;12786769,05;15356507,59;20473739,34;18942311,46;17194011,71;
0619072;"Wola Uhruska (2)";4753587,67;3993120,39;4218917,78;4394662,34;5544755,33;4602190,50;9603958,34;9432585,13;7661718,39;7604019,21;
0619082;"Wyryki (2)";2671078,72;2426299,02;2526256,33;2905886,02;3194699,34;3410151,66;3212405,22;6177252,00;3814870,61;4529045,62;
0620000;"Powiat zamojski";101121322,86;106065629,12;110766016,86;124696886,51;145863566,03;157165732,67;166841781,41;222490076,86;193361702,14;224687334,40;
0620012;"Adamów (2)";3268467,78;3681924,26;4110636,69;4762516,47;5522315,85;5753475,78;5759885,05;8593003,24;7082257,04;7903612,88;
0620022;"Grabowiec (2)";3655597,20;3961556,13;3803266,92;4133516,30;4292569,56;4439454,16;5386362,12;9112390,87;5778467,96;7223781,41;
0620032;"Komarów-Osada (2)";4177880,26;4451884,03;4666353,84;4586477,16;5223576,69;5961036,00;5876336,45;8838486,09;6201968,34;6561021,33;
0620043;"Krasnobród (3)";7299074,71;7091803,20;6916236,09;8103386,91;9406018,56;10616451,56;12442475,82;14906607,62;12707909,47;15302739,74;
0620052;"Łabunie (2)";5620054,25;5240495,69;5014437,76;6299708,33;5994876,93;8346499,62;8242663,19;12838323,03;9236830,71;11243733,36;
0620062;"Miączyn (2)";4587457,37;4516328,26;4859604,24;4876635,29;5503636,06;6581826,76;5998706,01;11662809,01;8864332,76;9719096,97;
0620072;"Nielisz (2)";3523651,76;4003835,06;4289774,22;5934079,01;5270878,67;5707287,38;6406353,55;12576864,12;8869208,68;7802590,36;
0620082;"Radecznica (2)";3764328,49;4095470,72;4044743,20;5078251,63;9783436,95;7769545,58;6781667,47;9822622,11;7079305,32;7448915,62;
0620092;"Sitno (2)";5743166,04;6190530,52;6496441,75;7254211,72;8862652,91;10681846,25;9684647,92;13073048,43;11717682,56;13060554,58;
0620102;"Skierbieszów (2)";6171985,67;5059408,89;5151969,78;6521535,93;6986654,96;7647590,05;7083285,96;10319044,57;8292309,66;8872335,95;
0620112;"Stary Zamość (2)";3452194,36;3757412,29;4584069,66;5697512,15;5500254,03;8438615,80;6948671,54;11400785,80;8345625,50;9263989,37;
0620122;"Sułów (2)";4187581,02;4246999,42;3589126,42;3741324,67;5386826,18;5146857,11;6181800,47;8466882,10;5804042,39;6120672,61;
0620133;"Szczebrzeszyn (3)";11994147,36;12452024,66;13845341,68;14408238,75;18401555,54;16936420,98;20914581,60;24323299,75;20516923,21;27401399,92;
0620142;"Zamość (2)";23386827,63;26155410,16;29021971,94;32045573,51;36174957,00;38533307,38;45628776,41;49823275,96;57740489,23;67546857,72;
0620153;"Zwierzyniec (3)";10288908,96;11160545,83;10372042,67;11253918,68;13553356,14;14605518,26;13505567,85;16732634,16;15124349,31;19216032,58;
0661000;"Powiat m. Biała Podlaska";102994765,46;104001069,08;109037695,64;123256645,35;142552961,00;146356806,29;149825011,49;151971521,55;161127378,97;218573517,83;
0661011;"Biała Podlaska (1)";102994765,46;104001069,08;109037695,64;123256645,35;142552961,00;146356806,29;149825011,49;151971521,55;161127378,97;218573517,83;
0662000;"Powiat m. Chełm";114523237,79;128126173,43;120423002,60;136297240,31;141944949,84;169610758,09;169151106,11;168055238,93;182448905,23;228341046,00;
0662011;"Chełm (1)";114523237,79;128126173,43;120423002,60;136297240,31;141944949,84;169610758,09;169151106,11;168055238,93;182448905,23;228341046,00;
0663000;"Powiat m. Lublin";957061503,12;998675682,11;1060208095,55;1124469008,17;1254961835,64;1194341995,88;1328114373,45;1454957570,51;1460056952,99;1824996809,99;
0663011;"Lublin (1)";957061503,12;998675682,11;1060208095,55;1124469008,17;1254961835,64;1194341995,88;1328114373,45;1454957570,51;1460056952,99;1824996809,99;
0664000;"Powiat m. Zamość";122268216,42;129734145,06;150823709,00;160967933,71;180383290,66;193518403,53;211199309,23;208873482,17;210307599,92;241837882,79;
0664011;"Zamość (1)";122268216,42;129734145,06;150823709,00;160967933,71;180383290,66;193518403,53;211199309,23;208873482,17;210307599,92;241837882,79;
0800000;"LUBUSKIE";2066221001,23;2096019222,79;2305727149,41;2487960842,75;2730016082,82;2848904903,33;3149661690,80;3521712637,77;3546897585,63;4226470724,00;
0801000;"Powiat gorzowski";144443751,52;145983736,14;160575443,33;174021245,07;191001566,87;204532708,60;219021489,04;255954155,16;256716353,66;350497152,72;
0801011;"Kostrzyn nad Odrą (1)";48823623,96;52313201,91;53935748,63;59915967,92;61822363,46;65355464,84;70004321,21;82177444,81;79322835,84;135748375,30;
0801022;"Bogdaniec (2)";12088117,09;9942759,86;13066190,20;13209678,89;17369786,89;17116356,70;16681436,88;23127929,00;17792333,50;23458368,51;
0801032;"Deszczno (2)";15939139,59;15772687,69;18755408,66;19720035,02;21087992,20;23320242,13;24784176,28;27945157,88;34010402,62;37286141,16;
0801042;"Kłodawa (2)";19015554,75;18145531,35;20261681,59;22374396,69;26337000,55;27575076,44;28925118,44;31067886,93;32664089,02;45416522,69;
0801052;"Lubiszyn (2)";13125414,68;9943698,09;14749006,76;14984535,77;16548752,29;19006626,81;17959245,07;22626839,62;20615824,29;25317929,53;
0801062;"Santok (2)";13137233,16;14541005,87;15075973,97;16857145,22;20541465,37;19750154,04;25209104,48;25361581,73;27786492,71;34021520,00;
0801073;"Witnica (3)";22314668,29;25324851,37;24731433,52;26959485,56;27294206,11;32408787,64;35458086,68;43647315,19;44524375,68;49248295,53;
0802000;"Powiat krośnieński";104066997,13;103505034,80;109880056,84;121280665,07;131010789,62;132727476,82;149885355,33;166514899,80;159098042,22;191134960,01;
0802011;"Gubin (1)";30076783,48;33310808,62;34218698,91;37090055,14;41803181,39;42183109,61;52472172,51;47892383,85;49807531,58;59688022,16;
0802022;"Bobrowice (2)";12351888,87;10611177,92;11477486,03;11713753,59;11661213,86;13396292,63;13573238,71;16702101,96;16844000,09;20258566,04;
0802032;"Bytnica (2)";5553198,14;4063947,24;4399573,65;4512884,58;5083241,08;3911662,78;4488365,87;8100323,41;5419737,90;6143334,82;
0802042;"Dąbie (2)";8599067,51;7211654,93;7149220,19;8394406,13;9121324,95;9042908,33;9238394,20;16380767,67;10471316,11;11792193,05;
0802052;"Gubin (2)";10293973,95;9644849,18;10595922,22;12175346,66;13617242,16;13478596,08;15036804,14;18245743,81;16950788,89;24291726,27;
0802063;"Krosno Odrzańskie (3)";33337447,75;34769735,04;37027621,14;40025048,04;43000873,71;45169005,18;49109128,70;50214421,87;53386993,41;62358561,10;
0802072;"Maszewo (2)";3854637,43;3892861,87;5011534,70;7369170,93;6723712,47;5545902,21;5967251,20;8979157,23;6217674,24;6602556,57;
0803000;"Powiat międzyrzecki";116228275,78;110880031,50;117453316,29;127342820,14;144092343,20;158100207,26;174799386,04;190338864,41;197240865,50;238081675,65;
0803012;"Bledzew (2)";8249778,35;7229012,52;7560095,57;7493281,91;8014387,51;10604480,83;15156891,88;13547510,15;11175458,27;13115622,18;
0803023;"Międzyrzecz (3)";49337442,03;48325078,49;53210525,94;56672550,40;66349483,49;72930934,97;77490669,25;78945156,90;84590113,93;101808711,20;
0803032;"Przytoczna (2)";12844081,33;12610990,90;12814237,29;13432472,02;15407733,91;15125527,45;16105428,63;23001440,50;27203124,81;36457346,80;
0803042;"Pszczew (2)";12566936,36;11387644,05;11116183,92;13013992,20;11127015,57;14778108,74;14136242,50;20078928,77;17610836,92;19232582,45;
0803053;"Skwierzyna (3)";22471131,41;23016021,09;23661739,43;25688851,86;32728042,95;29847312,28;34981066,60;35558131,01;37449531,80;43866279,70;
0803063;"Trzciel (3)";10758906,30;8311284,45;9090534,14;11041671,75;10465679,77;14813842,99;16929087,18;19207697,08;19211799,77;23601133,32;
0804000;"Powiat nowosolski";137350514,29;132200075,20;152051004,10;156483744,33;206442559,83;199438824,69;242701074,75;248792568,11;231862682,16;273907515,98;
0804011;"Nowa Sól (1)";73144314,98;72336429,64;85196117,37;83159483,69;117521490,09;104023585,87;121798816,16;126580306,18;120626625,38;150396353,74;
0804023;"Bytom Odrzański (3)";7623651,40;5962765,64;7073319,67;9156411,95;8548602,58;10025721,67;13204269,05;13980151,40;14826984,26;13831315,60;
0804032;"Kolsko (2)";4163562,35;3806448,80;4952269,84;4535909,73;6322656,18;6956488,48;6940072,04;10652552,01;9869908,01;9303367,93;
0804043;"Kożuchów (3)";20282946,61;20314473,99;22145940,98;23647501,27;28702665,95;28525008,87;31138670,23;34830954,07;32527762,37;36296975,81;
0804052;"Nowa Sól (2)";10785700,94;9999757,72;10300068,14;12863958,83;15122729,12;18561071,19;24944927,15;20241611,18;17125466,39;21762734,17;
0804063;"Nowe Miasteczko (3)";8866581,73;7837873,67;7850211,55;8557743,93;9713708,19;10248856,08;12668631,18;13447541,67;13676745,90;11341329,09;
0804072;"Otyń (2)";8639643,85;8420690,14;10504747,86;;;;;;;;
0804073;"Otyń (3)";;;;10301199,56;15829745,90;14849358,82;23045953,77;21118522,05;17787090,56;24771222,93;
0804082;"Siedlisko (2)";3844112,43;3521635,60;4028328,69;4261535,37;4680961,82;6248733,71;8959735,17;7940929,55;5422099,29;6204216,71;
0805000;"Powiat słubicki";101742552,02;106479360,53;123030883,07;127234623,72;134841793,56;145862924,84;180829767,66;215036868,31;186910300,13;225236899,00;
0805013;"Cybinka (3)";10440896,36;10470627,05;10279930,09;12226075,34;15079242,13;13137355,28;15212343,48;29703970,31;17416376,15;20290761,54;
0805022;"Górzyca (2)";8907390,91;8465127,66;9775528,29;9917304,36;10545309,44;12836984,23;14472679,24;20063782,22;14906433,39;16905249,60;
0805033;"Ośno Lubuskie (3)";14942102,90;15479972,54;15905468,14;16383404,73;17162379,35;21644180,52;23108711,52;25245620,81;22992429,21;27528610,24;
0805043;"Rzepin (3)";19162898,36;20203642,93;28380014,00;24483687,48;22906733,48;27427667,18;41639486,41;36469077,87;34382292,52;43157175,69;
0805053;"Słubice (3)";48289263,49;51859990,35;58689942,55;64224151,81;69148129,16;70816737,63;86396547,01;103554417,10;97212768,86;117355101,93;
0806000;"Powiat strzelecko-drezdenecki";84578506,83;86987480,91;94754532,69;101456823,04;110000568,38;121330031,00;132312034,90;139051592,32;149867991,36;174215160,45;
0806013;"Dobiegniew (3)";10310570,15;10660240,22;11659144,11;12334664,53;13700592,16;17732366,32;21669897,43;19698117,92;24036954,05;25778155,25;
0806023;"Drezdenko (3)";39125511,75;39691167,33;44132501,46;45466036,27;51054937,62;54819494,55;55616175,99;58327872,81;62062858,12;68442892,06;
0806032;"Stare Kurowo (2)";4444245,25;5175390,61;5360747,88;6264085,84;5687133,62;7489256,01;7107208,20;9371378,42;9377887,22;10403629,52;
0806043;"Strzelce Krajeńskie (3)";24828962,20;25638621,84;26513347,17;29628747,44;30932031,68;31872755,44;36123413,26;38736889,04;43704412,54;56495194,89;
0806052;"Zwierzyn (2)";5869217,48;5822060,91;7088792,07;7763288,96;8625873,30;9416158,68;11795340,02;12917334,13;10685879,43;13095288,73;
0807000;"Powiat sulęciński";66771490,62;63542274,38;67133618,80;72613988,44;91421445,77;95108906,43;104345345,65;113280677,09;106460566,02;122262687,89;
0807012;"Krzeszyce (2)";7816220,27;6872901,71;6837726,02;8526196,49;10218285,64;12493614,39;11273037,35;14371024,50;11395134,04;12073600,50;
0807023;"Lubniewice (3)";6276117,13;5761532,96;6486228,19;7282535,59;8697873,23;8942327,47;8271634,04;11014411,06;8675327,70;9700050,40;
0807032;"Słońsk (2)";7231404,58;6795566,92;6823845,52;8138619,06;12329546,14;11529692,85;12861818,80;19204056,27;15663159,38;16993234,63;
0807043;"Sulęcin (3)";33334525,57;31189897,40;35219829,78;35454802,15;46245403,37;47675650,73;53681485,35;49914426,35;52922818,68;60055912,20;
0807053;"Torzym (3)";12113223,07;12922375,39;11765989,29;13211835,15;13930337,39;14467620,99;18257370,11;18776758,91;17804126,22;23439890,16;
0808000;"Powiat świebodziński";114675898,45;109378673,17;117994630,08;129499799,84;139286157,73;160753251,58;172866172,80;207570297,92;198476429,14;229983069,73;
0808012;"Lubrza (2)";7269058,35;6206204,45;6759912,04;9032816,84;8174790,38;10318048,49;9739890,90;14236319,70;12971368,87;16759478,38;
0808022;"Łagów (2)";8590736,14;9114969,31;8907874,10;10733349,87;12064206,69;13617088,77;13747233,43;16692036,06;13782667,17;18287708,69;
0808032;"Skąpe (2)";12315036,89;9502802,94;9635805,35;11369780,96;11408426,07;14827744,09;14263488,26;17710293,91;13849038,00;19083180,71;
0808042;"Szczaniec (2)";5411254,64;5924074,61;6205746,17;6597259,63;8536779,92;9378152,48;8775435,89;13252684,45;10039469,13;12657046,45;
0808053;"Świebodzin (3)";58416071,62;55607797,09;62618532,31;67341336,95;70466307,58;78143482,66;90305643,40;103658611,22;112546344,93;117640490,32;
0808063;"Zbąszynek (3)";22673740,81;23022824,77;23866760,11;24425255,59;28635647,09;34468735,09;36034480,92;42020352,58;35287541,04;45555165,18;
0809000;"Powiat zielonogórski";147995442,40;139833713,52;157307420,47;177344653,53;188772680,29;207422932,79;230922841,13;251964494,72;256086092,80;317409412,55;
0809013;"Babimost (3)";18864859,22;15776062,39;16861218,36;17990062,80;20185823,41;19201326,27;23607699,58;26695348,21;25768046,08;29999835,83;
0809022;"Bojadła (2)";7921448,18;4536832,78;4882781,87;4807189,28;6552203,46;6761892,10;6309237,90;10244098,72;6933599,44;7895798,21;
0809033;"Czerwieńsk (3)";17212643,72;18106899,67;18252839,40;20588918,40;23170505,22;24378062,36;28303028,42;30295174,55;37900673,40;39380540,63;
0809043;"Kargowa (3)";10162691,57;10202772,96;10607543,65;12779428,25;13687945,02;14192105,55;17738800,97;17804506,45;17202925,07;22055419,64;
0809053;"Nowogród Bobrzański (3)";15389233,15;15739109,16;16024889,63;18173447,92;20514868,22;22754959,08;24645947,01;26841480,36;25261871,81;36736185,04;
0809063;"Sulechów (3)";48659283,97;47658398,20;57946764,43;64150589,18;60710162,57;72062197,10;81644803,50;83360660,96;92369388,87;111797925,07;
0809072;"Świdnica (2)";15621013,85;16019947,49;17229041,50;19732996,93;21475711,81;27540530,71;29684385,81;29893844,30;25928426,19;38756866,09;
0809082;"Trzebiechów (2)";6090027,43;4467470,07;5645667,12;8155509,50;9133303,81;6458730,39;6539476,88;10151054,23;9569911,94;8834151,22;
0809092;"Zabór (2)";8074241,31;7326220,80;9856674,51;10966511,27;13342156,77;14073129,23;12449461,06;16678326,94;15151250,00;21952690,82;
0810000;"Powiat żagański";144480447,33;135709872,99;148046436,58;160790480,16;174524522,80;196774908,38;195607191,71;275242719,72;248175956,28;276650663,52;
0810011;"Gozdnica (1)";5742212,35;5303295,95;5848455,68;5874807,87;6874078,64;8588361,34;6787859,80;9855230,32;7578717,27;10470714,27;
0810021;"Żagań (1)";47072060,82;48178816,66;53081127,31;55691511,61;60694554,81;69266670,81;68263707,54;70649663,09;74722611,05;88469916,82;
0810032;"Brzeźnica (2)";5485259,77;4834587,54;4784739,20;5237734,84;5480102,69;6846696,70;6354872,17;10144865,05;8201154,26;9777068,14;
0810043;"Iłowa (3)";10378076,75;10142099,51;11586905,31;20368181,73;22029794,80;22056219,35;20086069,04;46765744,45;35653361,16;35910472,56;
0810053;"Małomice (3)";5739163,13;6063145,32;6417687,02;6659678,62;7917532,61;8119801,67;8962683,60;12117598,00;11213310,88;12301332,11;
0810062;"Niegosławice (2)";6435376,55;5171583,30;10664290,06;9967986,61;8434934,08;13857599,64;9437525,13;16306334,19;13713934,29;11756335,94;
0810073;"Szprotawa (3)";42717858,92;38980435,31;38352633,48;38634129,86;41754822,48;43341260,02;51140519,02;76445105,69;69853941,75;74562560,29;
0810082;"Wymiarki (2)";5406687,75;3616971,96;3908321,05;4505193,93;5071458,32;5348254,90;5129438,86;8769489,88;5593963,17;6297927,16;
0810092;"Żagań (2)";15503751,29;13418937,44;13402277,47;13851255,09;16267244,37;19350043,95;19444516,55;24188689,05;21644962,45;27104336,23;
0811000;"Powiat żarski";183113568,90;182625096,47;196489339,81;204444448,94;230142301,02;239747405,53;255629592,73;295822246,59;285829876,70;327267963,25;
0811011;"Łęknica (1)";7356417,76;7101941,88;7488899,42;7971634,49;9580112,49;9783103,96;8788518,41;12336119,09;10853065,98;11664877,92;
0811021;"Żary (1)";85532014,16;85678102,92;91087130,69;94790779,46;105637993,32;104181369,91;111997499,81;123536066,66;118404759,93;147017664,24;
0811032;"Brody (2)";5407877,33;5672796,39;5865225,64;6447215,78;6732759,58;7278513,03;7211940,52;10536029,73;11587267,53;;
0811033;"Brody (3)";;;;;;;;;;10259248,05;
0811043;"Jasień (3)";9540724,25;10518762,07;10908886,84;12290475,00;14676077,96;13713749,32;17697166,94;19209024,99;21825832,63;20517397,60;
0811052;"Lipinki Łużyckie (2)";4425743,60;4010207,69;4406431,68;5122943,69;5086822,72;7380981,95;7996600,56;10352332,73;8127557,68;9959455,70;
0811063;"Lubsko (3)";32456057,09;30366142,82;32135384,15;32307976,77;35752394,82;39368585,27;41216902,67;45155270,57;47613286,44;49382273,43;
0811072;"Przewóz (2)";5275184,08;5129035,47;5190452,55;5985543,75;6132890,17;8562668,37;8082635,30;10611710,30;8486147,68;9362293,72;
0811082;"Trzebiel (2)";7993590,42;7202011,65;8120317,58;8202026,73;12296743,46;10740421,75;10022772,97;13989547,00;13285505,20;13567947,27;
0811092;"Tuplice (2)";4620035,44;4379852,57;4626787,89;5197025,88;6065832,02;6101523,67;7699194,30;9134870,43;6597390,04;7923191,53;
0811102;"Żary (2)";20505924,77;22566243,01;26659823,37;26128827,39;28180674,48;32636488,30;34916361,25;40961275,09;39049063,59;47613613,79;
0812000;"Powiat wschowski";56316397,34;58433657,29;63341096,67;67429383,88;70946602,88;77758594,79;79139818,03;93547346,77;95613407,01;102826093,89;
0812013;"Sława (3)";21109433,16;23483258,11;25126695,36;28052178,71;28718152,22;30384944,02;29642011,79;38048129,95;36869922,58;39850127,70;
0812023;"Szlichtyngowa (3)";6449829,21;6817977,37;8168468,01;7498636,06;8231202,68;11133345,95;9781384,01;12045707,69;14354046,79;12470887,28;
0812033;"Wschowa (3)";28757134,97;28132421,81;30045933,30;31878569,11;33997247,98;36240304,82;39716422,23;43453509,13;44389437,64;50505078,91;
0861000;"Powiat m. Gorzów Wielkopolski";294268479,58;323250009,52;328955724,64;354124280,16;376084809,56;402451914,22;416816194,21;436008817,06;440835844,11;548437496,13;
0861011;"Gorzów Wielkopolski (1)";294268479,58;323250009,52;328955724,64;354124280,16;376084809,56;402451914,22;416816194,21;436008817,06;440835844,11;548437496,13;
0862000;"Powiat m. Zielona Góra";370188679,04;397210206,37;468713646,04;513893886,43;541447941,31;506894816,40;594785426,82;632587089,79;733723178,54;848559973,23;
0862011;"Zielona Góra (1)";370188679,04;397210206,37;468713646,04;513893886,43;541447941,31;506894816,40;594785426,82;632587089,79;733723178,54;848559973,23;
1000000;"ŁÓDZKIE";5724094619,55;5899204668,09;6172393712,66;6606666546,51;7257606405,47;7603747419,12;8377585097,26;9432724163,09;9615293712,10;11242309982,51;
1001000;"Powiat bełchatowski";481297027,95;483673026,55;509852777,23;505751166,33;542039360,42;526819789,42;585146367,40;632399527,24;665765516,08;705300631,11;
1001011;"Bełchatów (1)";126917032,57;127386434,72;135191472,34;144801386,18;145691363,33;150930474,27;178587271,20;177918593,08;186326384,19;214013531,28;
1001022;"Bełchatów (2)";24472875,54;24182564,70;26466498,27;28221809,71;32482872,89;31470764,94;37149584,83;112036789,82;121295413,64;123428973,58;
1001032;"Drużbice (2)";6391253,72;6305406,35;6619913,69;7647298,95;9334556,97;9574930,81;10211109,15;13699149,55;13576552,28;13562755,77;
1001042;"Kleszczów (2)";261421694,60;256900460,97;257174021,50;242046214,31;258450347,55;233555277,24;252677523,81;201936139,67;216816428,04;219491864,95;
1001052;"Kluki (2)";6788093,86;7477734,89;8311773,03;8314029,17;9978285,46;9558595,32;10737242,99;13678683,08;13559476,66;13305146,21;
1001062;"Rusiec (2)";8075148,33;9039022,65;11621386,92;10356340,26;10003906,72;10387081,21;12630209,56;20636814,99;18302511,80;17866832,88;
1001072;"Szczerców (2)";29063992,37;33530376,69;44450550,35;43267070,35;50664756,53;58521330,87;55779080,10;55776518,36;62777585,42;60351071,36;
1001083;"Zelów (3)";18166936,96;18851025,58;20017161,13;21097017,40;25433270,97;22821334,76;27374345,76;36716838,69;33111164,05;43280455,08;
1002000;"Powiat kutnowski";187264434,04;193564614,85;198575322,73;211231793,82;226643968,80;256318060,16;272268745,41;338676896,76;316524196,80;392551546,32;
1002011;"Kutno (1)";106487486,09;110632955,11;111315193,01;120293884,43;124589071,91;137458950,74;153055597,12;172865231,94;168915359,24;215250336,60;
1002022;"Bedlno (2)";5996623,40;6616904,28;7455331,09;9402771,07;8150712,21;9903237,73;10873899,55;15995711,00;13115225,55;20770812,23;
1002032;"Dąbrowice (2)";3151138,80;3457555,28;5395673,96;4051214,31;4286501,66;7782063,69;5449969,68;9669475,83;;;
1002033;"Dąbrowice (3)";;;;;;;;;5722381,80;5077254,52;
1002043;"Krośniewice (3)";13286413,08;13380295,24;13346910,76;14144290,80;15024447,56;14683775,92;14720995,69;24402208,25;21185464,39;19456349,42;
1002052;"Krzyżanów (2)";7751150,28;8720267,81;9021719,18;9448922,45;13298799,29;12831445,64;12094067,24;18355841,03;16189435,78;21737303,03;
1002062;"Kutno (2)";11496180,81;12826607,42;13345649,21;14575968,91;15892757,55;19541934,12;22513580,51;24905341,58;25191504,72;32477554,64;
1002072;"Łanięta (2)";2734018,93;3346714,31;2764685,36;2970654,90;3438841,24;4349693,76;4975425,02;7523242,96;6591498,90;9801809,26;
1002082;"Nowe Ostrowy (2)";9302309,20;6021587,14;6916581,40;6108007,98;7430222,78;7930891,94;7434706,85;13075364,72;9626690,88;12598540,69;
1002092;"Oporów (2)";3566420,44;3039994,39;3090290,04;3486066,34;5056243,07;5353516,29;5026824,78;7559285,26;6352037,05;9828975,26;
1002102;"Strzelce (2)";4559408,66;5637799,62;5913293,70;6049255,83;7488711,86;12167001,83;7835445,82;12942450,26;10937655,79;10006780,41;
1002113;"Żychlin (3)";18933284,35;19883934,25;20009995,02;20700756,80;21987659,67;24315548,50;28288233,15;31382743,93;32696942,70;35545830,26;
1003000;"Powiat łaski";75559386,01;79443014,99;80476651,81;92154604,53;101696834,06;102622545,67;116240940,85;143525234,42;145289952,20;168769666,78;
1003012;"Buczek (2)";9860375,49;11933548,72;10022609,85;11261681,14;12866139,46;11955237,69;12968259,05;18370871,70;18333277,19;19258398,04;
1003023;"Łask (3)";44192210,49;44688661,29;45941074,10;51205134,81;56507224,03;55813067,85;63218868,64;75323291,37;73037734,82;93473370,18;
1003032;"Sędziejowice (2)";8035355,88;8291032,69;8453554,64;10764207,78;10306077,30;10672695,53;13639734,29;17352704,95;17814428,40;19779295,74;
1003042;"Widawa (2)";7945935,20;9000594,59;10300616,28;12212261,03;14014183,23;15391815,71;16022915,77;18587846,21;21697966,50;21488047,48;
1003052;"Wodzierady (2)";5525508,95;5529177,70;5758796,94;6711319,77;8003210,04;8789728,89;10391163,10;13890520,19;14406545,29;14770555,34;
1004000;"Powiat łęczycki";66949073,68;71594489,41;75877529,24;98154172,19;113185417,48;114187092,91;123330143,82;150422530,96;151449310,30;162806054,43;
1004011;"Łęczyca (1)";27232046,61;28582900,67;28838305,92;32069640,95;36862687,98;38380078,96;42451658,33;42132184,71;41748314,71;54102932,76;
1004022;"Daszyna (2)";5582924,65;5976134,08;8745028,09;23773179,49;17614071,54;12065332,10;13731705,34;19841107,27;20770373,18;21338635,84;
1004032;"Góra Świętej Małgorzaty (2)";4538174,67;4618894,44;4886459,19;5778991,67;6763445,10;7775578,63;9465935,70;11094762,09;10722067,14;10439108,74;
1004042;"Grabów (2)";5973115,10;8266766,60;8101203,24;7506337,52;8580664,04;9430518,94;9522920,38;15508100,78;16312536,97;;
1004043;"Grabów (3)";;;;;;;;;;17148163,36;
1004052;"Łęczyca (2)";9063390,93;9981543,87;11051327,49;13140871,29;20870081,79;19811078,13;20771672,53;24628498,23;23217095,67;24528062,97;
1004062;"Piątek (2)";5718530,86;6061884,44;6443992,11;7303157,74;10410278,65;;;;;;
1004063;"Piątek (3)";;;;;;12112868,18;14477696,34;17315286,98;20892814,74;19230542,32;
1004072;"Świnice Warckie (2)";4225261,51;3778488,05;4021053,74;4379864,63;6705657,20;8971636,28;7073319,99;10590066,85;9658004,19;8020284,44;
1004082;"Witonia (2)";4615629,35;4327877,26;3790159,46;4202128,90;5378531,18;5640001,69;5835235,21;9312524,05;8128103,70;7998324,00;
1005000;"Powiat łowicki";127732269,42;122806819,30;129436065,16;143691676,94;167844357,65;183809510,83;190340672,18;233919043,21;233879479,08;273137085,86;
1005011;"Łowicz (1)";60612587,78;63397744,22;65008386,37;70167173,90;79004746,70;86158494,86;92221252,42;96314106,42;102655209,73;133372626,51;
1005022;"Bielawy (2)";7352029,94;5860441,37;6553461,92;8093794,68;8051868,31;8922713,87;8839612,97;12757955,68;11585748,51;16535934,91;
1005032;"Chąśno (2)";2882945,97;2886970,31;3196863,62;3678601,90;4840279,46;5267207,61;4983712,25;8503878,57;6440698,31;6668852,92;
1005042;"Domaniewice (2)";5661339,68;5682454,84;6188099,22;6828248,48;7653921,69;7914096,52;9023355,00;12681079,63;12669095,98;12648288,79;
1005052;"Kiernozia (2)";3913683,11;3906040,44;4081873,69;4355136,12;6067054,69;7353733,05;6131234,71;10829321,53;7103619,34;;
1005053;"Kiernozia (3)";;;;;;;;;;7482990,43;
1005062;"Kocierzew Południowy (2)";3114205,10;2998857,34;3432632,70;3596986,80;5259797,16;6101920,00;5107911,94;9076031,16;9482525,77;6914556,87;
1005072;"Łowicz (2)";14119719,25;9779911,92;10320123,07;12157018,10;14859415,12;17709712,16;17107586,13;23299901,90;25033964,47;25604223,26;
1005082;"Łyszkowice (2)";9736009,99;9696093,11;10911332,11;11448783,01;13320076,35;13404296,21;15303620,47;18467073,71;16858608,46;19698185,87;
1005092;"Nieborów (2)";12090142,79;12080834,19;12992424,87;14920697,83;19364706,94;17517804,31;20379290,17;24230798,53;25523130,58;26074100,61;
1005102;"Zduny (2)";8249605,81;6517471,56;6750867,59;8445236,12;9422491,23;13459532,24;11243096,12;17758896,08;16526877,93;18137325,69;
1006000;"Powiat łódzki wschodni";141313330,75;158848251,72;165983222,00;190110489,83;207789407,32;225991029,70;253048535,22;287082871,12;302218775,87;361624369,92;
1006022;"Andrespol (2)";20054621,25;23424498,75;23512593,88;27000536,21;33051508,61;37446463,17;37152834,46;46796398,80;47858477,88;55167486,03;
1006032;"Brójce (2)";10784231,88;12281011,08;11841598,57;16463062,80;16491191,01;16946557,61;22176810,62;29018516,25;26983729,50;35823818,70;
1006073;"Koluszki (3)";40457076,61;48482696,02;46254942,91;56856223,83;54882208,46;65018373,67;73393347,12;80261878,99;92524924,28;94851046,62;
1006082;"Nowosolna (2)";12867110,74;13538102,73;17385198,60;18429769,59;20258440,82;22635143,35;26756106,18;28550364,87;28184903,54;38717731,16;
1006103;"Rzgów (3)";32088438,71;34856936,05;37132023,29;40346619,61;47283887,30;49298414,71;53041436,86;57024224,38;62071198,75;71945515,11;
1006113;"Tuszyn (3)";25061851,56;26265007,09;29856864,75;31014277,79;35822171,12;34646077,19;40527999,98;45431487,83;44595541,92;65118772,30;
1007000;"Powiat opoczyński";96015899,44;95148944,23;100679757,39;110780586,56;125719135,65;132400186,69;167121905,08;198615227,44;214416418,59;236459900,16;
1007012;"Białaczów (2)";4741399,22;4973632,70;5592283,27;6053842,72;6831299,71;7755263,75;8688266,01;13986330,12;13938807,04;;
1007013;"Białaczów (3)";;;;;;;;;;12260276,38;
1007023;"Drzewica (3)";8119109,58;9568206,34;9446085,70;10582784,87;13534918,03;12757675,23;15649681,65;20924959,01;22966537,67;20980742,96;
1007032;"Mniszków (2)";9407992,90;5724964,97;6833188,96;7540837,34;6868784,75;8303135,91;10975104,44;13466609,55;14774203,98;11936680,10;
1007043;"Opoczno (3)";49980025,02;49913328,03;52583147,98;59284211,23;65077813,24;65959070,02;94220956,99;94217434,67;99427285,18;138661704,24;
1007052;"Paradyż (2)";5537411,65;5060185,07;5207257,04;5581150,87;7165104,52;9696042,78;9047891,29;14487881,14;12957708,50;8956865,04;
1007062;"Poświętne (2)";2939049,93;3164020,89;3297861,20;3593984,34;3848555,62;4114677,56;4582418,80;8273853,24;9453927,30;6455479,63;
1007072;"Sławno (2)";10082176,49;10964865,34;11866455,73;11712352,47;14281914,54;14044846,22;15321943,86;20227807,75;24150879,58;23985334,17;
1007082;"Żarnów (2)";5208734,65;5779740,89;5853477,51;6431422,72;8110745,24;9769475,22;8635642,04;13030351,96;16747069,34;;
1007083;"Żarnów (3)";;;;;;;;;;13222817,64;
1008000;"Powiat pabianicki";235771911,21;245634163,79;257797689,68;286022100,53;313787918,20;330324688,03;373179732,15;411105512,34;424592080,85;530317154,49;
1008011;"Konstantynów Łódzki (1)";35283893,92;40077471,38;43573336,48;49841160,33;51032370,40;54105812,62;62829335,90;65519259,11;70971702,54;83192767,05;
1008021;"Pabianice (1)";125161058,17;128330237,06;131377245,26;144824231,21;157608858,27;163940105,93;181895379,46;199038209,57;202353467,20;253206397,33;
1008032;"Dłutów (2)";6093789,81;5705390,29;7236581,69;6986241,08;9965432,68;9721830,96;10778263,93;14410955,64;13629981,74;20185991,36;
1008042;"Dobroń (2)";13873643,75;14232986,99;15661182,19;17777325,56;17451550,97;18150685,88;22245346,82;26470091,86;29421994,82;37671809,29;
1008052;"Ksawerów (2)";20990378,92;21561919,74;23910172,56;25515033,12;29297936,27;31974542,34;36408690,87;39273336,98;40117246,96;52123866,97;
1008062;"Lutomiersk (2)";12749351,81;13717979,98;13922604,98;16437686,69;19461867,26;20835297,50;24140555,84;;;;
1008063;"Lutomiersk (3)";;;;;;;;26698812,63;27131460,57;36253873,86;
1008072;"Pabianice (2)";21619794,83;22008178,35;22116566,52;24640422,54;28969902,35;31596412,80;34882159,33;39694846,55;40966227,02;47682448,63;
1009000;"Powiat pajęczański";130447222,89;131836956,07;135250352,64;155528547,92;166586849,19;167022208,13;196450143,73;241205697,91;220825173,83;251181179,58;
1009013;"Działoszyn (3)";27564133,43;29848453,78;31255150,79;34335745,32;34338300,55;37954877,79;40648873,48;48701099,97;45447258,60;58261838,36;
1009022;"Kiełczygłów (2)";6161881,19;5673940,19;5866789,95;6630813,03;7486324,60;7472648,53;9108556,99;13015723,33;11412170,03;11646396,62;
1009032;"Nowa Brzeźnica (2)";4985456,50;5187763,87;5322336,42;5778206,55;7122629,33;8244092,30;8397154,14;11764520,89;9531369,65;10863586,56;
1009043;"Pajęczno (3)";17021340,31;17012684,90;17600318,40;20220225,41;23376151,72;29314140,27;31841492,06;35125024,28;33660466,55;34268196,56;
1009052;"Rząśnia (2)";39396693,98;43031912,97;42182281,32;49935784,82;49163539,02;36375674,84;41688204,09;47525505,66;37143947,74;40104667,35;
1009062;"Siemkowice (2)";4460633,58;5610580,20;6265217,81;7522515,86;9408847,13;8886602,40;9577036,90;14491788,84;13024329,97;13915520,32;
1009072;"Strzelce Wielkie (2)";9032419,44;5186227,96;5553779,61;6113476,51;8315265,01;6912445,43;8701780,75;12402573,52;10328929,69;12261732,10;
1009082;"Sulmierzyce (2)";21824664,46;20285392,20;21204478,34;24991780,42;27375791,83;31861726,57;46487045,32;58179461,42;60276701,60;69859241,71;
1010000;"Powiat piotrkowski";126042067,55;129233570,81;136192204,29;156462322,87;176839883,27;201663735,51;220259871,52;250985624,84;260360102,48;290293438,90;
1010012;"Aleksandrów (2)";3857589,63;3486646,35;4031004,14;4084787,94;4524862,18;5110232,10;6477743,99;9640008,47;9085106,42;10007838,31;
1010022;"Czarnocin (2)";5733594,09;5625848,37;6095069,74;6235647,72;7960508,86;9701737,38;10313406,83;13271549,87;13479692,42;16556259,28;
1010032;"Gorzkowice (2)";10694551,98;11864265,94;12315866,35;15168784,66;15916307,88;16415320,86;19898603,61;21049326,40;19100884,66;20378397,03;
1010042;"Grabica (2)";9984911,48;10650773,22;11249324,36;13574705,89;16464303,32;18720321,12;20562836,55;23316811,34;27203553,80;26464676,92;
1010052;"Łęki Szlacheckie (2)";3184423,23;3155468,36;3515930,86;4194330,64;3664523,04;5067601,29;5108847,85;8414441,86;5029485,33;6769116,52;
1010062;"Moszczenica (2)";20557399,06;19666271,90;21210931,82;22222258,45;24650722,21;29457568,69;35659934,34;36415563,56;37423379,03;41401893,01;
1010072;"Ręczno (2)";3190613,58;3218544,12;3383836,75;4067869,17;4278968,38;4399012,55;4765041,05;7782722,47;5922663,83;7231226,97;
1010082;"Rozprza (2)";12783573,17;12380046,12;14001480,01;15005395,96;17928219,06;17865285,89;21522436,54;21456626,81;;;
1010083;"Rozprza (3)";;;;;;;;;21059168,12;26540779,73;
1010093;"Sulejów (3)";17801540,81;20378141,30;22546479,52;28240329,67;32796436,46;32237044,61;36827603,28;39701157,80;41447647,87;48518354,93;
1010102;"Wola Krzysztoporska (2)";23530456,63;23421294,30;21354439,02;25696540,29;29213778,31;35788931,19;32762010,56;40234535,26;51107311,91;48323910,76;
1010113;"Wolbórz (3)";14723413,89;15386270,83;16487841,72;17971672,48;19441253,57;26900679,83;26361406,92;29702881,00;29501209,09;38100985,44;
1011000;"Powiat poddębicki";64451734,83;63696640,41;71122571,19;75113171,37;94010803,90;105005799,42;128585200,95;146650538,59;149585330,51;159632310,96;
1011012;"Dalików (2)";6084854,73;4344981,16;4478798,08;5335094,24;7030239,12;8385712,66;9487059,49;13125034,80;18156097,12;16504169,25;
1011022;"Pęczniew (2)";4223394,80;4070184,36;5051318,94;5852563,03;6138478,47;5588847,23;7872903,58;12974736,53;9415038,03;9588958,82;
1011033;"Poddębice (3)";21499298,20;22546305,30;24100825,91;26827665,89;28301010,91;36283193,85;51670441,98;46842586,76;38526781,03;49877194,76;
1011043;"Uniejów (3)";17644067,72;16845226,95;19102981,70;17847113,29;28814499,78;24404521,91;32911211,83;34634056,59;49343976,17;48289235,97;
1011052;"Wartkowice (2)";9099979,07;10254044,37;12318368,43;12972904,72;14862288,26;19499698,15;18296675,48;27125715,94;23524031,83;23450079,39;
1011062;"Zadzim (2)";5900140,31;5635898,27;6070278,13;6277830,20;8864287,36;10843825,62;8346908,59;11948407,97;10619406,33;11922672,77;
1012000;"Powiat radomszczański";176217056,11;185269796,46;209473016,75;211716611,94;247289014,63;277898257,59;326336518,79;388854730,52;374599198,98;424320344,34;
1012011;"Radomsko (1)";85793081,97;89740882,25;109179281,70;104659090,21;114564645,93;130646968,28;152455555,64;158232471,12;167905901,32;177177116,21;
1012022;"Dobryszyce (2)";7563252,85;6819273,57;7564809,19;7923365,91;8667982,23;9106266,75;11886824,98;17320228,79;16426314,55;16160589,82;
1012032;"Gidle (2)";7937101,36;6350707,11;6682059,22;7600614,61;10626550,43;9251853,87;11022225,36;13267755,66;13600776,14;14122861,08;
1012042;"Gomunice (2)";7122913,97;8991189,80;8291886,61;9486875,14;10951270,27;12611060,53;13742518,83;16850219,98;16990960,71;27342310,49;
1012053;"Kamieńsk (3)";13878544,59;18313901,69;21193653,33;20952260,20;26833319,92;32412643,58;44855861,92;60965162,98;49049004,11;65152690,23;
1012062;"Kobiele Wielkie (2)";3745227,01;3838298,47;4365404,61;5667496,02;5466952,48;6494434,35;6543079,76;10357744,88;8588479,21;10090986,40;
1012072;"Kodrąb (2)";4783381,77;5048102,78;4462756,72;5108546,67;5865980,46;6594779,76;7270070,70;10306523,08;10139614,08;9801556,68;
1012082;"Lgota Wielka (2)";6353011,71;5507292,03;6466744,39;6798706,83;7674482,59;9513607,37;10518261,43;12534261,71;10400098,71;12257174,78;
1012092;"Ładzice (2)";5961735,62;6716862,01;7142008,41;7895435,60;10449792,47;10110728,43;10213281,81;13352730,62;12376585,79;20407639,90;
1012102;"Masłowice (2)";7040671,97;5612523,00;6768678,62;6479841,26;9410859,99;11855479,87;10957745,35;15612533,80;11049491,03;10259254,57;
1012113;"Przedbórz (3)";9729534,45;8040517,14;8468526,07;9048262,70;11965423,92;11925959,28;12572951,75;16960500,73;16679251,98;19816672,53;
1012122;"Radomsko (2)";8106122,57;9729650,29;10176697,40;10422422,33;13139986,04;12748580,26;18991179,71;21662360,93;21396364,50;21478945,78;
1012132;"Wielgomłyny (2)";4271490,07;5872186,90;4423819,18;4899327,78;5920645,56;7163929,53;7654486,23;10361806,71;9524515,15;9742972,02;
1012142;"Żytno (2)";3930986,20;4688409,42;4286691,30;4774366,68;5751122,34;7461965,73;7652475,32;11070429,53;10471841,70;10509573,85;
1013000;"Powiat rawski";79021013,58;82097694,84;86630300,06;97693597,65;108171420,66;118793751,22;125208171,60;153680605,71;147200286,32;165269180,79;
1013011;"Rawa Mazowiecka (1)";38154133,56;41392323,85;42316662,14;53046548,18;53944649,49;57646954,28;60257102,68;64389688,78;68376469,89;79044380,00;
1013023;"Biała Rawska (3)";15625107,54;16117445,00;16720878,38;17351627,75;19760507,73;21299476,65;26444954,64;30237548,74;30175573,24;29172903,26;
1013032;"Cielądz (2)";3988396,29;3854337,83;4305235,86;4714763,61;5310569,24;6003829,11;6584046,61;10619031,04;9193938,83;9328385,97;
1013042;"Rawa Mazowiecka (2)";12950593,83;12835765,90;15107178,56;14618323,46;19611828,79;23056698,43;21698754,41;27877844,83;24788028,91;29294437,53;
1013052;"Regnów (2)";2175109,82;2359009,61;2503297,33;2270178,24;2918165,44;3030624,46;2850026,21;7866901,63;4867499,64;6452448,29;
1013062;"Sadkowice (2)";6127672,54;5538812,65;5677047,79;5692156,41;6625699,97;7756168,29;7373287,05;12689590,69;9798775,81;11976625,74;
1014000;"Powiat sieradzki";166905027,57;168897332,35;178946591,53;209167672,91;227553611,81;245575161,91;264462598,47;333556767,15;338389779,10;389431926,09;
1014011;"Sieradz (1)";82862401,13;84024253,08;85643806,02;107762424,91;105802364,14;108647035,20;118507216,79;124659431,28;153276041,87;161618017,03;
1014023;"Błaszki (3)";14038785,71;15661650,82;16551291,10;18924527,10;19957616,47;24802694,15;24414717,31;36075856,18;29377648,63;42564575,77;
1014032;"Brąszewice (2)";4168806,08;4372007,98;5297299,61;5315904,00;6110899,32;7738984,58;8448530,69;11484817,64;13054310,39;17249818,90;
1014042;"Brzeźnio (2)";8268378,17;6557985,43;6567856,75;11036890,53;10121078,37;11062433,29;13440674,02;17324865,69;18951037,77;23614062,54;
1014052;"Burzenin (2)";6009146,97;6960482,23;7266497,75;8019670,51;9697232,09;10748575,98;12858049,42;15671947,70;13677113,65;17432820,09;
1014062;"Goszczanów (2)";4741245,50;4565618,16;4627769,95;5162924,79;7506270,42;7188612,10;7399910,01;12918288,81;11129514,82;9123383,63;
1014072;"Klonowa (2)";3077548,04;3168600,87;3368664,51;3571540,20;4504267,58;4785932,44;4903508,24;8602627,52;6405672,29;14000223,62;
1014082;"Sieradz (2)";15451455,81;13378483,62;15163633,24;15191500,93;19027055,33;25522604,66;25867704,08;30964370,02;26786807,51;34593350,21;
1014093;"Warta (3)";11099550,00;12609342,69;12825738,89;14481642,24;21328145,43;18824612,87;22052565,43;34618067,55;31888748,43;32294670,93;
1014102;"Wróblew (2)";9216206,71;9505624,04;12888274,53;11116945,43;12129236,71;15313612,00;14468892,19;20754971,20;16933942,57;20208089,07;
1014113;"Złoczew (3)";7971503,45;8093283,43;8745759,18;8583702,27;11369445,95;10940064,64;12100830,29;20481523,56;16908941,17;16732914,30;
1015000;"Powiat skierniewicki";55568718,73;53899998,46;58521147,52;72556207,98;75438294,13;98864582,13;105236761,49;131519389,74;114658708,63;133086682,00;
1015012;"Bolimów (2)";8088242,54;5877937,75;6185316,96;7234455,57;7653141,66;9256676,65;10555268,14;;;;
1015013;"Bolimów (3)";;;;;;;;13540178,16;12738831,59;13073351,85;
1015022;"Głuchów (2)";6218219,69;7173939,39;10787198,57;8396154,17;9013311,47;13054266,11;16383586,12;20109645,99;16837114,26;14092220,33;
1015032;"Godzianów (2)";3388391,16;3470747,50;3927031,66;3563820,26;4149286,98;7545820,82;5484852,06;9235849,64;5951919,02;9464319,75;
1015042;"Kowiesy (2)";4344215,10;4954212,97;4032886,48;4323719,73;5382757,47;5821726,65;7284539,90;10553158,10;10090706,05;10309271,79;
1015052;"Lipce Reymontowskie (2)";4389742,45;3744301,02;3958163,54;7703343,15;7402633,90;11055435,61;10493215,03;13302487,69;8763494,92;11931229,90;
1015062;"Maków (2)";9457907,23;7994946,30;7895405,63;12671319,52;11990476,81;15060489,68;16298761,78;14668010,11;12586785,96;18896084,26;
1015072;"Nowy Kawęczyn (2)";4765881,24;5079885,54;5235057,53;5622718,60;7266562,07;8073859,22;9001707,05;12161352,69;10512190,54;15573549,48;
1015082;"Skierniewice (2)";12161371,38;12735093,28;12705881,53;15806689,35;18875621,94;22764096,79;24267148,99;27415019,93;30103722,64;30993867,11;
1015092;"Słupia (2)";2754747,94;2868934,71;3794205,62;7233987,63;3704501,83;6232210,60;5467682,42;10533687,43;7073943,65;8752787,53;
1016000;"Powiat tomaszowski";194697980,61;205903307,48;224012386,12;245534212,65;279793932,42;298853494,69;316683078,89;374782989,16;379091638,47;417897752,18;
1016011;"Tomaszów Mazowiecki (1)";105341715,93;114883015,64;128610257,81;140121152,36;155435800,49;154146372,87;162924236,01;177241352,42;179588732,31;205111776,38;
1016022;"Będków (2)";3845064,62;3568432,76;3628074,75;3821645,79;4529309,84;5235061,70;5579379,34;8630163,75;6960279,57;9139220,48;
1016032;"Budziszewice (2)";2990833,73;2356866,34;2529844,26;2974232,00;4157171,57;3489025,91;3457707,72;7716920,04;5058528,41;4302978,40;
1016042;"Czerniewice (2)";5739343,00;6441455,45;6352437,19;7336767,37;9266889,60;11003063,03;13344423,55;16384539,22;19644485,71;16281675,94;
1016052;"Inowłódz (2)";8594210,40;9281969,13;10976043,20;10793946,47;11540532,71;14418196,98;14667481,33;17819663,90;14411722,65;;
1016053;"Inowłódz (3)";;;;;;;;;;18232148,13;
1016062;"Lubochnia (2)";10041555,28;10907650,31;10994866,40;12972504,43;16839403,85;21450328,12;19049973,90;23608277,07;27866073,29;28577498,59;
1016072;"Rokiciny (2)";9559574,09;10285350,75;10288276,89;10731562,04;12609532,78;14793471,09;15734657,17;20752428,21;24535007,42;22348486,87;
1016082;"Rzeczyca (2)";7450428,19;4487825,82;5234897,89;5182654,16;8799647,46;7446895,38;7174890,60;16280818,38;13753222,10;10915063,04;
1016092;"Tomaszów Mazowiecki (2)";19320914,46;21255390,41;21462226,38;24727279,44;28322554,44;31453133,83;39129154,55;36491890,31;38934258,18;48343299,72;
1016102;"Ujazd (2)";17498651,49;18774440,76;20270737,35;22458757,66;22469639,76;30094979,25;28433856,72;38805329,57;;;
1016103;"Ujazd (3)";;;;;;;;;39776155,01;44291736,68;
1016112;"Żelechlinek (2)";4315689,42;3660910,11;3664724,00;4413710,93;5823449,92;5322966,53;7187318,00;11051606,29;8563173,82;10353867,95;
1017000;"Powiat wieluński";107042487,92;110726411,42;120823738,53;130286572,20;145008133,20;149706461,49;161936330,83;211179279,56;208479432,86;225051274,32;
1017012;"Biała (2)";4889927,07;4881458,24;5264549,28;5855704,49;6166004,42;7115963,04;7726013,05;12107849,60;11648434,10;11252511,22;
1017022;"Czarnożyły (2)";5316891,91;6111883,65;7747549,55;8344612,70;9964168,59;7646059,01;9012571,98;14893110,93;13763567,37;13742552,16;
1017032;"Konopnica (2)";4492485,71;4498394,17;4495316,15;4938665,14;6157837,63;5945038,48;6789323,24;11052159,52;9425621,30;9195854,94;
1017042;"Mokrsko (2)";6335838,95;5969027,88;6563041,79;6564264,57;7206284,29;8464936,00;9485134,07;13470413,81;14228535,76;17581280,08;
1017052;"Osjaków (2)";5480901,66;5715211,10;7198688,46;7107563,53;7522446,40;8811964,24;10301109,19;15403413,29;14982332,97;;
1017053;"Osjaków (3)";;;;;;;;;;14846755,93;
1017062;"Ostrówek (2)";4601927,48;4840024,17;4893768,20;5728841,31;5947257,87;6582985,96;6812319,15;11836399,57;11140108,29;11444840,40;
1017072;"Pątnów (2)";5618088,01;6041046,58;6388953,20;6540889,40;8357211,32;8264981,48;8988927,25;13653110,38;14203053,17;15149178,49;
1017082;"Skomlin (2)";4673584,74;3612564,46;3436340,93;3709709,58;4098899,12;5378629,09;5493752,81;9578054,96;6968821,07;8303916,26;
1017093;"Wieluń (3)";57534788,46;62640573,36;67959241,02;73938245,90;79981110,72;81314580,00;85417920,51;93100313,41;96223112,31;107313684,82;
1017102;"Wierzchlas (2)";8098053,93;6416227,81;6876289,95;7558075,58;9606912,84;10181324,19;11909259,58;16084454,09;15895846,52;16220700,02;
1018000;"Powiat wieruszowski";61608907,24;61482589,77;70723137,02;75775798,11;83148586,83;90516052,29;109823402,85;130026736,03;131257729,45;148033521,04;
1018012;"Bolesławiec (2)";4652975,19;4473303,26;4864916,40;5862802,90;6345009,63;6731031,18;7552328,53;10579711,79;8414724,81;;
1018013;"Bolesławiec (3)";;;;;;;;;;13991951,58;
1018022;"Czastary (2)";3400256,71;3647144,71;4494940,20;4572647,10;5042931,17;5507377,51;5978748,98;10475825,53;8142543,13;8917463,85;
1018032;"Galewice (2)";7453678,25;7324569,62;7390507,30;8074466,68;8933733,49;11832575,83;20501626,44;17158879,93;20482906,70;19194263,12;
1018042;"Lututów (2)";5487041,54;5562957,04;5825665,43;6475128,90;7809870,05;;;;;;
1018043;"Lututów (3)";;;;;;7754064,01;8234013,06;14146870,44;12514531,05;13572102,58;
1018052;"Łubnice (2)";6143780,58;5160047,65;5668519,97;6722917,26;7648037,86;9844094,46;9734884,94;11873183,95;10093600,82;11419237,91;
1018062;"Sokolniki (2)";6066762,05;6149899,48;7193545,56;7244312,39;9371913,68;11416603,27;9656563,72;14852644,97;15204649,01;17948332,65;
1018073;"Wieruszów (3)";28404412,92;29164668,01;35285042,16;36823522,88;37997090,95;37430306,03;48165237,18;50939619,42;56404773,93;62990169,35;
1019000;"Powiat zduńskowolski";94214931,44;93222492,71;105194984,29;114734449,05;125325860,54;129286852,24;151946555,54;181001424,63;178811141,20;194662744,10;
1019011;"Zduńska Wola (1)";64737083,55;63955293,94;72743978,75;79739894,08;81403626,72;82936571,11;100561423,20;108747241,94;108686997,94;124314238,95;
1019023;"Szadek (3)";8049358,65;8760264,74;8626664,49;9774237,73;11412940,57;11706122,78;14543500,08;18906813,60;19661791,37;18041305,69;
1019032;"Zapolice (2)";4704018,96;5468961,54;7163202,01;6478915,29;8089481,80;8496511,22;9820914,28;18310006,60;15865119,07;15038924,97;
1019042;"Zduńska Wola (2)";16724470,28;15037972,49;16661139,04;18741401,95;24419811,45;26147647,13;27020717,98;35037362,49;34597232,82;37268274,49;
1020000;"Powiat zgierski";315779401,62;331145498,58;350416582,56;391666521,34;438701401,65;484164732,62;514786548,69;562711130,02;590608413,32;702026608,23;
1020011;"Głowno (1)";22185010,29;22697929,90;24384724,07;28381914,19;28336242,41;30650537,69;34162865,87;37733403,23;37980210,78;50287785,36;
1020021;"Ozorków (1)";33171992,18;34921258,70;35354108,14;39818946,97;43235478,91;50492376,16;49553420,99;53265387,16;56748400,57;66287155,12;
1020031;"Zgierz (1)";105557003,09;114543877,55;119829346,10;129340941,89;136285883,11;152213825,49;161912854,25;171454752,07;185321709,84;220718964,81;
1020043;"Aleksandrów Łódzki (3)";60015871,16;61622830,41;62085098,21;75477362,17;86278896,58;94348253,02;95628910,72;101150759,66;94939774,61;126412661,25;
1020052;"Głowno (2)";4931708,21;4733023,75;5414428,45;5813939,26;7276454,13;8105247,01;8671291,29;11692770,72;9801081,11;10550489,49;
1020062;"Ozorków (2)";13073435,17;13508335,48;14168840,65;15497128,40;17089114,87;18799296,68;20879355,93;24798739,55;22832795,45;26642140,57;
1020072;"Parzęczew (2)";10223348,69;9386470,13;10018995,93;10311662,29;11564485,35;14108713,88;13978499,21;19770612,78;22190036,07;;
1020073;"Parzęczew (3)";;;;;;;;;;19212910,74;
1020083;"Stryków (3)";44309461,21;44760882,97;52108536,26;55193585,02;68107625,79;76475608,07;83040953,07;90646888,62;101159084,81;114057819,03;
1020092;"Zgierz (2)";22311571,62;24970889,69;27052504,75;31831041,15;40527220,50;38970874,62;46958397,36;52197816,23;59635320,08;67856681,86;
1021000;"Powiat brzeziński";49983598,19;45513083,41;49024598,88;54322729,96;60560194,79;69065102,19;75663013,82;106118837,45;94747278,30;99164359,43;
1021011;"Brzeziny (1)";20079219,60;19514025,41;21496096,80;24088307,22;25443305,42;30299089,09;31632090,11;47257099,25;32600536,29;39404214,68;
1021022;"Brzeziny (2)";10203661,07;8037633,27;8827493,58;10339939,26;11395918,51;12612737,77;13948192,84;17945770,12;18435064,69;21853785,72;
1021032;"Dmosin (2)";7449201,44;7246021,45;7852723,07;8397315,83;9622822,19;10911174,53;10967474,83;16441312,18;14808762,67;14269041,44;
1021042;"Jeżów (2)";7031604,41;5195056,68;4910442,88;5123292,42;5957289,70;6927306,54;7817884,60;10958289,37;;;
1021043;"Jeżów (3)";;;;;;;;;14061556,80;9453382,67;
1021052;"Rogów (2)";5219911,67;5520346,60;5937842,55;6373875,23;8140858,97;8314794,26;11297371,44;13516366,53;14841357,85;14183934,92;
1061000;"Powiat m. Łódź";2386783397,12;2473749412,82;2536384120,57;2627320496,64;2829156588,94;2895426112,95;3156608377,22;3343232410,33;3459803468,74;4212471164,75;
1061011;"Łódź (1)";2386783397,12;2473749412,82;2536384120,57;2627320496,64;2829156588,94;2895426112,95;3156608377,22;3343232410,33;3459803468,74;4212471164,75;
1062000;"Powiat m. Piotrków Trybunalski";193026770,64;193828953,51;202099554,77;216675454,48;247058480,43;238468330,38;267367174,56;288748077,16;306969768,82;354200450,01;
1062011;"Piotrków Trybunalski (1)";193026770,64;193828953,51;202099554,77;216675454,48;247058480,43;238468330,38;267367174,56;288748077,16;306969768,82;354200450,01;
1063000;"Powiat m. Skierniewice";110400971,01;117987604,15;118899410,70;134215588,71;154256949,50;160963880,95;175554306,20;192723080,80;205770531,32;244620636,72;
1063011;"Skierniewice (1)";110400971,01;117987604,15;118899410,70;134215588,71;154256949,50;160963880,95;175554306,20;192723080,80;205770531,32;244620636,72;
1200000;"MAŁOPOLSKIE";6864176324,81;7190638695,46;7723617225,88;8441760785,90;9236969994,97;10138467089,75;11201173424,90;12139824774,65;12218796480,19;14864438628,90;
1201000;"Powiat bocheński";152785685,90;158621508,33;184608350,59;191985722,39;204754109,32;238022333,80;255532071,19;283632413,52;287407713,82;339659490,26;
1201011;"Bochnia (1)";63902289,61;68007521,43;83309980,41;81886640,20;80774360,27;86932355,30;98197007,37;101079159,12;110151927,44;139946562,64;
1201022;"Bochnia (2)";24881398,83;25745557,82;29795889,13;29150316,29;33944617,20;39665397,73;43793983,75;44855642,00;47536869,30;55154629,84;
1201032;"Drwinia (2)";7557704,64;7719944,99;8454299,02;8269410,38;9723909,53;12359741,66;14945888,94;15240156,97;13664742,57;15378812,93;
1201042;"Lipnica Murowana (2)";4866595,47;4489944,60;4651343,26;5411447,46;6713114,13;9042441,76;8120487,23;11679309,15;9383469,06;10930382,79;
1201052;"Łapanów (2)";12459171,44;12130572,79;12341678,35;13464665,38;15431929,96;19494420,23;18015927,96;22142316,08;20150865,87;26104116,28;
1201063;"Nowy Wiśnicz (3)";15216286,54;15857260,75;18368119,68;20683571,59;23108329,80;28615578,32;27400812,91;32827740,43;36241679,17;35849220,03;
1201072;"Rzezawa (2)";12691227,73;14595980,52;15091217,04;17800297,60;19954071,94;21122749,83;24064521,57;26762394,37;25429693,28;28670498,74;
1201082;"Trzciana (2)";5259071,36;5550572,74;6045206,20;7897071,04;8404980,30;12352726,73;12716313,76;16588881,22;14764021,19;16290117,69;
1201092;"Żegocina (2)";5951940,28;4524152,69;6550617,50;7422302,45;6698796,19;8436922,24;8277127,70;12456814,18;10084445,94;11335149,32;
1202000;"Powiat brzeski";119787306,25;125226571,91;123216605,62;139114155,56;162073764,67;193536450,92;203175355,49;232310487,46;227057727,73;240292220,87;
1202012;"Borzęcin (2)";10721497,76;11373481,06;10919351,96;13589115,59;20333270,08;18783774,91;21637211,66;24885750,83;26270533,96;24188288,33;
1202023;"Brzesko (3)";61685491,48;63772464,11;62946279,80;69372638,36;76552238,86;83813507,14;102354289,45;101965428,67;103230121,86;113163499,30;
1202033;"Czchów (3)";11838428,33;11206713,68;11496695,20;13864131,74;15402650,06;16668287,49;16580036,05;21570079,89;21846077,42;24184470,96;
1202042;"Dębno (2)";11815940,86;16814736,88;13915393,25;15351923,59;18040833,38;26093654,26;21196982,68;28336330,14;25823079,80;28218295,78;
1202052;"Gnojnik (2)";9063229,08;6888286,72;7328628,20;8868134,50;10455155,23;19274510,27;15190473,01;17636066,02;15851713,46;15588454,93;
1202062;"Iwkowa (2)";5691159,03;5640309,04;7040926,64;6863511,17;8633745,44;10005258,80;9569472,21;19053169,00;13253639,42;14910489,30;
1202072;"Szczurowa (2)";8971559,71;9530580,42;9569330,57;11204700,61;12655871,62;18897458,05;16646890,43;18863662,91;20782561,81;20038722,27;
1203000;"Powiat chrzanowski";235095390,24;249111716,11;260991320,06;282160442,28;298600272,71;306947508,10;329475907,71;356295613,05;363690183,21;438450958,73;
1203013;"Alwernia (3)";18163649,11;19769772,05;20172465,19;22979916,61;26618504,43;29137774,03;31311929,82;34125013,48;35758801,91;45548493,09;
1203022;"Babice (2)";13679800,25;14893421,34;14397211,46;15389300,06;16857986,23;20108979,55;25225270,60;30747577,29;21935450,51;30005731,75;
1203033;"Chrzanów (3)";91562768,07;94144113,24;98024203,38;111618420,48;112599798,27;122283044,33;126209551,50;127232386,34;137949781,29;155757154,03;
1203043;"Libiąż (3)";39981781,72;43828131,55;49563925,11;49096553,24;49833216,63;47112640,96;52364905,23;62746147,42;61373755,18;74575876,10;
1203053;"Trzebinia (3)";71707391,09;76476277,93;78833514,92;83076251,89;92690767,15;88305069,23;94364250,56;101444488,52;106672394,32;132563703,76;
1204000;"Powiat dąbrowski";51261223,56;51765549,25;56440870,97;57080482,12;67280618,99;91010238,11;85109707,10;113080800,54;111531492,58;120720882,96;
1204012;"Bolesław (2)";1991051,87;2195443,80;2108078,60;2204412,58;2853172,49;3208177,87;2922824,23;7080087,69;3634035,07;6169570,87;
1204023;"Dąbrowa Tarnowska (3)";23640344,12;23914177,89;28087252,94;26356799,20;30061432,68;33050273,50;37588660,15;41744796,86;42546255,01;50972105,56;
1204032;"Gręboszów (2)";3047855,58;2717695,50;2823368,06;2981087,25;3129093,61;6957587,96;4991680,89;8348801,33;10051755,74;6873202,25;
1204042;"Mędrzechów (2)";2190667,99;2351222,49;2291820,66;2598380,21;2872903,58;6204942,85;3468766,67;6937845,05;4097179,40;5256992,12;
1204052;"Olesno (2)";4928962,46;5181913,17;5395534,69;5937775,16;6564823,15;12488693,89;9842949,41;13927087,57;12428434,40;14440036,06;
1204062;"Radgoszcz (2)";4667495,38;4223888,49;4618005,00;4855307,15;5383579,95;8005311,04;7649560,06;12202481,46;9926897,49;10239529,16;
1204073;"Szczucin (3)";10794846,16;11181207,91;11116811,02;12146720,57;16415613,53;21095251,00;18645265,69;22839700,58;28846935,47;26769446,94;
1205000;"Powiat gorlicki";128170241,28;129239571,52;132479858,89;143131529,06;160959120,07;228904061,40;256859648,58;264044066,82;245688251,87;291762920,25;
1205011;"Gorlice (1)";45196420,86;52220528,15;52211618,58;56355937,30;66255329,22;74981234,70;123240177,15;102323745,16;83375139,21;123158568,65;
1205023;"Biecz (3)";15588476,55;15537913,32;17010701,28;18872286,76;21785006,59;25850137,86;28901058,24;31040616,24;34445043,01;36066603,22;
1205033;"Bobowa (3)";8171002,64;9280338,92;8965069,86;9666048,17;10197731,95;18358880,67;15854690,88;18169844,97;23141694,12;20866342,35;
1205042;"Gorlice (2)";14839710,12;16096609,13;17226303,86;19186376,44;20258760,79;25331662,12;28572612,49;33062704,21;31241829,55;36444874,72;
1205052;"Lipinki (2)";8588747,52;5951899,93;5740553,53;6239129,02;7563520,88;10158337,50;10126091,36;12525896,14;10227844,25;13260127,57;
1205062;"Łużna (2)";8174915,18;5481796,69;6568306,42;6828106,89;7768955,59;15780862,70;11008778,81;14327662,00;12382111,10;13174634,38;
1205072;"Moszczenica (2)";3588670,78;3404467,72;3541523,64;3818592,42;4479351,13;7214198,94;7030202,42;10629702,35;6645791,14;8724355,85;
1205082;"Ropa (2)";4937275,60;3652008,95;3765057,45;4537263,80;4857379,76;8296447,77;6673745,67;9908397,79;8666273,94;11104454,46;
1205092;"Sękowa (2)";7190732,57;6090035,61;5142780,20;5769990,10;6380895,25;28058619,97;11067431,06;11807746,62;18758507,13;10153305,43;
1205102;"Uście Gorlickie (2)";11894289,46;11523973,10;12307944,07;11857798,16;11412188,91;14873679,17;14384860,50;20247751,34;16804018,42;18809653,62;
1206000;"Powiat krakowski";499954331,94;518133628,69;567888763,48;616035495,11;721980425,21;849556546,91;907664239,46;997263395,09;999150732,10;1295633427,48;
1206012;"Czernichów (2)";18787150,30;20148719,74;21675285,61;23149469,43;28655969,84;38486850,60;40455523,16;36938717,10;40759319,68;48512592,95;
1206022;"Igołomia-Wawrzeńczyce (2)";9683632,22;9701917,05;12240890,48;11672802,37;13702669,58;15498273,20;16579718,59;20467540,07;20440534,23;23311463,57;
1206032;"Iwanowice (2)";11208566,71;11305940,98;13996195,96;14022701,50;15345782,80;18729377,54;18873157,66;21902327,88;24583441,05;30302374,15;
1206042;"Jerzmanowice-Przeginia (2)";12580952,45;12389090,53;13442776,92;14564453,99;17375367,51;30341718,10;21328515,98;25975182,42;25238706,70;32530930,54;
1206052;"Kocmyrzów-Luborzyca (2)";17091304,59;19057471,64;21903569,85;27068805,46;31298725,85;43514480,70;43593491,52;46399168,15;48476088,94;60480659,44;
1206063;"Krzeszowice (3)";52517247,40;54088136,81;56333299,82;63295961,77;74503035,57;86038496,71;90743954,39;88047374,32;87145458,27;123438564,61;
1206072;"Liszki (2)";29446615,07;32460925,48;34064494,89;31743367,37;41907908,54;46743963,15;53731267,29;56928397,11;64862212,34;73729571,44;
1206082;"Michałowice (2)";18251101,29;20035910,20;21605347,94;25188311,79;28148153,56;33905713,74;39006255,53;42841791,21;40202564,93;56772127,62;
1206092;"Mogilany (2)";29186471,40;28754601,89;32827957,56;38055404,62;44578842,80;50143805,67;53699749,40;71067484,30;58129891,35;79440383,77;
1206103;"Skała (3)";14652196,58;16772329,08;16927448,06;19162289,42;20396656,60;24937231,14;27614106,61;29478697,27;33349487,43;36560487,89;
1206113;"Skawina (3)";103696994,00;99746218,86;105851193,99;116396102,53;129847097,08;145357551,95;156813929,20;161563469,63;174980666,11;215212129,65;
1206123;"Słomniki (3)";17844607,13;20399516,44;20898439,14;22064519,93;25418475,65;35529909,28;32363941,74;36009566,31;37636975,43;43820923,70;
1206132;"Sułoszowa (2)";5772499,61;5832401,05;6166056,20;6982388,55;9140708,49;10251953,79;10250430,91;17183000,86;18449904,75;19319846,27;
1206143;"Świątniki Górne (3)";15830448,65;18253284,25;19967874,05;22654594,07;26304155,23;32268683,96;34626275,42;38808278,99;36623687,40;48489900,24;
1206152;"Wielka Wieś (2)";29420938,34;32546824,17;36094783,68;41307092,69;46286455,49;58644821,15;64277720,87;73997123,07;74991087,47;98357736,05;
1206162;"Zabierzów (2)";68367660,36;66894036,82;77590936,09;74103517,93;91795771,82;95249580,29;115660535,66;121824079,34;118572756,65;160049544,21;
1206172;"Zielonki (2)";45615945,84;49746303,70;56302213,24;64603711,69;77274648,80;83914135,94;88045665,53;107831197,06;94707949,37;145304191,38;
1207000;"Powiat limanowski";147267736,16;133468199,45;142906968,12;164833975,29;176331182,96;235457037,21;222067720,78;282293067,45;316249196,11;323632829,07;
1207011;"Limanowa (1)";36769559,98;33840082,36;33181104,30;48871277,90;38280514,09;48323635,43;51295801,30;57828572,64;89761494,14;65886857,61;
1207021;"Mszana Dolna (1)";10825518,93;10591655,08;16942242,06;12236596,36;13953519,08;16760816,47;16978380,97;24388667,35;23932433,57;21888128,12;
1207032;"Dobra (2)";10476438,00;7217353,19;7385974,31;8690155,44;9975645,76;15683787,89;13028747,31;17786922,88;16035274,49;18077023,55;
1207042;"Jodłownik (2)";11754990,22;10867321,16;7507564,18;8413020,49;9923733,67;14428233,38;16823890,18;21722832,71;23704511,64;25061658,83;
1207052;"Kamienica (2)";9165190,18;5942566,33;6640046,52;6888100,22;7892578,53;9983324,45;10646584,18;13820588,82;10499830,42;11573194,59;
1207062;"Laskowa (2)";8041554,43;6679794,43;6874896,64;9477890,68;10058845,32;14590638,09;12865714,70;18198087,29;17152583,01;25973099,21;
1207072;"Limanowa (2)";21968680,82;21590860,28;25538016,77;27101818,66;33897496,51;46329601,96;39010894,12;43506837,56;54997729,13;58850487,37;
1207082;"Łukowica (2)";6536847,26;6598441,74;6899336,80;8478990,90;9538961,11;15237035,61;11769785,39;16211756,29;17458488,80;16471475,22;
1207092;"Mszana Dolna (2)";12579493,60;12029990,90;13193075,52;13697422,88;17386269,03;20946882,91;19632451,39;26394513,74;24616205,39;33575863,29;
1207102;"Niedźwiedź (2)";5235356,29;5953191,82;5693922,86;6534667,28;6949507,28;9429594,38;8976861,35;13242544,01;11065508,30;13542663,45;
1207112;"Słopnice (2)";4204828,61;3931682,36;4506027,27;5099733,68;7606812,54;11409610,50;7801277,24;12371689,48;10321319,72;12209976,86;
1207122;"Tymbark (2)";9709277,84;8225259,80;8544760,89;9344300,80;10867300,04;12333876,14;13237332,65;16820054,68;16703817,50;20522400,97;
1208000;"Powiat miechowski";61367106,80;57930768,92;63283902,09;64159385,36;69974394,08;98373959,16;99656048,74;120085715,23;124749533,25;124549651,15;
1208012;"Charsznica (2)";9278391,17;7488100,34;7731128,30;7992848,59;9281781,56;16856306,82;11823154,01;15074290,44;17956224,67;19468145,34;
1208022;"Gołcza (2)";7480719,39;6440499,49;7749412,94;6945263,40;8189425,31;9758504,23;10939505,94;14771910,98;18693469,54;18487253,78;
1208032;"Kozłów (2)";4219736,41;4192585,49;4378860,29;4545913,61;5377963,21;7028470,02;6911983,62;9572712,46;7350394,47;7187000,66;
1208042;"Książ Wielki (2)";7243759,55;6390268,69;6443626,76;7656430,81;7630975,05;11817640,06;10387845,48;14540521,75;;;
1208043;"Książ Wielki (3)";;;;;;;;;11777398,75;12084017,41;
1208053;"Miechów (3)";26613279,81;28153350,28;31407590,66;30945906,33;32887536,34;42814046,10;48150329,73;49558578,41;58093861,00;56824129,54;
1208062;"Racławice (2)";3362427,88;2285708,46;2578898,24;2796736,15;2773609,99;4485959,39;4454957,60;7182965,93;4499114,22;4756029,16;
1208072;"Słaboszów (2)";3168792,59;2980256,17;2994384,90;3276286,47;3833102,62;5613032,54;6988272,36;9384735,26;6379070,60;5743075,26;
1209000;"Powiat myślenicki";171779706,34;198349798,82;199818021,79;217257770,83;241242517,33;305309749,04;286484065,63;320631846,02;317096919,27;373832947,67;
1209013;"Dobczyce (3)";31045522,98;32918307,24;34224417,82;40734855,01;41992378,85;53591430,66;48276953,56;51913689,76;52196828,27;61189303,75;
1209022;"Lubień (2)";6619454,81;7320631,52;8479329,10;8561401,70;10115651,71;11007611,54;11882532,22;16364436,83;15700559,77;19770770,90;
1209033;"Myślenice (3)";78677680,25;99467722,24;92655931,74;94667796,11;106439861,99;133805139,42;121537038,10;126951479,53;125945185,47;155095895,23;
1209042;"Pcim (2)";9202330,86;9656099,76;10728389,74;12605976,10;14177112,68;22107170,32;18601536,30;22914576,26;22089451,14;23353708,44;
1209052;"Raciechowice (2)";6956061,48;5948167,35;7694615,47;7322253,81;8741448,55;9299180,76;11875419,63;13948962,18;15347232,12;14316472,88;
1209062;"Siepraw (2)";12274992,67;13567817,67;14447355,61;16814917,28;19419004,43;23199690,50;23312521,16;27018844,67;26188684,12;33251512,96;
1209073;"Sułkowice (3)";14522512,87;16161402,96;17527272,95;20196553,11;22171094,67;25658385,82;26666193,90;31083959,45;29769412,85;33736838,09;
1209082;"Tokarnia (2)";5663042,04;6009139,89;6367589,87;7332138,39;8129912,46;14073875,44;11910075,81;14717264,38;13078498,48;14922153,79;
1209092;"Wiśniowa (2)";6818108,38;7300510,19;7693119,49;9021879,32;10056051,99;12567264,58;12421794,95;15718632,96;16781067,05;18196291,63;
1210000;"Powiat nowosądecki";274655684,35;276148671,49;282363305,96;332919725,34;358920571,52;439290624,61;456994073,37;525460828,64;532500787,14;623524266,14;
1210011;"Grybów (1)";6976312,06;7038444,51;7251403,73;8878828,12;8588641,33;13278183,42;10431982,91;16588248,01;11202785,88;13847054,89;
1210022;"Chełmiec (2)";47723264,70;51800689,37;45793972,09;54924961,91;62908796,77;70082584,11;80034866,14;82950645,44;89641132,57;103588854,29;
1210032;"Gródek nad Dunajcem (2)";10665900,15;10971822,15;11646148,82;13392617,82;13937047,38;16547364,25;16271357,82;21435676,18;18948917,22;22488542,05;
1210042;"Grybów (2)";17437310,43;19801560,18;23463922,16;26062207,12;29698024,66;39037262,23;49024430,28;44187320,11;45126021,55;52596501,62;
1210052;"Kamionka Wielka (2)";8343721,01;8693778,67;9491744,86;12695542,46;14038415,86;21849007,87;15723979,76;19501733,03;17403420,94;22491046,97;
1210062;"Korzenna (2)";8916821,72;9160662,12;9862231,52;14990608,81;14959160,04;22646009,40;36766972,95;25940017,78;28738652,66;29478679,63;
1210073;"Krynica-Zdrój (3)";47964310,39;55893861,69;52854553,82;58844507,71;57747189,84;66676443,21;62461231,35;78693030,83;77089583,94;86837791,29;
1210082;"Łabowa (2)";8418953,15;5654482,53;5685526,49;7332545,73;8018066,08;9435259,88;10978469,28;13398350,47;11835421,91;15523425,44;
1210092;"Łącko (2)";15901590,31;13266550,94;14430125,82;16007099,28;18006804,06;25907679,85;23320845,79;31155628,08;32316591,82;42320398,84;
1210102;"Łososina Dolna (2)";13433868,61;10174579,13;10884283,69;11779193,83;15277684,66;17672790,04;18157542,26;23692837,53;23258962,92;25467986,93;
1210113;"Muszyna (3)";25133480,27;22111302,20;22550105,09;23822241,81;28678763,42;28626214,67;30868173,21;39693449,72;42778012,91;51578518,35;
1210122;"Nawojowa (2)";8808001,32;8640578,48;9460626,01;14378010,38;12864734,00;15830957,95;17362736,68;19571607,27;17904014,40;22067938,42;
1210133;"Piwniczna-Zdrój (3)";13334249,81;12955124,20;13684278,27;14083122,62;16311771,99;19092120,36;17201531,97;24198498,14;27322309,88;26234960,14;
1210142;"Podegrodzie (2)";12423306,66;11763859,91;12584267,02;15770667,02;17095180,38;19879731,04;21129691,54;25433469,23;26769046,88;33397425,60;
1210152;"Rytro (2)";3651534,62;4248202,10;4587490,16;4732155,04;5222513,01;7373679,41;6078005,00;10439206,89;7910815,76;9520883,39;
1210163;"Stary Sącz (3)";25523059,14;23973173,31;28132626,41;35225415,68;35567778,04;45355336,92;41182256,43;48581109,93;54255095,90;66084258,29;
1211000;"Powiat nowotarski";207781099,18;213159514,13;227046800,98;251269221,13;295934133,75;359654288,07;371880864,96;420831233,32;487689637,07;495467658,43;
1211011;"Nowy Targ (1)";61590701,52;65334412,69;71250334,46;82390210,05;94454128,89;90115944,44;99357505,55;108825449,74;108894538,35;142277236,40;
1211023;"Szczawnica (3)";13777217,96;13048358,84;13067560,28;14808128,64;15494056,43;20592338,43;19111540,48;23769830,73;24308242,47;24204981,14;
1211032;"Czarny Dunajec (2)";20642190,83;17875824,92;16362966,52;18927839,41;18643657,27;29126058,88;24959896,88;33396791,93;;;
1211033;"Czarny Dunajec (3)";;;;;;;;;33687953,32;33831516,60;
1211042;"Czorsztyn (2)";8051768,18;8942339,83;10507103,63;11329717,10;13046346,70;15054402,38;21030992,54;21229513,69;21578767,85;22978634,71;
1211052;"Jabłonka (2)";17697775,04;16172595,26;17949757,22;18421384,97;21314158,67;26393879,85;26087029,30;32252871,87;40981319,84;35591969,89;
1211062;"Krościenko nad Dunajcem (2)";6371660,20;6727675,23;7619704,72;7886747,92;8767641,44;15523002,67;10437469,66;14286065,51;12225737,63;13758944,32;
1211072;"Lipnica Wielka (2)";3249791,52;3497527,30;3545113,48;4096946,26;5393092,54;7535579,38;8907836,57;9023067,15;7458468,11;7527026,11;
1211082;"Łapsze Niżne (2)";10871434,98;10071490,99;11651528,75;11077250,55;15959339,10;17055783,09;16997661,20;20281120,16;18018279,63;21718781,39;
1211092;"Nowy Targ (2)";14240919,65;15210461,77;15896888,42;17632270,07;25045823,99;35914692,86;41063415,96;42376524,50;39392495,20;40753198,76;
1211102;"Ochotnica Dolna (2)";8175975,05;8504084,35;11172751,16;11140461,20;12116380,33;22831739,65;17509441,12;19607601,67;20898351,43;20224621,88;
1211112;"Raba Wyżna (2)";10111219,12;10909732,88;11589106,10;12448227,39;14343239,37;16914982,24;19470954,64;22818163,89;21092798,91;25003607,05;
1211123;"Rabka-Zdrój (3)";20549422,56;23527404,07;22431639,63;26432524,56;31314304,49;35256828,22;41754769,04;39182397,04;43406590,83;52382641,19;
1211132;"Spytkowice (2)";4913504,35;5300548,00;4664648,02;5234053,41;5821817,49;7817453,71;7230920,16;10435978,64;7760258,37;10923429,23;
1211142;"Szaflary (2)";7537518,22;8037058,00;9337698,59;9443459,60;14220147,04;19521602,27;17961431,86;23345856,80;87985835,13;44291069,76;
1212000;"Powiat olkuski";210890102,66;220115767,51;232436807,04;258214610,19;280576232,46;317082442,69;321163969,94;337211663,15;352394697,30;439733798,29;
1212011;"Bukowno (1)";26378593,21;28292242,10;30741527,51;32659674,05;37315920,00;35513434,58;38671413,53;45093828,85;44708802,49;73088383,40;
1212032;"Bolesław (2)";25471095,56;23660012,10;23282783,70;26846178,72;31376040,52;38087658,83;30492989,67;34832002,73;36230299,62;40642194,73;
1212042;"Klucze (2)";25703476,57;26818192,06;28111172,54;35796778,42;35075681,46;44321636,01;43937047,06;45060925,24;51700302,13;62818039,04;
1212053;"Olkusz (3)";87651671,07;92798730,23;99708535,22;106250363,69;112212275,93;127985089,99;131258355,72;131948781,49;133940653,72;165329779,52;
1212062;"Trzyciąż (2)";8578781,28;7282185,88;7525189,40;9487827,57;9974382,18;14594251,44;13222196,51;16857684,93;18673604,69;18674494,32;
1212073;"Wolbrom (3)";37106484,97;41264405,14;43067598,67;47173787,74;54621932,37;56580371,84;63581967,45;63418439,91;67141034,65;79180907,28;
1213000;"Powiat oświęcimski";298804128,54;324891269,98;344436909,57;378355337,15;405299961,37;448757304,03;459537271,93;492980898,45;503897346,53;601728933,92;
1213011;"Oświęcim (1)";101810560,06;116280082,63;121114455,68;122045133,31;130754471,08;136029290,04;152783703,19;169946149,99;177110994,98;213272739,41;
1213023;"Brzeszcze (3)";43771728,30;53276155,54;53265870,15;65080426,76;64301862,92;75520676,30;61917288,47;65930212,86;62828145,33;73705104,38;
1213033;"Chełmek (3)";20525328,01;21165857,26;24060356,90;25775675,07;28218562,98;32701697,04;35161842,51;34594914,06;35922349,16;42890605,37;
1213043;"Kęty (3)";53050236,01;56157949,59;59858807,91;65723762,12;72540095,37;78992243,73;87421024,86;87186748,99;92660679,81;110356174,59;
1213052;"Osiek (2)";11901257,47;12306944,13;14492186,18;16757306,03;16939919,48;17665453,76;18068732,11;21902309,65;19582921,82;25470286,32;
1213062;"Oświęcim (2)";31212503,42;32707693,45;35094769,94;38040146,98;41710042,84;45758274,07;50150598,69;49728670,96;54270024,15;63307271,11;
1213072;"Polanka Wielka (2)";6151455,31;6179872,33;6659650,60;7744696,87;9434057,54;9518735,70;9183370,19;11571275,24;10378930,69;12588541,05;
1213082;"Przeciszów (2)";8078812,48;8089707,44;7934051,74;10339425,50;14768578,23;15811980,38;16357384,03;16916134,60;14445307,42;19149787,92;
1213093;"Zator (3)";22302247,48;18727007,61;21956760,47;26848764,51;26632370,93;36758953,01;28493327,88;35204482,10;36697993,17;40988423,77;
1214000;"Powiat proszowicki";56295802,99;52192201,21;53093288,12;60060423,96;66635551,60;90544285,19;89434701,20;109219370,81;106002517,93;122059741,43;
1214012;"Koniusza (2)";9313945,35;9497707,66;9724081,39;11296406,84;12545968,96;14902992,31;16174307,51;18912763,31;17588707,31;22033569,58;
1214022;"Koszyce (2)";5518766,54;5917591,51;5091083,90;6591590,48;;;;;;;
1214023;"Koszyce (3)";;;;;6586479,15;8005727,86;7641724,03;11146442,31;10031229,56;9873918,58;
1214033;"Nowe Brzesko (3)";6134510,42;6614683,62;7585069,52;8445965,53;9380525,55;14053170,54;15667464,28;15080255,85;13292919,86;17813050,82;
1214042;"Pałecznica (2)";9894704,85;4634191,71;4487118,03;4745463,42;5849180,38;9056249,39;9175995,81;13012538,32;11796401,55;11056207,44;
1214053;"Proszowice (3)";21930389,29;21834128,68;22219390,02;24784205,67;27853062,25;38718426,65;35070489,85;40826593,25;43289994,94;50810320,35;
1214062;"Radziemice (2)";3503486,54;3693898,03;3986545,26;4196792,02;4420335,31;5807718,44;5704719,72;10240777,77;10003264,71;10472674,66;
1215000;"Powiat suski";103664753,95;102437294,92;107555513,73;117573459,01;125922966,32;158755550,60;157617211,35;188530666,87;179815456,87;224205259,60;
1215011;"Jordanów (1)";9937398,43;10449921,81;10631913,97;10939819,29;12261185,69;18327906,29;13573209,03;16596934,86;14981868,01;21782406,76;
1215021;"Sucha Beskidzka (1)";18477054,39;20713791,48;19739086,39;21440142,16;22013555,52;26684039,14;25985042,48;29196210,45;29162998,20;34610675,37;
1215032;"Budzów (2)";6798943,17;6198945,59;7736273,52;8156543,22;10169000,84;12337855,21;15429678,26;17593622,58;17952777,10;20154711,89;
1215042;"Bystra-Sidzina (2)";5180375,18;6054254,51;6570799,83;6513141,38;7188709,68;13947126,40;10773286,29;13415446,67;12339119,73;15241276,20;
1215052;"Jordanów (2)";11509920,58;9773634,47;9342259,16;11040195,72;12432496,76;18266312,62;15747390,89;19329903,58;18057531,01;23221158,03;
1215063;"Maków Podhalański (3)";17911753,20;19117762,02;19532148,28;22211144,17;24241643,31;27437922,52;31001541,77;34805252,43;36307329,81;48365871,05;
1215072;"Stryszawa (2)";13716391,53;13569979,07;16416342,96;18500982,15;18916291,12;20268326,88;22371617,73;25935666,89;24441938,42;28334091,58;
1215082;"Zawoja (2)";12425314,85;10558801,66;10508375,85;11902680,66;11054799,84;12968159,69;13338365,66;18800568,90;15761555,52;18189566,53;
1215092;"Zembrzyce (2)";7707602,62;6000204,31;7078313,77;6868810,26;7645283,56;8517901,85;9397079,24;12857060,51;10810339,07;14305502,19;
1216000;"Powiat tarnowski";204213314,78;209167408,32;215069061,66;242932805,14;284724699,35;351666244,48;372146968,54;441510488,59;453478491,34;483338441,21;
1216013;"Ciężkowice (3)";9238243,24;10827984,74;10424906,28;10603821,47;11353388,66;19352588,78;20108851,26;22508538,70;27601197,84;28944137,38;
1216022;"Gromnik (2)";8021960,51;6547082,35;6131439,56;6995042,87;8136469,52;8476746,74;9378464,39;13809776,77;12045111,50;13042837,65;
1216032;"Lisia Góra (2)";12880064,43;14065133,26;14710293,33;16829802,09;21695100,82;24113316,12;28263121,60;32301744,99;32987240,68;37837472,38;
1216042;"Pleśna (2)";10309475,71;9827353,64;10690493,14;12875278,68;13296497,69;15850629,08;17077906,72;21037592,86;21920900,56;27870531,09;
1216053;"Radłów (3)";10314554,89;10518537,53;9877829,41;13105501,55;13156614,56;15892058,65;19067236,17;23557973,37;23296153,12;22666238,33;
1216063;"Ryglice (3)";8126313,03;8692627,71;8992785,26;10466828,82;12272597,94;16358467,44;17916996,94;22912625,88;16339145,45;22284506,69;
1216072;"Rzepiennik Strzyżewski (2)";4662652,23;4818709,23;4814569,50;5858793,01;6587885,20;11225602,10;8354876,87;12762690,25;10572847,89;10677663,97;
1216082;"Skrzyszów (2)";18774433,86;16945024,50;16855170,12;19765285,13;26346512,60;27114099,25;28372983,25;34481702,05;39084447,94;41124590,33;
1216092;"Tarnów (2)";33958704,66;38793784,63;40320663,65;44919704,14;50905914,91;58504370,67;65164508,61;65828733,57;71372212,55;81569437,04;
1216103;"Tuchów (3)";15352359,24;15659142,15;16761350,12;18045404,58;20814173,54;26708832,84;30522846,28;32986211,95;39125630,16;35017586,09;
1216112;"Wierzchosławice (2)";15222382,56;16781753,88;15407800,64;17415761,00;20696272,26;21026101,04;26093284,32;29014749,60;29144784,82;28443188,29;
1216122;"Wietrzychowice (2)";2391435,30;2973906,26;3027930,57;2983423,07;3386411,57;4000368,99;4384594,94;8466223,02;9304805,53;6889621,89;
1216133;"Wojnicz (3)";14885727,42;15277170,53;15966347,65;17789149,54;20113566,64;28606047,94;29189145,50;28585326,80;31900242,57;33818653,95;
1216143;"Zakliczyn (3)";13126027,37;11521568,20;12507424,27;12628806,85;17862683,69;26654939,41;20810430,97;29972649,81;24143158,90;27968368,42;
1216153;"Żabno (3)";22247263,74;20813409,39;23142801,66;26889361,15;30491158,35;35281590,86;38672379,92;41184229,47;49462816,27;50630542,22;
1216162;"Szerzyny (2)";4701716,59;5104220,32;5437256,50;5760841,19;7609451,40;12500484,57;8769340,80;22099719,50;15177795,56;14553065,49;
1217000;"Powiat tatrzański";148924126,71;151235812,73;164806168,71;169555625,98;194459684,69;225665246,63;249593216,99;293116514,86;286805349,38;293657496,70;
1217011;"Zakopane (1)";94357228,07;91934342,95;104982281,42;100952730,51;116530508,56;126605542,44;152272590,51;170668820,26;155912949,40;159409645,82;
1217022;"Biały Dunajec (2)";5485922,55;6166903,16;6570815,88;8438047,30;8955708,00;9803478,40;9987306,71;15728335,05;13087534,16;15023500,58;
1217032;"Bukowina Tatrzańska (2)";23265196,87;27258986,15;26589079,82;29564122,39;32214357,84;37877571,41;39249278,60;50881009,28;61653137,65;59872406,62;
1217042;"Kościelisko (2)";11267206,06;12412027,49;12805286,04;15061003,27;17828749,48;23640107,20;27559579,73;30153315,54;30801850,43;31542404,32;
1217052;"Poronin (2)";14548573,16;13463552,98;13858705,55;15539722,51;18930360,81;27738547,18;20524461,44;25685034,73;25349877,74;27809539,36;
1218000;"Powiat wadowicki";222953542,11;224197435,05;258476684,05;282774335,66;310271354,98;373752829,84;359396152,84;476780307,15;401024280,70;475885199,44;
1218013;"Andrychów (3)";64540525,54;68739352,04;71076742,90;78591175,59;89569127,07;87459319,50;97264668,52;115673518,22;108889356,77;134720356,17;
1218022;"Brzeźnica (2)";12971010,91;12099512,93;12803912,58;14172030,00;17268460,66;18792628,99;20201615,45;25018216,64;23959603,70;29332814,48;
1218033;"Kalwaria Zebrzydowska (3)";24537410,45;26285680,03;28211244,60;34546822,52;41004454,87;46693678,44;42211667,89;51171421,36;50427612,42;59043974,30;
1218042;"Lanckorona (2)";7063707,86;6864451,64;7002991,98;8032765,46;8484608,91;12258510,51;9823150,80;14579731,75;12266881,07;13954502,61;
1218052;"Mucharz (2)";7754065,10;5939071,91;5316059,81;6590601,47;8071915,18;10544900,95;10821234,69;12138823,04;10521225,02;10980943,97;
1218062;"Spytkowice (2)";14213899,73;12977278,21;12733034,06;14133747,24;16172296,90;26127759,75;21095617,35;26715343,19;20866492,87;24846736,74;
1218072;"Stryszów (2)";8818738,16;6741753,64;7979074,51;8968897,95;11169346,68;19294537,09;13708053,01;16104120,89;14484879,91;17121015,90;
1218082;"Tomice (2)";9740480,58;8387838,76;9029169,39;10712164,09;11896175,29;12698530,59;14888269,59;18952352,65;17014555,33;19782643,00;
1218093;"Wadowice (3)";60744447,09;61957640,64;87533409,12;91544718,27;88819763,97;119303758,20;106195022,43;171698918,19;113247156,22;132493574,65;
1218102;"Wieprz (2)";12569256,69;14204855,25;16791045,10;15481413,07;17815205,45;20579205,82;23186853,11;24727861,22;29346517,39;33608637,62;
1219000;"Powiat wielicki";215938513,75;229222319,89;252147510,83;289567396,24;350767885,92;381104567,05;412084262,30;464581408,61;464684383,47;604906165,48;
1219012;"Biskupice (2)";14549419,56;12064455,50;13282984,16;17109988,05;19511719,28;25418746,32;25482789,57;29999130,48;28066517,85;31396542,18;
1219022;"Gdów (2)";18855623,58;22790053,66;23652203,53;27856228,69;29838190,11;35059609,11;42487081,11;45311081,99;48188387,26;56773001,13;
1219032;"Kłaj (2)";15199938,60;17480246,01;17270776,95;21212773,40;22456488,65;32741484,31;26939150,53;31485963,07;30344695,11;38311545,37;
1219043;"Niepołomice (3)";65609024,15;68705820,31;74846703,08;88373158,63;115304394,58;103307435,46;115762493,81;130325604,60;145165101,69;188052297,48;
1219053;"Wieliczka (3)";101724507,86;108181744,41;123094843,11;135015247,47;163657093,30;184577291,85;201412747,28;227459628,47;212919681,56;290372779,32;
1261000;"Powiat m. Kraków";2882882286,06;3058200935,46;3311715355,94;3600811463,48;3833361743,79;3808957546,50;4545268547,21;4678460181,92;4665494540,49;6059059686,69;
1261011;"Kraków (1)";2882882286,06;3058200935,46;3311715355,94;3600811463,48;3833361743,79;3808957546,50;4545268547,21;4678460181,92;4665494540,49;6059059686,69;
1262000;"Powiat m. Nowy Sącz";189437922,30;216317619,92;216693780,56;270099856,79;272522396,74;278076163,47;352012371,19;344442972,02;363488768,74;378172236,06;
1262011;"Nowy Sącz (1)";189437922,30;216317619,92;216693780,56;270099856,79;272522396,74;278076163,47;352012371,19;344442972,02;363488768,74;378172236,06;
1263000;"Powiat m. Tarnów";280266318,96;291505131,85;326141377,12;311867567,83;354376407,14;358042111,94;408019048,40;397060835,08;428898473,29;514164417,07;
1263011;"Tarnów (1)";280266318,96;291505131,85;326141377,12;311867567,83;354376407,14;358042111,94;408019048,40;397060835,08;428898473,29;514164417,07;
1400000;"MAZOWIECKIE";18231900101,03;18531461281,16;19662744228,24;21520697106,78;22769931119,84;23281957569,38;26110540214,59;28566580022,47;28678363064,08;36229898484,99;
1401000;"Powiat białobrzeski";41255259,70;41023972,63;41300346,76;45993381,77;55287125,31;71466001,32;65785309,23;87252683,50;72579084,74;88523332,09;
1401013;"Białobrzegi (3)";18394059,88;19222722,46;18628282,40;21014533,37;24459660,34;26842439,59;29095195,04;35126568,17;32937447,67;33381070,34;
1401022;"Promna (2)";6091565,18;5922874,77;6094946,38;6226720,39;7127120,23;8596733,21;7821083,22;11082816,71;8949543,23;11670346,02;
1401032;"Radzanów (2)";2528109,35;2571846,93;2673812,61;3349787,67;3707668,53;4726022,66;4378278,79;8951648,55;7026395,93;7618161,14;
1401042;"Stara Błotnica (2)";5870028,08;4673465,09;4793045,74;5416357,03;6812326,90;13940052,05;10571066,88;11532833,17;8997874,35;15750969,13;
1401052;"Stromiec (2)";5026028,71;5753917,84;5399135,49;6583245,56;8463473,14;11118050,82;7980566,13;12353563,50;9009459,88;12572068,15;
1401063;"Wyśmierzyce (3)";3345468,50;2879145,54;3711124,14;3402737,75;4716876,17;6242702,99;5939119,17;8205253,40;5658363,68;7530717,31;
1402000;"Powiat ciechanowski";158136058,00;167751100,49;180160442,32;182295814,99;207582937,85;228937716,01;248115545,56;284269976,97;296453495,85;310276844,26;
1402011;"Ciechanów (1)";86814130,35;95959370,88;103026661,73;101863595,29;118528557,36;121654318,43;139795949,98;150898337,45;175275850,83;175823332,10;
1402022;"Ciechanów (2)";13627181,96;14445304,73;17623983,52;17544985,60;19934322,87;22944998,83;24789142,89;28239997,10;28751541,87;32082575,07;
1402033;"Glinojeck (3)";14448021,82;16792774,59;15007378,81;17339472,33;18447670,40;21993986,69;23525850,84;26236500,60;25444984,74;28002783,85;
1402042;"Gołymin-Ośrodek (2)";4938684,19;4429416,64;4555256,30;4934522,22;5251638,41;6163973,34;6058304,64;9064001,91;7224342,16;8515508,01;
1402052;"Grudusk (2)";5202146,07;4537312,81;4986305,90;5630239,62;5090804,43;7454502,78;6656033,41;9648399,55;7079657,28;8732584,94;
1402062;"Ojrzeń (2)";4209736,61;4308773,68;4981105,13;5164611,91;5507581,24;7740208,75;6396400,09;9871474,38;7249895,01;8497120,43;
1402072;"Opinogóra Górna (2)";9904055,96;8839278,17;9404245,39;9876709,14;11343347,73;12021100,02;12503398,89;16710927,02;14328564,41;15497860,42;
1402082;"Regimin (2)";9447261,71;7728334,25;8673940,53;9087894,47;10316118,66;14951262,18;13297235,22;15970338,25;13725921,84;13154665,58;
1402092;"Sońsk (2)";9544839,33;10710534,74;11901565,01;10853784,41;13162896,75;14013364,99;15093229,60;17630000,71;17372737,71;19970413,86;
1403000;"Powiat garwoliński";137414243,19;138503078,27;152778866,60;167646723,25;193370500,68;234665868,20;231779634,41;268919411,69;242983054,98;302733801,01;
1403011;"Garwolin (1)";32423951,88;34094967,63;39258405,31;39996017,30;42620246,50;44996629,54;51851926,04;52045178,45;50555773,07;63200141,42;
1403021;"Łaskarzew (1)";6827379,13;6718706,52;7992570,26;7488723,80;9069290,99;13829317,67;10487958,14;15040072,28;13287821,88;20387864,04;
1403032;"Borowie (2)";5814819,97;5685383,88;5977400,31;7116632,15;9648329,77;12375691,76;11052734,19;11973062,88;9278506,40;12509951,91;
1403042;"Garwolin (2)";18207194,25;19498114,40;20258738,24;22698447,17;29719391,27;34012170,49;32873158,82;31775791,81;33722187,08;40902694,57;
1403052;"Górzno (2)";5473694,81;5910994,12;6830377,34;7436931,48;8593989,85;12950002,23;10276891,37;14259311,63;13749655,94;13852321,35;
1403062;"Łaskarzew (2)";4618965,04;4460778,25;5169635,49;5852203,81;6927111,93;8844406,64;8041162,46;11092737,71;8761029,43;10075606,94;
1403072;"Maciejowice (2)";7677011,87;7719908,01;8902577,37;9459349,24;11444434,03;14471826,20;13234398,81;18272101,54;13485128,37;;
1403073;"Maciejowice (3)";;;;;;;;;;15819386,31;
1403082;"Miastków Kościelny (2)";5099335,04;5171593,90;6003975,56;6669668,84;7479055,01;11174460,31;8690732,20;11529664,10;12253852,95;14780777,63;
1403092;"Parysów (2)";3143670,14;4118704,42;3409095,01;4203805,76;4966995,09;5869122,18;6235098,20;9406139,27;5399830,54;6842645,87;
1403103;"Pilawa (3)";16520786,47;15799806,67;17639704,54;18393715,74;20569540,44;22121809,43;24509129,16;30050054,72;24946877,64;33189679,40;
1403112;"Sobolew (2)";8801642,77;8010169,99;9037185,35;12056694,52;12623449,08;15646174,62;16872558,97;19652541,85;16296866,63;19739922,86;
1403122;"Trojanów (2)";5465336,37;5923286,15;6606066,71;8126605,03;9381917,84;13645922,06;11445840,78;13690343,25;13235549,50;15182899,94;
1403132;"Wilga (2)";6510331,77;6460641,07;6743390,35;7565706,63;8030651,83;9475184,25;10875868,03;13746575,98;12707123,29;16341852,20;
1403143;"Żelechów (3)";10830123,68;8930023,26;8949744,76;10582221,78;12296097,05;15253150,82;15332177,24;16385836,22;15302852,26;19908056,57;
1404000;"Powiat gostyniński";53802769,87;56986629,74;59784909,28;62754820,30;73691856,37;88717897,41;94057642,87;108854004,52;109880647,13;126846683,74;
1404011;"Gostynin (1)";28708415,70;30527000,04;32631764,59;33422704,85;37341561,61;43679354,84;46790178,77;47195189,01;50535424,81;59657614,91;
1404022;"Gostynin (2)";10003496,68;10933805,23;11555426,37;12785052,17;13860222,64;20980925,17;22435140,01;25646731,71;25508972,04;33727956,21;
1404032;"Pacyna (2)";3173010,71;3491209,80;3603935,23;3507638,49;4088022,67;5088204,95;5048977,46;8424528,92;5710991,64;6376237,53;
1404042;"Sanniki (2)";7461008,75;7625438,82;7380891,35;;;;;;;;
1404043;"Sanniki (3)";;;;8194556,81;12453658,28;11592202,46;11171578,99;16241440,88;15176317,14;15818361,89;
1404052;"Szczawin Kościelny (2)";4456838,03;4409175,85;4612891,74;4844867,98;5948391,17;7377209,99;8611767,64;11346114,00;12948941,50;11266513,20;
1405000;"Powiat grodziski";247268249,11;267338115,76;285772141,20;329595664,92;375107958,67;391089918,36;445533763,35;468939602,05;472148564,61;576974822,96;
1405011;"Milanówek (1)";49669879,77;54366377,55;52127328,73;57902607,04;60028645,18;55271694,18;61075599,68;61399109,46;55766948,09;78996430,99;
1405021;"Podkowa Leśna (1)";19258546,93;19006721,24;20212957,41;22577922,93;22474120,75;24642588,58;25174386,39;29399341,32;23347075,89;32317852,80;
1405032;"Baranów (2)";10151085,89;10330305,20;10948359,21;11585330,19;13203573,48;13764184,43;14701046,38;17545953,47;24690114,32;18621987,79;
1405043;"Grodzisk Mazowiecki (3)";111260210,90;121732810,97;133279494,82;160096064,22;186344334,12;199372222,48;234088609,48;241488032,06;242754851,30;308981627,50;
1405052;"Jaktorów (2)";34027214,64;39085002,28;43103811,19;50563266,27;55025046,47;62511900,48;65807349,03;70361644,65;76996986,51;77448670,99;
1405062;"Żabia Wola (2)";22901310,98;22816898,52;26100189,84;26870474,27;38032238,67;35527328,21;44686772,39;48745521,09;48592588,50;60608252,89;
1406000;"Powiat grójecki";169077598,55;172517058,35;178724778,58;191491711,51;222189518,74;254239909,21;261683425,69;306874306,26;297674901,65;359779635,81;
1406012;"Belsk Duży (2)";17744256,80;16045420,27;15724574,24;17289490,14;17627745,44;20553535,66;22772377,02;24377432,03;23144643,40;28615420,52;
1406022;"Błędów (2)";10015764,66;11396524,21;10696026,92;11292500,40;13097416,92;17600470,82;15109334,36;19038127,53;18395395,22;24522462,29;
1406032;"Chynów (2)";17133460,86;14000082,07;15015977,17;16225621,82;18036911,70;19934057,98;21675218,89;23539781,25;21706436,58;29978183,10;
1406042;"Goszczyn (2)";3028682,62;3048868,35;3080984,72;3623162,73;4348128,36;4440422,73;5120497,46;7790279,33;6492332,52;8930924,07;
1406053;"Grójec (3)";49681165,76;55458650,06;55889989,69;60322136,31;68860162,77;75162927,33;82666844,88;102938549,73;88202081,23;110207636,93;
1406062;"Jasieniec (2)";6314130,31;6523149,42;6810847,48;7561760,73;8883601,25;10703300,41;10772672,48;15418308,06;12798289,93;16261617,89;
1406073;"Mogielnica (3)";13877139,15;13553228,69;14324498,10;15396829,26;16029540,03;18858672,29;20687828,31;23225827,31;23480546,17;25942591,37;
1406083;"Nowe Miasto nad Pilicą (3)";12164091,57;12628603,11;12936220,60;13645912,40;21510429,87;24081069,03;17667331,98;15616290,84;22225010,33;18385443,93;
1406092;"Pniewy (2)";8423689,53;7844290,15;7799508,48;8692854,31;13303551,85;14873471,86;13962066,26;18139378,37;19991662,86;22273885,87;
1406113;"Warka (3)";30695217,29;32018242,02;36446151,18;37441443,41;40492030,55;48031981,10;51249254,05;56790331,81;61238503,41;74661469,84;
1407000;"Powiat kozienicki";132774153,56;142546513,85;141799159,62;159383372,08;172913894,37;192894353,72;190139519,98;219818392,66;219576370,05;249288231,39;
1407012;"Garbatka-Letnisko (2)";7013431,27;7312129,48;8417343,51;9415360,50;9947313,17;9794860,68;10019343,78;12327819,74;11583822,03;15023877,10;
1407022;"Głowaczów (2)";7434416,83;8145721,51;8851237,52;9140990,69;9910595,15;11099449,57;10515525,64;14208407,73;14339087,63;;
1407023;"Głowaczów (3)";;;;;;;;;;20767972,49;
1407032;"Gniewoszów (2)";3980366,57;3863937,33;3933366,97;4288580,08;4754591,67;5264603,75;6407312,44;8875884,60;7154610,18;8102869,87;
1407042;"Grabów nad Pilicą (2)";6649090,59;5201927,16;5294294,78;5497794,34;6227338,94;6978284,96;7908199,50;10486347,51;9292020,47;10263261,83;
1407053;"Kozienice (3)";95781789,01;104881494,47;100869252,37;116094871,62;125289507,53;140577510,47;136750972,62;148654873,98;154434193,55;168167252,33;
1407062;"Magnuszew (2)";7258281,65;8014228,39;8749888,43;9011879,60;10728253,58;11849655,69;11578537,63;15560338,35;13717475,85;;
1407063;"Magnuszew (3)";;;;;;;;;;17061865,70;
1407072;"Sieciechów (2)";4656777,64;5127075,51;5683776,04;5933895,25;6056294,33;7329988,60;6959628,37;9704720,75;9055160,34;9901132,07;
1408000;"Powiat legionowski";287414446,28;316965273,13;317587929,59;336497009,88;381110456,54;404907765,05;457030307,70;481300570,31;474417434,25;590022843,34;
1408011;"Legionowo (1)";131293186,70;143614246,04;131960809,77;136144224,97;150559918,25;158931122,44;175759999,22;183819038,21;164399563,97;209336458,88;
1408022;"Jabłonna (2)";42791875,08;46647024,39;51231040,87;57894737,49;65701315,11;70830327,77;86722346,65;78180181,95;77774366,13;103529700,78;
1408032;"Nieporęt (2)";45774117,09;48328426,46;53575485,87;55482227,19;65615330,03;65690430,01;70700806,82;80321725,42;78652679,95;99832962,22;
1408043;"Serock (3)";32160285,39;35847336,82;38280457,14;40015064,55;45745052,16;52109590,72;56791697,78;65940829,15;71339767,09;80083904,20;
1408052;"Wieliszew (2)";35394982,02;42528239,42;42540135,94;46960755,68;53488840,99;57346294,11;67055457,23;73038795,58;82251057,11;97239817,26;
1409000;"Powiat lipski";35610124,03;39238295,59;38927500,67;40408092,30;42204332,56;55881973,38;50951780,80;68928913,36;58102801,74;68186580,51;
1409012;"Chotcza (2)";1511535,39;1890875,56;1920288,34;1852794,08;2123747,76;2649856,24;2704805,45;5830553,42;3195390,07;3441277,06;
1409022;"Ciepielów (2)";5964886,67;4840802,52;5098854,05;5709917,47;5787617,37;10261697,59;6407291,92;9668171,29;7008237,34;;
1409023;"Ciepielów (3)";;;;;;;;;;9562809,07;
1409033;"Lipsko (3)";14912782,57;18877212,46;16853344,04;17588931,43;18428034,71;19730014,71;22693478,95;24746545,96;22962449,28;27855103,95;
1409042;"Rzeczniów (2)";4193472,68;4275873,54;4753085,40;4329018,71;4771886,26;9713848,27;6768788,95;8703193,69;7796231,12;10868444,31;
1409052;"Sienno (2)";4967566,70;4685219,64;4988056,77;5652094,95;6167467,13;6186493,68;6273574,11;10748780,60;8717708,01;;
1409053;"Sienno (3)";;;;;;;;;;8709802,32;
1409062;"Solec nad Wisłą (2)";4059880,02;4668311,87;5313872,07;5275335,66;4925579,33;7340062,89;;;;;
1409063;"Solec nad Wisłą (3)";;;;;;;6103841,42;9231668,40;8422785,92;7749143,80;
1410000;"Powiat łosicki";39885351,91;41530579,47;43322148,60;46705717,48;51519916,94;58423113,46;60035819,71;83733925,44;72407340,82;92900239,28;
1410012;"Huszlew (2)";3741433,78;3952327,56;3593695,92;3745524,35;4244617,43;8028032,33;4592692,15;9833698,98;7847992,64;13309973,04;
1410023;"Łosice (3)";15100400,68;16386876,10;16463389,13;18807336,56;21806012,24;22158660,25;26428433,63;28790400,59;27564866,50;34663296,85;
1410032;"Olszanka (2)";2718964,88;2881258,00;2888399,99;2991085,44;3287081,32;3841395,06;3903325,16;7296357,02;4811185,75;7172494,92;
1410042;"Platerów (2)";4978389,11;5101889,58;6321679,03;5549777,22;5713895,85;6252360,11;6785035,28;11806465,10;7496314,39;10328103,86;
1410052;"Sarnaki (2)";7556190,73;8196824,15;8894948,55;9823811,28;10443262,52;9918484,77;10755454,66;14486515,31;15489372,91;16414737,02;
1410062;"Stara Kornica (2)";5789972,73;5011404,08;5160035,98;5788182,63;6025047,58;8224180,94;7570878,83;11520488,44;9197608,63;11011633,59;
1411000;"Powiat makowski";70610752,92;74283619,22;77029903,43;82177893,27;92300189,68;101240882,94;102114260,31;136864226,40;112767915,29;132011939,81;
1411011;"Maków Mazowiecki (1)";16606977,81;17557490,34;17966810,52;19550338,41;25367488,69;26447506,50;23873093,85;32892527,30;26960147,52;31913908,78;
1411022;"Czerwonka (2)";4088485,07;4268630,40;4251075,61;4591456,02;4926530,31;5484650,14;5447163,57;8711956,84;6166698,70;5992515,64;
1411032;"Karniewo (2)";4934986,56;5463377,45;5771440,03;6838067,03;7318363,48;8130884,87;8401144,99;11876333,25;10020401,79;11737652,92;
1411042;"Krasnosielc (2)";6434609,96;5294604,80;6313080,72;6072889,18;6649248,61;7323047,80;8347499,74;11699715,28;8596569,86;10622468,99;
1411052;"Młynarze (2)";2609535,00;2699885,91;3172379,18;3218958,72;3401579,38;5087062,38;4397889,69;6813712,86;5931939,52;8700938,82;
1411062;"Płoniawy-Bramura (2)";8954295,01;8805647,63;9243838,98;9418052,27;11132325,32;11303156,71;11422266,80;14689869,26;12981925,46;13783970,12;
1411073;"Różan (3)";16780082,75;18395824,61;18352630,06;18979992,83;19506109,52;20239856,85;21346173,29;24070760,55;21643756,56;23860476,36;
1411082;"Rzewnie (2)";2946263,32;3418145,34;3683117,03;4165024,87;4152655,55;4917887,78;5988600,08;7845865,98;6326738,70;6531500,19;
1411092;"Sypniewo (2)";3700784,63;4231023,47;4366001,21;4316902,10;4871511,58;6363590,18;6032029,50;9572262,88;7825834,20;9989123,58;
1411102;"Szelków (2)";3554732,81;4148989,27;3909530,09;5026211,84;4974377,24;5943239,73;6858398,80;8691222,20;6313902,98;8879384,41;
1412000;"Powiat miński";267187619,93;279671201,77;288342887,86;332731555,58;384688021,65;433367352,83;446412560,73;489910316,31;497777105,23;618270583,63;
1412011;"Mińsk Mazowiecki (1)";84434765,73;88056409,36;89488661,67;100009924,31;114475948,49;116263459,96;132129593,86;138447045,32;153509864,54;181075791,91;
1412042;"Cegłów (2)";9838027,34;8286412,50;10786127,21;9911838,83;13776039,46;15719242,84;14397317,99;;;;
1412043;"Cegłów (3)";;;;;;;;18865883,35;14160435,27;20180676,77;
1412052;"Dębe Wielkie (2)";12258833,06;14538378,15;15681972,86;18097026,23;21114559,18;23595371,13;26357410,97;30593154,44;32054732,70;43846927,93;
1412062;"Dobre (2)";9817917,44;8437973,38;10647899,40;10665904,77;12753204,38;15478466,60;15225721,09;18355568,04;15745586,77;;
1412063;"Dobre (3)";;;;;;;;;;18508734,65;
1412073;"Halinów (3)";28718363,13;28646514,18;30411887,55;33965576,94;43707250,62;60574415,84;55366357,51;56770574,02;58653246,09;71658811,67;
1412082;"Jakubów (2)";9423905,88;6207229,55;8514030,95;8433135,28;10820527,28;10676039,57;12259165,44;15915965,56;12716727,56;16084581,60;
1412093;"Kałuszyn (3)";7660946,89;8907554,55;9046016,80;10360235,33;12160191,84;13165236,47;14256143,16;17723960,63;15915491,20;21861132,52;
1412102;"Latowicz (2)";5520154,40;5631701,83;5913838,18;6336147,73;9270055,40;15559132,19;9793260,36;14543570,03;;;
1412103;"Latowicz (3)";;;;;;;;;16439105,91;15272379,65;
1412112;"Mińsk Mazowiecki (2)";26094088,97;34079876,01;28093960,98;31967152,98;35875215,18;40563382,15;49153047,22;51313365,97;49388826,68;65148841,86;
1412123;"Mrozy (3)";11228010,77;9992709,51;11024365,77;12303981,53;15246844,34;19861866,26;18154315,15;20858924,32;16768837,38;21107768,04;
1412132;"Siennica (2)";9332155,60;11889577,38;11544663,08;13410204,98;13336890,94;15324163,03;16436888,48;20081153,99;19296649,13;;
1412133;"Siennica (3)";;;;;;;;;;27470429,44;
1412142;"Stanisławów (2)";8176905,45;9165307,22;10336004,87;11491484,33;13068698,15;16530405,79;16217118,91;18430459,39;17225279,32;19538483,70;
1412151;"Sulejówek (1)";44683545,27;45831558,15;46853458,54;65778942,34;69082596,39;70056171,00;66666220,59;68010691,25;75902322,68;96516023,89;
1413000;"Powiat mławski";112621596,52;111266596,25;123456408,94;136652391,63;158702901,72;184360674,83;187333717,73;232511416,42;211474263,51;261243161,36;
1413011;"Mława (1)";64694713,77;63379933,91;69721567,70;79464986,11;90036991,95;98013835,56;104989092,86;108902347,08;114340352,01;141700779,93;
1413022;"Dzierzgowo (2)";3432130,86;2770559,98;2898526,35;3042603,17;3421244,17;7265153,64;4136638,77;8240253,15;6271262,68;5275485,10;
1413032;"Lipowiec Kościelny (2)";3261528,92;3444642,99;3547405,66;4042574,26;4562414,83;5967893,87;6150219,54;9036506,81;7355925,15;9823334,25;
1413042;"Radzanów (2)";3175071,68;4745299,22;3977697,77;4304854,49;5530749,64;7759678,79;6625422,33;10847962,78;8815565,51;12800804,45;
1413052;"Strzegowo (2)";11998245,98;11209135,49;12002561,07;13357600,54;15948425,25;16076759,21;17226190,87;27381289,51;18796892,62;23968392,50;
1413062;"Stupsk (2)";4090706,76;4780416,64;6800576,31;6029712,11;6739492,80;7809179,78;10155020,14;14308082,14;10400503,54;11529602,46;
1413072;"Szreńsk (2)";4152474,61;4217415,83;4549807,79;4838130,88;6450057,62;8007437,00;7713317,38;10197453,26;8638843,62;14249598,83;
1413082;"Szydłowo (2)";4762714,26;4793766,22;6253073,71;6700435,36;6941328,22;7674310,96;7687844,99;11191905,06;8481337,74;9727935,81;
1413092;"Wieczfnia Kościelna (2)";8246536,95;6498799,14;6948386,47;7402234,25;8333689,04;12017557,77;8993996,80;14263982,20;15168834,16;14618987,24;
1413102;"Wiśniewo (2)";4807472,73;5426626,83;6756806,11;7469260,46;10738508,20;13768868,25;13655974,05;18141634,43;13204746,48;17548240,79;
1414000;"Powiat nowodworski";169742639,85;181155704,16;192046187,79;207469274,55;230894029,08;251856620,23;285997689,87;302381837,38;303908845,19;389754251,66;
1414011;"Nowy Dwór Mazowiecki (1)";76254547,05;79591479,90;81770287,85;88765557,51;100913649,38;106773448,79;117253770,90;112281347,42;112368387,00;143354639,52;
1414022;"Czosnów (2)";30344088,98;36424893,10;33601772,13;36949362,56;40931649,67;44171100,94;51277392,44;54480653,76;65388229,22;83404888,55;
1414032;"Leoncin (2)";7105066,31;7450960,47;8602443,12;8857788,10;10382201,81;11287817,63;13822438,54;18702945,61;17330238,72;17764876,92;
1414043;"Nasielsk (3)";22875042,43;25254559,00;29772907,84;32882416,30;35798349,82;41348953,95;46702812,69;52974229,65;45327841,90;56224292,12;
1414052;"Pomiechówek (2)";19734004,17;18994082,86;21282170,13;21334720,09;25268405,78;26902079,08;30432925,93;32364495,30;32758534,57;43922720,99;
1414063;"Zakroczym (3)";13429890,91;13439728,83;17016606,72;18679429,99;17599772,62;21373219,84;26508349,37;31578165,64;30735613,78;45082833,56;
1415000;"Powiat ostrołęcki";103069056,84;104745127,54;112488056,78;122279858,18;152920041,22;185700670,10;155219431,70;200651169,55;190793928,52;230166078,04;
1415012;"Baranowo (2)";6489240,48;6039951,25;6294984,72;7251887,70;8160054,20;9596597,81;8881468,88;12975980,26;10016411,45;12005880,41;
1415022;"Czarnia (2)";2264651,38;1885526,67;1925082,60;2263851,78;2577236,42;7598142,63;3687652,42;6566706,41;5570849,61;9144010,30;
1415032;"Czerwin (2)";7660949,83;8006514,56;8289157,64;9112347,66;10378561,15;11645760,67;9647499,47;13400774,01;12805094,86;16155167,29;
1415042;"Goworowo (2)";8079275,38;9500463,35;9634377,20;10260633,31;10950106,43;12350634,86;11446457,83;14815393,80;14483898,12;15887577,84;
1415052;"Kadzidło (2)";9798900,96;9977451,43;10671343,16;11761525,51;16806255,57;17174603,77;15653735,42;20951589,68;18593735,39;24877525,71;
1415062;"Lelis (2)";8897363,56;9047015,33;10066114,10;12217352,03;15197731,42;15662631,85;15627442,47;19321881,16;16720614,81;20211221,70;
1415072;"Łyse (2)";13863362,15;15433824,27;16662912,90;18263764,28;19447511,65;30613037,53;19781352,32;25564015,87;28817398,35;31448611,91;
1415083;"Myszyniec (3)";7842283,90;8537684,63;11318949,51;10853987,61;14128156,56;22019378,65;14325839,77;18380220,65;19057259,64;23941683,44;
1415092;"Olszewo-Borki (2)";14092431,34;12818435,31;13266993,80;15383909,53;21707899,68;24009842,06;21740505,26;25044480,26;26209115,92;26844660,95;
1415102;"Rzekuń (2)";19242243,27;18352550,85;18887896,68;18944410,19;21082836,37;25080190,22;26421734,89;29956915,53;27465334,36;36240975,08;
1415112;"Troszyn (2)";4838354,59;5145709,89;5470244,47;5966188,58;12483691,77;9949850,05;8005742,97;13673211,92;11054216,01;13408763,41;
1416000;"Powiat ostrowski";92461361,36;100480753,18;106764898,01;114021324,10;132079343,90;164639355,98;158077226,47;187587291,86;172493207,11;199974649,59;
1416011;"Ostrów Mazowiecka (1)";36795171,62;39230789,89;45441057,80;45790265,88;52804207,48;65683002,73;66233678,19;68817992,91;67482038,75;76111000,95;
1416022;"Andrzejewo (2)";4007875,96;4261851,14;4537294,23;4953067,52;5539510,66;6734497,44;6143985,10;9030349,86;8848348,36;9618304,48;
1416032;"Boguty-Pianki (2)";2380968,44;2364229,19;2605393,99;2485853,80;3338003,62;6509187,78;5049962,01;8137479,29;6500718,87;7197563,14;
1416043;"Brok (3)";3738044,62;4997660,01;4175182,40;4867427,14;4566488,51;5359163,07;6312984,92;8263367,59;5774601,99;7167439,61;
1416052;"Małkinia Górna (2)";15659708,20;17387009,63;17035525,85;18962871,52;23108375,42;23106209,08;24017788,90;25380264,82;24023940,07;29424874,05;
1416062;"Nur (2)";3115911,44;2880018,33;3111525,59;3136587,94;3542680,95;7854036,13;4992602,28;7001327,73;6995846,95;7543755,45;
1416072;"Ostrów Mazowiecka (2)";12880284,76;15337954,32;15595283,36;18499457,44;20155818,93;23380736,19;22533828,36;27131508,01;25704218,10;30086516,78;
1416082;"Stary Lubotyń (2)";4105430,53;4190013,51;4373621,32;4647928,92;4988674,86;7352910,21;6236884,62;9106275,76;7578815,87;7168666,11;
1416092;"Szulborze Wielkie (2)";1583373,09;1634649,25;1535709,13;1751927,47;2029410,65;2693226,02;2534709,91;5840553,66;3272005,93;6100454,65;
1416102;"Wąsewo (2)";4634359,75;4693072,56;4610756,22;5115399,68;6089828,71;6990326,39;6638107,62;9508945,13;9895019,51;8435975,08;
1416112;"Zaręby Kościelne (2)";3560232,95;3503505,35;3743548,12;3810536,79;5916344,11;8976060,94;7382694,56;9369227,10;6417652,71;11120099,29;
1417000;"Powiat otwocki";259928508,36;280678772,42;301548419,06;344371374,32;377859644,81;422919473,52;449837757,51;500449907,54;517228293,71;619182139,54;
1417011;"Józefów (1)";58723279,09;64756123,28;68917577,11;79000918,61;80810115,61;89005942,32;96713704,73;111228532,17;123418109,02;143320483,37;
1417021;"Otwock (1)";90713182,02;92796633,86;97238869,62;108768979,81;126172483,32;150136684,07;147662099,31;164850033,70;176642008,75;197836373,60;
1417032;"Celestynów (2)";18955056,48;20381841,21;20699226,94;24628802,44;30569226,54;34568115,89;33502807,66;35055769,06;40711906,78;42469887,36;
1417043;"Karczew (3)";30871750,79;37993484,77;38564291,04;46468750,52;43538780,64;45814474,62;50567783,64;49371182,29;47570590,12;73712311,88;
1417052;"Kołbiel (2)";15834941,33;15685130,65;16413785,86;18379955,23;20189795,45;22014687,75;24789515,13;28584813,51;29462779,54;37368170,07;
1417062;"Osieck (2)";5025203,12;4915738,34;5200664,08;5519675,05;6426628,24;7758022,91;8497743,01;12629113,27;9935519,71;;
1417063;"Osieck (3)";;;;;;;;;;10725588,03;
1417072;"Sobienie-Jeziory (2)";7096220,64;7274651,72;8108185,27;8825574,41;9733723,11;11213946,60;11812254,33;15708376,01;13579886,34;18216532,22;
1417082;"Wiązowna (2)";32708874,89;36875168,59;46405819,14;52778718,25;60418891,90;62407599,36;76291849,70;83022087,53;75907493,45;95532793,01;
1418000;"Powiat piaseczyński";606113611,08;607231879,52;641887916,16;697247045,26;795293117,18;818430588,90;917827687,66;984639501,36;1001600447,01;1310175052,44;
1418013;"Góra Kalwaria (3)";63189691,19;61754582,06;65260565,09;72095985,47;83957041,97;91631688,04;95708367,58;103844800,76;106811582,15;135660216,46;
1418023;"Konstancin-Jeziorna (3)";113469507,62;111920409,14;115083115,80;125562758,92;135663398,59;132948556,09;150876576,55;160774374,34;133099785,07;182219973,21;
1418032;"Lesznowola (2)";136341280,55;107860837,41;125020514,51;130974699,87;149329888,31;158813998,71;181986420,26;213932232,71;269991786,68;325163480,80;
1418043;"Piaseczno (3)";244410458,94;276675755,41;283883074,55;310827914,49;361728748,84;360254129,93;405785706,29;414556259,17;403066267,58;543820983,79;
1418052;"Prażmów (2)";18633375,98;21016224,50;22071652,85;25518867,38;28878723,07;31783429,95;34384591,91;38895057,02;37643442,86;57903016,04;
1418063;"Tarczyn (3)";30069296,80;28004071,00;30568993,36;32266819,13;35735316,40;42998786,18;49086025,07;52636777,36;50987582,67;65407382,14;
1419000;"Powiat płocki";171010185,61;180617011,03;186435895,64;203527373,64;222640997,10;271372532,25;288326620,29;341530336,63;321365284,45;387677509,09;
1419012;"Bielsk (2)";11257626,65;12499273,63;12240350,94;14076746,22;15184958,87;18121758,53;19888807,66;23093303,30;22177659,59;28402465,37;
1419022;"Bodzanów (2)";11033832,37;11495746,31;11274420,45;13447966,93;13612980,53;15223719,62;17535293,50;23269406,97;;;
1419023;"Bodzanów (3)";;;;;;;;;19393059,62;21475735,86;
1419032;"Brudzeń Duży (2)";7606842,48;8562523,69;8777522,32;9562013,07;10167150,93;14659740,43;14725459,66;18633286,22;16341102,91;20102724,37;
1419042;"Bulkowo (2)";5363241,90;6026141,47;5974748,50;6323203,13;7184421,20;9595491,08;11122609,21;12873115,22;11671482,63;13325123,61;
1419053;"Drobin (3)";7670820,37;8118873,22;8598818,99;8540794,16;10976115,91;13573593,53;12091185,36;16031629,58;13322870,96;15592571,14;
1419063;"Gąbin (3)";13902282,22;15560030,23;16291367,01;17961796,38;19214392,97;24273673,87;25810334,92;28333730,29;26388403,52;33807841,75;
1419072;"Łąck (2)";9723715,59;9748995,93;10497204,55;10806959,28;12633616,97;14385704,95;16662638,15;19846394,11;19140697,26;25040044,32;
1419082;"Mała Wieś (2)";5574159,26;6821220,63;7008628,69;7490038,81;8048914,44;11395252,44;9807932,51;13332813,14;12323884,80;11720848,45;
1419092;"Nowy Duninów (2)";5976659,66;5640935,29;5403670,03;6103883,44;6971567,70;7353492,10;8588453,96;11502909,86;9215332,91;10145818,65;
1419102;"Radzanowo (2)";13396513,83;14433988,58;15437200,60;16875859,33;17775196,32;18941786,97;22665688,60;27636850,84;23592729,50;31511679,88;
1419112;"Słubice (2)";4334097,40;4465994,19;4656078,36;5260887,21;5653937,84;6504951,61;6931160,11;10378957,29;9871463,75;9466825,09;
1419122;"Słupno (2)";33118536,13;32708849,51;33739230,49;36475619,85;39858704,29;44411213,14;51549908,98;53870431,52;57097956,59;70377052,98;
1419132;"Stara Biała (2)";28207816,21;29569823,59;31188834,20;34344943,14;37537543,04;47361166,10;46167291,65;50258722,79;48101285,23;61180153,76;
1419142;"Staroźreby (2)";7080700,84;8020379,10;8473500,79;8848079,63;10126442,13;14673184,44;14322470,11;17826723,80;21177620,56;22804233,14;
1419153;"Wyszogród (3)";6763340,70;6944235,66;6874319,72;7408583,06;7695053,96;10897803,44;10457385,91;14642061,70;11549734,62;12724390,72;
1420000;"Powiat płoński";130247140,71;132647741,27;137027071,83;148880672,01;172520828,50;195250391,28;214492394,51;258183573,49;233562904,99;278981847,62;
1420011;"Płońsk (1)";46116696,80;47138637,86;50448375,60;53550219,35;63826926,12;65033446,97;71726009,83;81349486,76;78131254,09;87460550,72;
1420021;"Raciąż (1)";7466906,10;8242401,50;7792403,65;8873968,90;10796896,91;9990964,35;10823677,54;19280477,14;11942433,89;14211488,33;
1420032;"Baboszewo (2)";13438830,90;10112191,85;10095629,80;10619859,81;12661271,57;14027129,32;16899658,13;18835166,05;16977365,61;28055010,44;
1420042;"Czerwińsk nad Wisłą (2)";6932468,64;7037038,12;7300879,88;8166189,13;9932869,13;;;;;;
1420043;"Czerwińsk nad Wisłą (3)";;;;;;14344152,11;11898973,80;16703941,53;15184729,57;15724517,03;
1420052;"Dzierzążnia (2)";3873471,95;4509404,57;4309465,15;4505933,66;6367984,20;6267221,50;6813607,94;9190816,87;7137979,58;7654416,09;
1420062;"Joniec (2)";3266508,26;3729250,76;3810223,79;4124234,77;4719029,68;6637195,78;6926028,83;9301124,33;7328088,05;9006354,44;
1420072;"Naruszewo (2)";6982644,92;7457769,12;7678136,13;7962023,73;8964037,49;10097147,50;9985165,04;13477565,55;11389470,51;12908332,62;
1420082;"Nowe Miasto (2)";5138977,28;5212134,52;5319901,38;6024844,29;6991059,86;10840301,61;12495676,57;;;;
1420083;"Nowe Miasto (3)";;;;;;;;11639448,36;10010605,50;14140036,43;
1420092;"Płońsk (2)";11315711,47;11527292,96;12746920,99;13968951,04;15185498,94;18055273,55;23389416,37;28646955,25;28374689,32;29795638,17;
1420102;"Raciąż (2)";10601635,21;11019369,00;10526054,84;12319975,10;12402058,62;16030540,23;15901209,59;19049258,45;18003338,44;20504168,25;
1420112;"Sochocin (2)";6208748,35;6964057,57;6814247,85;7176728,85;8220622,94;9287521,47;;;;;
1420113;"Sochocin (3)";;;;;;;10294226,06;12855400,90;11575837,39;14711444,45;
1420122;"Załuski (2)";8904540,83;9698193,44;10184832,77;11587743,38;12452573,04;14639496,89;17338744,81;17853932,30;17507113,04;24809890,65;
1421000;"Powiat pruszkowski";454681200,61;507359205,38;595188771,06;596254222,01;660309866,33;710094766,78;810018644,39;845536986,95;859418860,51;1109011285,31;
1421011;"Piastów (1)";44253955,51;54226928,40;59258758,32;64119880,24;65899515,73;66366197,23;75750992,44;76441845,43;77784603,61;97798946,43;
1421021;"Pruszków (1)";139280349,34;163143417,89;214871680,75;182738821,99;205259733,99;222132078,25;245838982,19;250922821,04;254914295,85;322037267,54;
1421033;"Brwinów (3)";68834937,22;75888393,19;85535322,88;92874235,87;109263214,06;118002548,16;132676541,54;133175891,47;142623321,90;177897279,56;
1421042;"Michałowice (2)";78480964,86;79385832,38;88963587,62;101824823,81;107731426,36;113354239,34;139936649,51;137980886,46;145037757,89;193525627,21;
1421052;"Nadarzyn (2)";59290568,39;67074804,33;72671945,92;76730900,32;84079017,52;85772110,40;101301957,22;112960127,47;118354656,20;160164170,25;
1421062;"Raszyn (2)";64540425,29;67639829,19;73887475,57;77965559,78;88076958,67;104467593,40;114513521,49;134055415,08;120704225,06;157587994,32;
1422000;"Powiat przasnyski";66363349,40;71158010,33;76153006,64;84236434,88;96960743,40;103009712,09;104882690,91;127969485,13;114727995,54;136650232,99;
1422011;"Przasnysz (1)";29950564,02;33449731,19;35228553,20;38031266,14;42979380,54;39908306,33;46287882,11;47218789,73;45850738,74;55124198,61;
1422023;"Chorzele (3)";9500291,08;10995994,52;12235465,39;15743431,50;16836940,12;18223372,56;17297625,16;21165825,52;18956340,30;26706575,68;
1422032;"Czernice Borowe (2)";4372125,36;4161908,44;4629334,88;4689864,88;5116218,40;5902484,09;5968229,46;9658900,94;8116904,24;8756816,71;
1422042;"Jednorożec (2)";5240577,02;5195967,38;5529153,06;5909170,90;8795209,38;8443507,02;8147822,80;11844672,57;11119593,80;10617921,60;
1422052;"Krasne (2)";6135423,07;5885997,56;6463374,05;6567271,96;7868699,12;7817435,41;7790791,26;11015695,99;8665277,13;9594761,52;
1422062;"Krzynowłoga Mała (2)";3416194,77;3510901,65;3543152,31;3820366,73;4753744,49;7072288,43;5291107,34;8975410,62;6125522,08;6812592,17;
1422072;"Przasnysz (2)";7748174,08;7957509,59;8523973,75;9475062,77;10610551,35;15642318,25;14099232,78;18090189,76;15893619,25;19037366,70;
1423000;"Powiat przysuski";38087775,09;39734633,52;43383501,40;48796564,67;53086224,85;63715363,96;62429816,16;90299205,67;64806228,57;75805208,41;
1423012;"Borkowice (2)";2862088,29;3107741,08;3232163,53;3603325,46;3893766,70;4447397,30;10199266,83;9714497,24;4580798,23;7296044,96;
1423022;"Gielniów (2)";3803892,02;3882979,23;4110853,11;4344684,18;4755840,69;5460057,32;5673149,23;9309182,39;6812479,40;;
1423023;"Gielniów (3)";;;;;;;;;;7137554,28;
1423032;"Klwów (2)";2712189,41;2565976,75;3268255,88;3117473,66;3235089,58;4369250,37;3543494,66;7032531,39;4548607,47;5032744,60;
1423042;"Odrzywół (2)";2751075,58;3229944,24;3347325,23;4962312,77;3983861,69;10702043,48;5432857,24;9269592,24;6242721,08;;
1423043;"Odrzywół (3)";;;;;;;;;;6433006,87;
1423052;"Potworów (2)";3349972,79;3207212,63;3614371,26;3818267,77;5175585,14;5401161,81;5024039,10;9189787,16;6233659,84;6497004,55;
1423063;"Przysucha (3)";15806349,20;15926208,89;17448314,89;19557000,65;20420026,14;23276458,59;22175557,57;24130470,74;22842363,75;28599594,75;
1423072;"Rusinów (2)";2754035,88;2919181,99;2821016,06;3224838,89;3661254,46;4123084,06;4030346,79;10038225,62;5173606,28;4710652,73;
1423082;"Wieniawa (2)";4048171,92;4895388,71;5541201,44;6168661,29;7960800,45;5935911,03;6351104,74;11614918,89;8371992,52;10098605,67;
1424000;"Powiat pułtuski";69880803,70;72400559,62;77386785,48;83635469,89;98761536,43;121689150,70;119155207,50;137686840,53;145306017,64;164593766,29;
1424012;"Gzy (2)";3502154,27;4077045,87;4029310,51;4068943,70;4795707,94;8187969,19;5994257,08;8895059,91;8177303,72;10629139,18;
1424022;"Obryte (2)";4516521,47;4507585,85;5214625,90;5709259,70;6261545,37;8180927,58;8857418,83;10662939,55;9326993,75;12715956,50;
1424032;"Pokrzywnica (2)";5907716,60;6748226,22;6806996,24;7784540,08;8546507,22;11692580,64;10602114,57;13751739,89;11009165,58;12614992,20;
1424043;"Pułtusk (3)";40795592,48;41663243,13;44982321,57;47106195,51;57466414,54;69868020,34;68560672,40;69019662,77;88634487,75;94128015,08;
1424052;"Świercze (2)";4596098,91;4781669,68;4864233,92;5444453,33;7356054,25;8344807,73;8939525,25;11378482,25;9645109,73;11722509,06;
1424062;"Winnica (2)";5218865,95;5221593,12;5719906,93;5864908,39;7782032,73;7794664,20;8398509,03;12440712,35;8823300,94;12904099,97;
1424072;"Zatory (2)";5343854,02;5401195,75;5769390,41;7657169,18;6553274,38;7620181,02;7802710,34;11538243,81;9689656,17;9879054,30;
1425000;"Powiat radomski";165629309,09;173025994,90;191571888,32;211880280,56;229909983,86;267078036,66;270379868,72;321808925,14;321078733,98;379637944,08;
1425011;"Pionki (1)";32290487,91;30871846,30;38965134,99;38171685,93;38520604,57;46133888,49;39795289,04;40585245,29;39551716,34;58480736,57;
1425022;"Gózd (2)";6906721,02;7197220,40;7346179,97;8705547,95;10221945,67;17636040,23;12095253,68;15556758,06;17194302,59;18566566,17;
1425033;"Iłża (3)";18203335,40;20294381,19;20715679,77;26118110,03;23752276,05;25522494,61;30436591,24;39873167,42;32863237,61;33227163,92;
1425042;"Jastrzębia (2)";6686300,59;7178705,05;7650338,35;9518554,81;9503194,59;11315850,42;11813014,81;17162238,53;14630197,78;15791293,55;
1425052;"Jedlińsk (2)";16238192,14;16373180,36;17964309,90;20254637,72;22969807,84;26344961,39;26786340,93;28756926,64;28004029,25;35048830,05;
1425062;"Jedlnia-Letnisko (2)";14417313,78;15459931,22;15779303,91;18159455,91;20181717,46;24546380,12;24944971,33;;;;
1425063;"Jedlnia-Letnisko (3)";;;;;;;;28869657,18;28444365,53;37491488,83;
1425072;"Kowala (2)";11443175,14;12581845,04;13966847,34;15335980,61;17293242,19;18212793,08;21613216,04;26006341,20;25116220,08;30134842,60;
1425082;"Pionki (2)";10157882,54;10191951,02;10415235,51;11452368,54;12842882,70;14805290,84;15785687,48;18477451,06;18313070,57;21186702,28;
1425092;"Przytyk (2)";4790798,95;5077109,75;5521081,61;6848723,60;7777817,39;7769499,40;8660747,51;13181121,53;11102944,85;;
1425093;"Przytyk (3)";;;;;;;;;;11201971,86;
1425103;"Skaryszew (3)";12164863,00;13267720,78;15363343,69;15685253,03;19274805,89;20362316,40;23691450,23;26554975,31;28044049,80;39985578,01;
1425112;"Wierzbica (2)";12354283,27;13041666,13;12539081,93;13892807,03;13774105,14;15261327,89;16116933,76;19435326,04;21209642,57;23071228,75;
1425122;"Wolanów (2)";7860705,08;8841469,63;10218589,30;11932492,85;14306731,14;14508566,36;16542298,29;20185074,45;20535198,13;23991409,97;
1425132;"Zakrzew (2)";12115250,27;12648968,03;15126762,05;15804662,55;19490853,23;24658627,43;22098074,38;27164642,43;36069758,88;31460131,52;
1426000;"Powiat siedlecki";94685386,19;101565505,34;110414033,42;116856715,11;134668825,54;163273522,85;163124519,47;203516143,16;230379818,20;236373729,55;
1426012;"Domanice (2)";3423209,25;2009626,66;2529634,88;3050861,93;3788576,29;4102419,87;4404229,81;7253247,90;5502699,16;5448271,59;
1426022;"Korczew (2)";2518622,35;2439152,81;3543572,07;2919557,33;3939027,68;4485603,11;3762144,55;7257154,56;5620106,91;4868351,91;
1426032;"Kotuń (2)";8528530,29;9542904,94;10900957,98;11116090,37;11928827,77;13387466,08;14441290,34;17110287,19;19247259,97;19590808,50;
1426042;"Mokobody (2)";4185871,72;4390287,98;5245205,94;5199181,86;7319386,42;6764778,90;6423163,82;10522855,69;9641271,79;8669435,06;
1426053;"Mordy (3)";4804341,11;5683413,59;6650228,57;6437200,98;7286195,16;8933769,27;9308713,40;13010287,11;13013940,40;11620155,15;
1426062;"Paprotnia (2)";2426069,44;2436798,92;3475941,39;2839630,67;3074608,31;7083327,34;4116002,19;7360791,98;5857404,51;6450232,06;
1426072;"Przesmyki (2)";2560037,52;3057057,64;2792183,74;2822589,75;3525010,67;4715727,10;3469607,21;7612683,23;5049539,80;5409265,51;
1426082;"Siedlce (2)";26442319,73;31923805,88;33912314,45;36692130,58;40199529,97;47265701,34;52515849,51;57888911,41;84034233,71;72143028,85;
1426092;"Skórzec (2)";7099706,61;9962237,18;8616662,08;10889309,72;12727848,59;16894001,41;15967268,78;19574253,93;19463176,93;24913455,63;
1426102;"Suchożebry (2)";8136523,85;8242043,88;8038866,18;9136796,52;10132258,01;11169807,84;11419628,38;13214903,60;11406497,37;14934740,99;
1426112;"Wiśniew (2)";7288804,98;6385854,70;6677925,59;8506367,77;9198443,81;13536790,52;11744997,78;13374955,82;13061772,84;20418116,65;
1426122;"Wodynie (2)";6453257,35;3853376,50;5341143,15;4766963,24;5203782,46;6007827,67;9221864,39;9346582,24;11057488,18;9934145,88;
1426132;"Zbuczyn (2)";10818091,99;11638944,66;12689397,40;12480034,39;16345330,40;18926302,40;16329759,31;19989228,50;27424426,63;31973721,77;
1427000;"Powiat sierpecki";71280460,67;72877306,25;74598600,59;79410807,87;90381960,35;96010759,38;101817995,47;118079511,76;112520502,68;136427784,03;
1427011;"Sierpc (1)";32787986,14;34631496,95;36458283,88;39040729,13;44010130,56;42738010,61;50409919,02;49228730,87;54073995,00;70519770,33;
1427022;"Gozdowo (2)";6600666,22;8710955,42;7529626,68;8417295,36;8792761,00;10831663,60;9830962,08;12837531,97;11569553,69;14399702,53;
1427032;"Mochowo (2)";8592449,43;7466830,41;7620008,37;8084427,03;10086408,29;9382904,44;9932884,60;12600744,89;10665569,53;12577596,03;
1427042;"Rościszewo (2)";3064227,62;3111046,22;3069047,13;3324851,05;4101078,40;4457604,06;4624786,58;8108895,34;5487888,30;5638335,62;
1427052;"Sierpc (2)";8706277,70;8869411,98;8915326,50;9342998,73;10460237,86;11191342,72;11776073,84;14871674,71;13730484,06;15174104,90;
1427062;"Szczutowo (2)";5375977,74;3884661,99;4002092,02;4171222,54;5277014,35;8539925,71;6398116,59;8450356,24;6301611,37;6966946,66;
1427072;"Zawidz (2)";6152875,82;6202903,28;7004216,01;7029284,03;7654329,89;8869308,24;8845252,76;11981577,74;10691400,73;11151327,96;
1428000;"Powiat sochaczewski";173484821,43;172465849,60;180428008,29;202798347,86;220610681,69;242845142,67;253726191,48;284748452,11;303514613,23;351445334,69;
1428011;"Sochaczew (1)";73943542,61;80176633,15;85422622,79;99129261,42;101964308,39;102669126,27;106634157,98;114209082,15;113623578,26;138992572,26;
1428022;"Brochów (2)";5853385,34;6560798,15;8028748,74;7956685,14;8728434,71;9842195,00;10418626,88;15647026,90;11866270,38;14483457,97;
1428032;"Iłów (2)";7536941,33;8466448,58;10056152,57;11737324,23;10902347,46;14996066,32;13617098,79;17410059,42;17628874,01;21738410,02;
1428042;"Młodzieszyn (2)";9272619,18;6905983,06;7630706,94;8601430,28;8455091,99;11719426,27;11445640,50;15388888,37;19135532,19;17089330,67;
1428052;"Nowa Sucha (2)";9983210,35;9441484,23;10277105,08;11526373,60;15033284,73;15799827,44;16112429,55;19383412,45;19092625,69;21424672,36;
1428062;"Rybno (2)";4378542,80;4910067,83;4871842,76;5160020,76;8043824,62;9582565,48;9032687,93;11771052,34;16045248,15;11930594,00;
1428072;"Sochaczew (2)";22258700,08;24639996,26;24609746,78;27171261,86;32653669,29;39081789,55;44780056,08;43523413,03;44860196,04;56299525,49;
1428082;"Teresin (2)";40257879,74;31364438,34;29531082,63;31515990,57;34829720,50;39154146,34;41685493,77;47415517,45;61262288,51;69486771,92;
1429000;"Powiat sokołowski";90470294,20;85212160,67;89657340,87;96064760,68;114431004,05;128401576,80;131478648,80;153193011,09;137872062,17;179626057,64;
1429011;"Sokołów Podlaski (1)";43574228,25;42087675,22;42422451,43;47774994,53;54482922,11;55708420,50;60854435,04;62008244,13;62551439,53;84787623,82;
1429022;"Bielany (2)";3654661,39;3520039,12;3549233,05;3839731,62;5112487,18;7730181,17;8227805,33;9033315,68;6950967,54;8470149,90;
1429032;"Ceranów (2)";1977939,18;2400234,60;2538525,54;2290957,20;2902161,10;3802670,26;3263759,69;6288011,45;3166489,18;3771313,23;
1429042;"Jabłonna Lacka (2)";7753431,02;5003760,92;5757506,43;6166558,46;6921144,45;8262770,39;8570776,38;9908195,96;8593657,71;13435787,23;
1429053;"Kosów Lacki (3)";8822345,57;9138285,72;10023219,84;10966928,26;13310228,19;11765393,17;13502565,85;16073134,51;14855994,24;21482179,13;
1429062;"Repki (2)";7030896,23;6310749,47;6924612,78;6344073,55;10096425,53;12960468,55;10842753,48;12957708,93;11405601,68;10797058,05;
1429072;"Sabnie (2)";4997795,78;4870890,82;5085887,88;5074337,40;5582270,85;8556911,39;6661680,47;9983188,83;7695227,66;9594510,61;
1429082;"Sokołów Podlaski (2)";8261193,66;7578634,04;8743408,07;8788770,64;9767475,07;12514741,72;13041095,78;15732971,09;13473145,98;17738721,51;
1429092;"Sterdyń (2)";4397803,12;4301890,76;4612495,85;4818409,02;6255889,57;7100019,65;6513776,78;11208240,51;9179538,65;9548714,16;
1430000;"Powiat szydłowiecki";37091539,80;39648266,51;43957671,17;46690729,03;51129421,25;55676633,79;59947689,89;75144072,49;71122048,14;78508172,65;
1430012;"Chlewiska (2)";4849586,77;5602999,25;6699457,08;5717110,26;6300529,02;6477769,58;6613735,32;9974947,47;8557208,52;8945600,97;
1430022;"Jastrząb (2)";4547914,36;5040788,69;6077667,63;6450212,99;6872817,24;8920465,31;9503188,15;11078553,63;;;
1430023;"Jastrząb (3)";;;;;;;;;10661382,50;12479141,56;
1430032;"Mirów (2)";2233210,34;2344698,71;2603716,61;3143062,88;3252315,64;4703926,21;5449741,05;7056074,48;4425682,24;4817340,47;
1430042;"Orońsko (2)";5437175,51;5371346,47;5774183,48;7018469,57;7108424,77;8282982,53;9043117,35;13390470,11;10091731,23;11492660,64;
1430053;"Szydłowiec (3)";20023652,82;21288433,39;22802646,37;24361873,33;27595334,58;27291490,16;29337908,02;33644026,80;37386043,65;40773429,01;
1432000;"Powiat warszawski zachodni";388563658,57;438903039,01;450951896,99;507347109,39;551133219,19;610012085,78;666859130,56;727116029,56;721430317,80;937533795,08;
1432013;"Błonie (3)";60042831,35;72314661,83;71051865,26;82743718,02;87067433,63;100423657,37;109332972,33;118785051,32;130115052,11;158423385,62;
1432022;"Izabelin (2)";34802452,56;39765593,52;40941931,61;46141374,17;50302195,16;53322168,22;61077369,75;58946928,44;57573838,21;74827274,13;
1432032;"Kampinos (2)";16264840,67;15358287,32;16958373,65;19160640,26;21869428,23;22530735,01;23228148,59;26218384,80;23746908,25;25298549,49;
1432042;"Leszno (2)";26078766,65;27912777,51;30450110,53;33790597,93;37308909,99;39495052,58;46604648,17;51861792,67;53933989,14;72134315,97;
1432053;"Łomianki (3)";85667277,48;92671842,39;99104997,68;110518565,02;116548053,08;130511760,81;135191597,52;143007432,41;128630592,38;180218725,00;
1432063;"Ożarów Mazowiecki (3)";104666456,18;124976767,91;119566137,39;128519783,05;141764213,92;169917359,06;180222244,13;213600647,44;211445581,55;265160313,57;
1432072;"Stare Babice (2)";61041033,68;65903108,53;72878480,87;86472430,94;96272985,18;93811352,73;111202150,07;114695792,48;115984356,16;161471231,30;
1433000;"Powiat węgrowski";96908978,60;98410523,55;107732322,34;120031018,42;139451755,35;158091699,64;153728254,21;185213317,93;170284180,25;190606664,98;
1433011;"Węgrów (1)";30173754,55;32156879,15;33501868,79;36976291,97;41253937,30;40537095,25;46912161,03;46217917,90;47504839,64;55572508,76;
1433022;"Grębków (2)";3799074,36;4844780,87;5909562,54;5538262,79;5762123,01;7711055,49;6301376,74;9915984,20;7889426,48;8465275,57;
1433032;"Korytnica (2)";8273122,78;8241223,28;11726160,05;17391366,65;12213575,68;14771165,72;13409920,26;22689907,80;14432991,95;15756693,61;
1433042;"Liw (2)";8735788,45;9064199,31;10397811,93;10896905,03;19290055,76;22574789,22;16208253,99;20838245,80;18012440,55;19987220,86;
1433053;"Łochów (3)";27731341,58;25380738,09;27157462,58;29056614,33;33284807,99;40275936,85;40780001,22;43782470,01;44851989,60;50954001,84;
1433062;"Miedzna (2)";3823426,85;4418626,95;4434864,80;4932502,17;6363694,28;8219195,66;6851078,80;10033318,12;8428072,63;10637206,40;
1433072;"Sadowne (2)";5549214,08;5355252,49;5780090,01;5778805,25;7944529,57;7966489,07;8298762,23;11556960,72;9879186,30;10360728,55;
1433082;"Stoczek (2)";5036535,65;5653947,44;5583386,26;5894803,16;8121874,60;8864721,48;8671824,68;11162439,10;9827326,93;10580443,86;
1433092;"Wierzbno (2)";3786720,30;3294875,97;3241115,38;3565467,07;5217157,16;7171250,90;6294875,26;9016074,28;9457906,17;8292585,53;
1434000;"Powiat wołomiński";438914299,67;475969378,40;506534536,46;591737230,82;679965538,08;748761030,66;824486365,64;890829403,50;869080664,53;1059895773,12;
1434011;"Kobyłka (1)";41618732,07;52789794,35;50525324,82;73468904,09;70305118,66;78124696,03;112579101,96;92193470,63;106989484,37;112696151,02;
1434021;"Marki (1)";66712726,82;72076887,94;78729644,34;97226558,74;106590160,48;118959214,17;132187559,45;134811456,05;141771433,22;178702238,08;
1434031;"Ząbki (1)";82130361,36;78811521,21;88504084,49;99382708,62;132876582,22;135454163,87;132633414,61;137133353,69;136449665,13;165600272,22;
1434041;"Zielonka (1)";41095318,95;42503240,91;49508336,76;53697454,22;55866677,72;59174442,55;61271231,44;63997271,56;63535775,85;81851844,31;
1434052;"Dąbrówka (2)";12306174,34;14318903,33;16617990,27;17461967,16;20304579,34;28200540,59;27060113,44;29469485,21;31626140,93;36856223,39;
1434062;"Jadów (2)";7345098,22;7817275,86;8183330,51;9032886,85;10597934,92;12739955,71;12117169,71;16040864,11;;;
1434063;"Jadów (3)";;;;;;;;;13999913,69;16677010,25;
1434072;"Klembów (2)";16967434,49;18600852,27;21449729,52;23907900,67;29385630,67;28192838,54;31650822,22;36763671,88;44972004,28;51345817,41;
1434082;"Poświętne (2)";4384416,08;4941651,54;5262090,94;6170440,39;7633160,73;18516621,31;11251071,56;15139885,08;14692739,43;15217134,19;
1434093;"Radzymin (3)";50937987,29;59895622,20;65277144,48;72811209,61;83825605,04;97131319,08;118966239,73;130824497,22;119123454,47;162257918,26;
1434102;"Strachówka (2)";2466316,25;3029067,19;3521711,27;4717251,26;4947753,56;6051201,11;4867925,56;8518998,14;5576584,52;7953299,49;
1434113;"Tłuszcz (3)";19774687,40;22890695,47;24979939,44;31411227,90;35033112,47;38507914,73;40797225,36;55706043,12;53272750,21;55404901,28;
1434123;"Wołomin (3)";93175046,40;98293866,13;93975209,62;102448721,31;122599222,27;127708122,97;139104490,60;170230406,81;137070718,43;175332963,22;
1435000;"Powiat wyszkowski";104175286,72;114223957,09;121855810,54;136018366,27;146329981,83;175107179,49;174771937,44;191982679,75;190040618,97;246935275,98;
1435012;"Brańszczyk (2)";11818873,99;12204745,44;12259224,54;15164782,44;14949746,10;21122462,29;17794842,47;20389041,29;17934915,28;25385767,96;
1435022;"Długosiodło (2)";8101523,72;8085167,60;7351147,16;9435588,58;10465899,57;12581672,45;11631346,34;15377878,52;13458430,49;15772308,83;
1435032;"Rząśnik (2)";7061692,36;7597858,22;7641532,01;8992593,50;10440555,47;12083119,02;11950449,06;15582939,64;13864563,09;18947751,62;
1435042;"Somianka (2)";6840203,24;7114393,74;8155448,09;9303193,22;10281954,80;13736776,74;13942168,59;17302573,46;18560204,37;20615162,56;
1435053;"Wyszków (3)";63911487,02;72322887,51;78669236,44;83566995,15;88871632,51;102334979,51;105089540,97;106438232,96;111489151,13;142231862,74;
1435062;"Zabrodzie (2)";6441506,39;6898904,58;7779222,30;9555213,38;11320193,38;13248169,48;14363590,01;16892013,88;14733354,61;23982422,27;
1436000;"Powiat zwoleński";39193458,87;39512729,72;41799947,60;44405119,09;49964530,07;57321349,77;53159161,96;69093373,83;66213861,34;77232413,06;
1436012;"Kazanów (2)";3351902,48;3907563,76;4270775,30;4495929,39;4314189,22;5116657,81;4951428,55;7523679,64;5161482,88;5854206,62;
1436022;"Policzna (2)";5638112,24;5822350,59;6458231,60;6803668,14;6908920,37;7456574,21;7406129,25;10559350,59;9572238,42;11300781,16;
1436032;"Przyłęk (2)";4668213,51;5092126,65;5456728,20;5818869,53;8178322,44;10150939,98;8502542,30;11751660,15;10866145,80;10568325,55;
1436042;"Tczów (2)";4696928,40;4387359,41;4284466,85;4185051,20;4977147,47;5954694,38;5581290,45;9005556,82;6898439,29;9027439,40;
1436053;"Zwoleń (3)";20838302,24;20303329,31;21329745,65;23101600,83;25585950,57;28642483,39;26717771,41;30253126,63;33715554,95;40481660,33;
1437000;"Powiat żuromiński";44796359,54;43999775,21;52539324,31;51760013,26;55998601,06;62710661,28;65851723,40;93279822,99;73649884,87;88173145,77;
1437013;"Bieżuń (3)";6023965,64;6457778,27;6594842,13;7666655,74;9440772,88;9592234,56;10093699,90;13214075,27;10462661,09;14861211,57;
1437022;"Kuczbork-Osada (2)";7146535,29;6196152,43;9380874,47;7753012,36;5806023,89;7972983,52;8179607,61;14465482,59;8307752,47;10130270,53;
1437032;"Lubowidz (2)";6683560,91;7298808,28;7603946,36;8155340,64;;;;;;;
1437033;"Lubowidz (3)";;;;;8711245,82;10754573,14;11472983,54;14503793,23;11861022,49;14174765,01;
1437042;"Lutocin (2)";2405365,04;2489392,58;2679969,72;3077661,78;3467416,92;3888818,72;4028187,81;7392572,69;4936560,04;5198423,89;
1437052;"Siemiątkowo (2)";3086501,08;3277786,64;3620073,68;3935429,34;4280511,51;4306072,66;4360400,63;12736374,47;5223431,39;5811479,53;
1437063;"Żuromin (3)";19450431,58;18279857,01;22659617,95;21171913,40;24292630,04;26195978,68;27716843,91;30967524,74;32858457,39;37996995,24;
1438000;"Powiat żyrardowski";166267743,28;165462992,90;190462931,20;205839964,27;217416803,36;248393812,25;272872878,40;290271022,67;315931627,61;370645033,65;
1438011;"Żyrardów (1)";84732805,77;87649085,35;93547740,48;105610992,53;115818937,08;128667791,17;129749968,17;129570251,49;141385512,87;183249711,99;
1438023;"Mszczonów (3)";38114933,74;37190709,31;38999872,92;44682454,54;47418375,83;55114685,38;62610805,79;67766616,99;83578101,07;89064144,79;
1438032;"Puszcza Mariańska (2)";13600817,45;11413438,52;12119911,50;13291535,26;16252927,11;17916560,70;19556916,67;25108555,19;22355767,58;27238252,26;
1438042;"Radziejowice (2)";14724677,32;16153124,53;16643189,07;23528068,10;20087942,78;21952796,78;24070591,89;27525415,55;27172901,80;32535933,52;
1438052;"Wiskitki (2)";15094509,00;13056635,19;29152217,23;18726913,84;17838620,56;24741978,22;;;;;
1438053;"Wiskitki (3)";;;;;;;36884595,88;40300183,45;41439344,29;38556991,09;
1461000;"Powiat m. Ostrołęka";144366815,53;146317173,47;153815762,69;174333477,53;182239772,45;165323371,71;179127092,62;197551462,87;204175452,97;246094111,96;
1461011;"Ostrołęka (1)";144366815,53;146317173,47;153815762,69;174333477,53;182239772,45;165323371,71;179127092,62;197551462,87;204175452,97;246094111,96;
1462000;"Powiat m. Płock";477824308,01;518886828,52;601184426,30;608064895,76;657753683,88;654640124,84;682668695,36;759986117,71;800101270,35;1040738030,97;
1462011;"Płock (1)";477824308,01;518886828,52;601184426,30;608064895,76;657753683,88;654640124,84;682668695,36;759986117,71;800101270,35;1040738030,97;
1463000;"Powiat m. Radom";487823015,64;496116149,37;515019843,03;543218095,06;585268248,32;603927744,53;628486183,99;669078568,82;714083042,46;848139633,94;
1463011;"Radom (1)";487823015,64;496116149,37;515019843,03;543218095,06;585268248,32;603927744,53;628486183,99;669078568,82;714083042,46;848139633,94;
1464000;"Powiat m. Siedlce";212472090,71;187805997,02;196052498,67;213653378,54;227405662,91;226648881,60;265506775,66;247669323,63;259374778,65;335997466,50;
1464011;"Siedlce (1)";212472090,71;187805997,02;196052498,67;213653378,54;227405662,91;226648881,60;265506775,66;247669323,63;259374778,65;335997466,50;
1465000;"Powiat m. st. Warszawa";11083308418,33;11033226221,14;11634869452,15;12805533034,79;13031875462,72;12608861903,17;14755308646,48;15872924901,48;16054054592,79;20746857397,17;
1465011;"M.st.Warszawa od 2002 (1)";11083308418,33;11033226221,14;11634869452,15;12805533034,79;13031875462,72;12608861903,17;14755308646,48;15872924901,48;16054054592,79;20746857397,17;
1600000;"OPOLSKIE";1898296290,10;1982108803,10;2075160221,03;2278319922,99;2465078257,01;2742481597,40;2877364439,41;3201438192,84;3245196050,26;3890146430,90;
1601000;"Powiat brzeski";161563405,31;163723597,72;178129369,91;187835537,57;217696852,53;222117009,13;247642502,80;263571434,62;287905080,73;326666522,44;
1601011;"Brzeg (1)";71370960,52;73471985,27;78301793,48;81635389,74;101943254,58;87895737,31;99748991,22;104193227,45;121041599,87;126340345,87;
1601022;"Skarbimierz (2)";21416329,43;21155758,55;24067274,69;25496937,13;25169821,15;32703184,53;34599352,63;38818141,95;42701434,84;49820952,42;
1601033;"Grodków (3)";29442198,58;29812692,41;31764502,28;33735214,84;39378595,60;44050268,94;47950100,49;47874517,05;52564854,73;59898858,28;
1601043;"Lewin Brzeski (3)";18972650,20;19364187,05;21373329,84;23085822,99;25207413,61;28906410,93;35397526,99;35236145,70;35744742,68;47623450,21;
1601052;"Lubsza (2)";11863803,63;12291971,72;13572024,96;14410450,29;15742508,11;17612175,91;18298390,59;21953393,93;22126371,34;28914055,39;
1601062;"Olszanka (2)";8497462,95;7627002,72;9050444,66;9471722,58;10255259,48;10949231,51;11648140,88;15496008,54;13726077,27;14068860,27;
1602000;"Powiat głubczycki";74361285,47;74255548,44;76889083,36;81519553,52;85469723,63;100728038,21;113652644,97;130712342,58;128953217,28;156098759,95;
1602013;"Baborów (3)";9722336,71;9381353,49;9062423,16;9514248,06;10188799,39;13754787,79;16822228,68;17672664,74;15090577,26;17601105,05;
1602022;"Branice (2)";8508760,78;8490687,72;8925104,07;9482895,53;11012756,05;13023016,03;13962372,74;19520259,84;19888591,14;25430419,47;
1602033;"Głubczyce (3)";38713783,80;38968315,71;39586017,62;43173782,61;44447440,63;50790337,75;54440992,13;64040173,53;63587330,19;70944287,92;
1602043;"Kietrz (3)";17416404,18;17415191,52;19315538,51;19348627,32;19820727,56;23159896,64;28427051,42;29479244,47;30386718,69;42122947,51;
1603000;"Powiat kędzierzyńsko-kozielski";196467098,32;210936467,32;222491784,59;231874902,57;264236816,53;245754223,36;274200984,74;325387124,96;306066110,16;417335124,46;
1603011;"Kędzierzyn-Koźle (1)";147094123,09;159679061,51;168670680,26;177120019,29;202430450,72;178445154,50;203390412,77;240321185,39;224233345,30;319632635,30;
1603022;"Bierawa (2)";14458126,48;16315385,49;17055053,36;16277052,01;17188444,40;18759195,63;20290601,20;25048606,74;21983933,03;25937711,99;
1603032;"Cisek (2)";6834258,74;6791520,38;6953618,62;8012469,12;9215384,03;10055488,94;8840582,74;11856980,57;9565465,69;12008548,23;
1603042;"Pawłowiczki (2)";9865803,82;8927291,49;9279078,13;9810673,06;10710442,99;12171766,88;11643509,40;15095421,30;15254383,88;15843381,51;
1603052;"Polska Cerekiew (2)";8621700,97;8716939,81;9477731,90;8868837,48;10063714,32;9484292,06;12551923,61;13159769,59;11959026,48;13937558,46;
1603062;"Reńska Wieś (2)";9593085,22;10506268,64;11055622,32;11785851,61;14628380,07;16838325,35;17483955,02;19905161,37;23069955,78;29975288,97;
1604000;"Powiat kluczborski";105227181,70;104618702,48;109234981,34;163042456,58;144398612,91;145211148,53;158980964,13;170584032,75;165897008,33;194872804,89;
1604013;"Byczyna (3)";16308145,88;14013077,76;15867696,57;62317805,54;31963144,87;20897976,47;20742404,10;23987444,15;21021583,38;27754178,69;
1604023;"Kluczbork (3)";63232411,70;66468142,78;68098182,10;73761020,32;81875293,43;88662779,52;101671697,41;100127477,26;103827780,19;119914308,63;
1604032;"Lasowice Wielkie (2)";6421263,36;6626911,18;6781444,17;7485955,61;8028011,89;10456134,96;9816254,74;14279881,73;12457833,04;12565387,27;
1604043;"Wołczyn (3)";19265360,76;17510570,76;18487658,50;19477675,11;22532162,72;25194257,58;26750607,88;32189229,61;28589811,72;34638930,30;
1605000;"Powiat krapkowicki";128140792,67;131756032,02;137558507,24;147399005,17;159947418,10;174591791,06;200927131,78;204507358,80;202577310,71;246410646,13;
1605013;"Gogolin (3)";40297271,84;40217636,37;43148076,32;46222012,85;46193796,65;54229542,93;60637087,41;62081578,24;65248847,60;74351533,81;
1605023;"Krapkowice (3)";42491906,71;42814904,68;46363429,38;48019763,82;53548870,32;58911880,44;66866191,36;68376358,99;66757019,06;82540804,67;
1605032;"Strzeleczki (2)";8649907,38;10856358,45;10290106,90;10577077,58;12623630,32;14890228,10;14264186,54;19086828,56;16709883,45;;
1605033;"Strzeleczki (3)";;;;;;;;;;19063436,95;
1605042;"Walce (2)";6190423,68;6579079,73;6428606,08;6862624,34;8172621,23;10627985,58;14857162,22;14254741,17;12918664,03;17915599,67;
1605053;"Zdzieszowice (3)";30511283,06;31288052,79;31328288,56;35717526,58;39408499,58;35932154,01;44302504,25;40707851,84;40942896,57;52539271,03;
1606000;"Powiat namysłowski";75806899,54;71849737,72;77475230,41;84423203,88;87134523,01;105377695,65;107108195,51;128619895,44;113684064,36;126622270,34;
1606012;"Domaszowice (2)";5970045,32;5207276,75;5050724,16;5473658,31;5958474,52;7373161,67;6652999,91;10336072,60;8139806,59;8563230,73;
1606023;"Namysłów (3)";47436057,24;46221560,76;48386463,32;56300406,19;55527028,09;64555823,67;70025299,75;73362225,30;71150369,77;79285545,88;
1606032;"Pokój (2)";7508448,71;6736195,66;8759093,91;7842523,61;8917307,58;12652934,06;11352803,77;15197341,71;12296705,76;14607430,12;
1606042;"Świerczów (2)";5249949,24;4480025,45;4897848,79;4936999,34;5494783,52;7218312,90;7463080,00;12147891,83;8275774,30;9552097,97;
1606052;"Wilków (2)";9642399,03;9204679,10;10381100,23;9869616,43;11236929,30;13577463,35;11614012,08;17576364,00;13821407,94;14613965,64;
1607000;"Powiat nyski";216363980,29;229566095,40;225669306,28;252324570,74;273331817,46;341659530,68;341445198,06;395226812,58;397924108,11;492711105,15;
1607013;"Głuchołazy (3)";42309955,13;44035678,83;41879437,93;50952874,09;50911863,96;52635733,03;58532364,30;66924022,98;78098098,31;97391863,15;
1607022;"Kamiennik (2)";6638599,33;6312568,44;5788599,17;6144694,01;6667148,88;7420360,69;7237742,40;13667235,69;9210971,83;10532795,71;
1607033;"Korfantów (3)";12359185,94;11000705,20;11262957,78;11119232,93;12365399,33;14455488,69;14383021,09;17052286,49;16829945,33;18617063,78;
1607042;"Łambinowice (2)";10517372,81;10759443,41;10673574,53;11788676,83;11800429,08;13854827,33;14139847,31;17597365,82;17026908,70;18797770,66;
1607053;"Nysa (3)";94103340,35;108123848,55;104641843,43;115989369,56;126249146,12;180480055,85;174830890,34;190577790,89;180712057,80;243456818,93;
1607063;"Otmuchów (3)";19944298,31;19863383,49;20981064,02;24356455,41;24742754,52;29027180,55;30502582,58;35054478,24;32930445,95;38322499,89;
1607073;"Paczków (3)";16914029,32;16840291,11;17294316,37;17878386,39;21234055,28;23632302,89;21803279,75;29364010,83;30280706,68;31635961,98;
1607082;"Pakosławice (2)";5346975,23;4826990,43;5414509,46;5636548,95;6251095,42;6762143,61;7419996,38;10342305,39;11052163,89;9285109,00;
1607092;"Skoroszyce (2)";8230223,87;7803185,94;7733003,59;8458332,57;13109924,87;13391438,04;12595473,91;14647316,25;21782809,62;24671222,05;
1608000;"Powiat oleski";84509924,42;88310886,95;93278719,82;99300976,46;111384406,31;123106302,58;132842322,99;160187858,41;151741158,57;173697990,79;
1608013;"Dobrodzień (3)";12888649,88;13760652,90;15407907,28;16298020,97;18342796,59;20531573,15;23828121,29;27071849,38;26441057,83;26658642,19;
1608023;"Gorzów Śląski (3)";9446471,10;8861190,15;9314717,86;10250488,54;10596926,17;12115547,39;12627580,13;17850289,63;19417183,35;16558608,99;
1608033;"Olesno (3)";24471499,12;25720355,67;27737283,65;30296102,41;35564584,27;35481919,50;39889561,24;40456454,79;41574173,18;52093222,27;
1608043;"Praszka (3)";20322996,43;21657739,10;22039284,19;23339363,74;24445716,81;28145240,36;30944220,97;34524490,84;31857918,02;39063358,85;
1608052;"Radłów (2)";4366986,67;4319950,63;4108865,51;4366079,32;5693008,54;5743815,82;6140585,58;12501084,10;7584466,19;8500259,89;
1608062;"Rudniki (2)";9719052,60;10088908,28;10140928,27;11067274,76;12340459,24;15503352,73;14812210,30;19337526,98;18787140,04;25109857,27;
1608072;"Zębowice (2)";3294268,62;3902090,22;4529733,06;3683646,72;4400914,69;5584853,63;4600043,48;8446162,69;6079219,96;5714041,33;
1609000;"Powiat opolski";241068380,78;257721320,77;219098205,50;230783804,86;262886463,03;283494997,70;313594053,28;349021637,34;350805082,24;417832455,89;
1609012;"Chrząstowice (2)";9762547,26;10530022,94;11701697,45;12491245,97;17079142,33;15702255,45;17317857,60;21306630,77;21360695,19;23840474,73;
1609022;"Dąbrowa (2)";14123365,56;14723674,13;13269153,02;14558219,98;16599577,43;17797666,78;21891505,38;25008684,17;26579946,53;30296350,27;
1609032;"Dobrzeń Wielki (2)";54881285,36;68817900,46;21738888,46;21723714,85;24733518,65;22752423,92;24583204,03;25419577,81;25902494,28;31263775,27;
1609042;"Komprachcice (2)";14362399,26;14384705,29;12590257,41;13938005,01;15390595,88;18107592,50;18039656,82;21048300,08;20737350,01;24143822,98;
1609052;"Łubniany (2)";13380125,80;14087210,72;15225347,14;16367435,50;18731433,04;21861841,48;22410450,33;27912021,08;24165532,01;30854710,44;
1609062;"Murów (2)";9802998,06;8112218,48;8744287,54;9593177,85;10131014,13;10980101,61;11990383,92;16059517,80;15094994,80;17858477,64;
1609073;"Niemodlin (3)";25570325,10;25000723,51;26825703,44;28576276,81;31320569,18;33987896,02;45102216,55;45135696,07;42875335,90;56658378,27;
1609083;"Ozimek (3)";31546057,72;33237328,94;37153175,98;35445376,17;39558127,59;43054046,61;45554538,57;48122693,99;56270199,58;67277123,21;
1609092;"Popielów (2)";11517164,94;11305045,46;10642056,14;11279502,87;13859864,45;16998094,74;18397673,84;19782392,94;17060675,91;19038177,81;
1609103;"Prószków (3)";16557586,54;17383960,39;18045928,76;19033668,47;22847571,78;25200817,87;28349213,17;29126516,60;30467091,44;31512139,55;
1609112;"Tarnów Opolski (2)";14832717,94;14953352,88;16333176,12;17932810,49;21286418,06;21225976,97;22312850,00;24370138,29;26750678,96;32817909,64;
1609122;"Tułowice (2)";8560396,71;8896403,00;9555090,86;;;;;;;;
1609123;"Tułowice (3)";;;;10429278,55;10521063,67;13003963,75;13545505,74;16408677,25;14627685,11;16856829,78;
1609132;"Turawa (2)";16171410,53;16288774,57;17273443,18;19415092,34;20827566,84;22822320,00;24098997,33;29320790,49;28912402,52;35414286,30;
1610000;"Powiat prudnicki";81557978,91;82554494,15;87218137,04;91192933,92;104063247,34;110193142,03;115605571,93;133354395,96;128822484,22;147508810,82;
1610013;"Biała (3)";12805467,33;13654477,30;14071150,70;14387888,35;18092142,60;19842143,00;19994144,36;24554854,69;23615104,58;23140156,06;
1610023;"Głogówek (3)";22940841,90;23246732,63;23203691,72;24192695,85;24603486,67;27912484,69;29680927,61;33927757,52;33358462,84;39502257,09;
1610032;"Lubrza (2)";5678356,78;5509554,42;5763746,23;6335435,08;6926631,65;8030093,86;8305448,63;12409477,36;9841146,05;11364096,08;
1610043;"Prudnik (3)";40133312,90;40143729,80;44179548,39;46276914,64;54440986,42;54408420,48;57625051,33;62462306,39;62007770,75;73502301,59;
1611000;"Powiat strzelecki";120748860,36;129085216,21;133222018,33;146418802,03;163875293,15;169928619,76;193716397,30;219031447,85;238957698,49;289782429,03;
1611012;"Izbicko (2)";6835639,93;7256731,01;6838440,82;8410528,77;9897621,88;8843261,96;9557708,45;13914267,94;12033297,30;14360095,30;
1611022;"Jemielnica (2)";6859272,97;7754791,65;7808326,03;8480647,91;9860495,19;10882340,22;11270586,02;14851843,88;15077609,80;17804609,86;
1611033;"Kolonowskie (3)";8885747,42;8277733,01;8559644,67;10282297,42;10519883,72;10877892,94;14261277,14;14396088,63;12095960,82;16863508,81;
1611043;"Leśnica (3)";10733402,95;11988035,55;12784106,15;13207672,10;13902515,86;15646592,67;16044341,59;19794833,67;19675287,68;25160527,07;
1611053;"Strzelce Opolskie (3)";57452850,89;63598737,41;63737309,49;71486306,34;80561729,53;80112275,61;90534711,34;101207683,89;119606698,92;149040308,99;
1611063;"Ujazd (3)";9979153,81;10586687,08;13010577,50;13589575,11;15702771,42;17758769,72;21871786,86;23980148,34;30618194,40;29569001,06;
1611073;"Zawadzkie (3)";20002792,39;19622500,50;20483613,67;20961774,38;23430275,55;25807486,64;30175985,90;30886581,50;29850649,57;36984377,94;
1661000;"Powiat m. Opole";412480502,33;437730703,92;514894877,21;562204175,69;590653083,01;720319098,71;677648471,92;721233851,55;771862727,06;900607511,01;
1661011;"Opole (1)";412480502,33;437730703,92;514894877,21;562204175,69;590653083,01;720319098,71;677648471,92;721233851,55;771862727,06;900607511,01;
1800000;"PODKARPACKIE";3152562541,09;3243293225,90;3461906226,50;3900208586,11;4356758667,42;4983289481,57;5103006265,61;5807508541,17;5789484091,50;6662420137,95;
1801000;"Powiat bieszczadzki";34398893,34;34496503,06;34976491,27;43103294,38;48304292,83;50641075,00;55314240,88;61872556,53;60044916,79;66670044,51;
1801032;"Czarna (2)";3818231,69;4035116,28;3559477,79;4755828,88;4875692,23;6359597,60;5420569,32;8589859,19;5623344,57;6388598,01;
1801052;"Lutowiska (2)";4560440,42;4977939,84;5273125,89;8202738,07;6005224,54;7360461,92;6543866,46;10189606,64;8640434,08;9980423,94;
1801083;"Ustrzyki Dolne (3)";26020221,23;25483446,94;26143887,59;30144727,43;37423376,06;36921015,48;43349805,10;43093090,70;45781138,14;50301022,56;
1802000;"Powiat brzozowski";67495245,23;66942218,83;66961916,31;78969796,25;88481173,15;100604063,21;96116289,16;112278788,08;112136830,01;119712316,70;
1802013;"Brzozów (3)";32397871,19;33050983,24;33441296,95;38294880,07;41476444,36;45268590,87;44211356,02;43978816,17;48970921,70;52190859,15;
1802022;"Domaradz (2)";3963012,95;4450048,83;5107098,35;5684148,46;6808298,24;6890325,21;8650851,57;11351875,81;10262753,72;12242649,22;
1802032;"Dydnia (2)";6257729,35;7108072,57;6966577,91;8385698,42;8928629,31;14080133,40;11871696,60;13043266,52;12298905,20;12831412,35;
1802042;"Haczów (2)";9587721,77;8231973,52;8477548,32;9602612,40;10925004,84;12323454,01;12873286,10;18433008,05;18154506,12;17818871,62;
1802052;"Jasienica Rosielna (2)";10277015,37;8573089,27;7455237,84;10837356,68;12973118,08;14235389,23;10101489,93;13769585,33;12533271,43;14822037,10;
1802062;"Nozdrzec (2)";5011894,60;5528051,40;5514156,94;6165100,22;7369678,32;7806170,49;8407608,94;11702236,20;9916471,84;9806487,26;
1803000;"Powiat dębicki";173842836,01;183060494,33;201576913,61;224064138,31;267906490,76;275904700,99;293955722,71;329611674,87;334508541,95;382413020,33;
1803011;"Dębica (1)";81081545,85;86549711,55;98991617,49;102890166,70;125617737,88;125384178,52;130302226,99;140633290,82;139048597,43;166283869,44;
1803023;"Brzostek (3)";9533475,85;9831262,03;10181877,80;12157092,11;16754996,65;14398752,22;16594558,90;22151165,18;29338144,43;20242280,95;
1803032;"Czarna (2)";10651813,48;10940888,33;12030509,40;17543992,80;14273974,09;17111974,63;18911402,54;21840956,77;20535557,69;25319701,40;
1803042;"Dębica (2)";33446165,32;35147252,87;38692717,22;38746023,47;47965428,26;52714527,89;57781714,88;59022240,17;64471766,83;75438598,90;
1803052;"Jodłowa (2)";3307943,05;3631310,21;3574982,61;4541516,21;6803665,23;8240478,08;6603632,65;10946768,25;7802224,96;9115504,89;
1803063;"Pilzno (3)";19923857,87;20725811,96;21311663,98;24671568,12;27427458,99;29782720,58;34227295,92;37113535,56;36796409,44;43323709,49;
1803072;"Żyraków (2)";15898034,59;16234257,38;16793545,11;23513778,90;29063229,66;28272069,07;29534890,83;37903718,12;36515841,17;42689355,26;
1804000;"Powiat jarosławski";154516930,92;166402186,53;164096867,18;177262981,34;211581698,63;242456195,57;242095816,51;280315197,27;290681353,18;308996322,46;
1804011;"Jarosław (1)";70044259,08;73390752,65;73028023,36;75935508,89;93025971,72;96786254,84;99949436,95;110162407,32;116717020,86;130083913,56;
1804021;"Radymno (1)";8604524,21;9542340,56;8548157,26;8996099,27;13490231,48;12171075,34;11714217,92;15702908,91;15382868,59;14039815,84;
1804032;"Chłopice (2)";5419585,04;5767499,54;5966195,26;6406148,19;7545622,24;10542675,73;8779985,14;12735757,58;12261469,30;12981169,63;
1804042;"Jarosław (2)";13807996,88;15871806,14;14707806,99;17095249,42;18452029,24;21071701,77;24691145,45;26623759,19;30700275,64;30771106,00;
1804052;"Laszki (2)";6053142,54;6157377,12;6392965,86;7015650,54;7514896,51;12052919,80;8273525,51;12300803,51;12507049,32;13935284,28;
1804062;"Pawłosiów (2)";9429299,39;9746297,03;10066913,20;11223044,05;12926448,72;15568794,97;18393089,41;19524688,26;16806019,92;20684137,72;
1804073;"Pruchnik (3)";8685332,93;8520958,45;9280507,04;10346523,92;15997770,29;14555273,97;14519486,15;16602942,38;17713985,27;17945738,17;
1804082;"Radymno (2)";10941470,82;12459237,41;12006414,98;15260743,27;15139155,43;28833027,12;21700205,99;23346456,36;25410650,12;26811215,12;
1804092;"Rokietnica (2)";4371676,02;5022091,45;5313622,67;6550506,86;6524758,44;7920812,89;7445234,98;9953515,56;8617524,24;8597029,84;
1804102;"Roźwienica (2)";5866992,66;7042316,07;6658962,53;6387442,62;7520706,66;9105795,29;10160170,88;13782044,94;13429195,91;11282159,40;
1804112;"Wiązownica (2)";11292651,35;12881510,11;12127298,03;12046064,31;13444107,90;13847863,85;16469318,13;19579913,26;21135294,01;21864752,90;
1805000;"Powiat jasielski";139018782,33;144863993,96;148831498,68;161593859,27;174527813,34;208792197,78;207752006,95;249227452,74;248008862,14;278392507,71;
1805011;"Jasło (1)";71425162,23;78395232,89;81814859,87;83315749,35;89439111,55;100314032,36;104010143,60;109127733,04;118276422,27;150862936,97;
1805022;"Brzyska (2)";4033155,05;4332722,84;4498237,13;5487233,32;5239576,81;7273299,88;6630205,85;12412714,29;8421188,52;9236225,94;
1805032;"Dębowiec (2)";6650227,45;6697605,48;6652886,57;7841225,67;8810550,49;12162681,66;10741338,91;15113881,05;12793816,33;12678612,46;
1805042;"Jasło (2)";13840829,28;14310141,72;15958752,98;17547597,04;19774814,76;24667323,50;25642234,84;31242609,08;30588030,56;31642468,25;
1805053;"Kołaczyce (3)";7197032,85;7457334,56;7503000,72;9119422,77;8921279,45;11545698,81;10782765,02;16341643,64;15706668,44;16131547,02;
1805062;"Krempna (2)";3776365,72;2246084,25;2087008,23;2937014,91;2457508,57;3131643,34;3328926,47;6100177,07;4151246,07;3483525,06;
1805072;"Nowy Żmigród (2)";8652339,66;7466228,81;6296188,94;6949225,08;8434789,67;9918126,01;10544453,93;13858716,65;16621875,65;12002364,41;
1805082;"Osiek Jasielski (2)";3908238,31;3527592,36;3556666,24;4518263,56;5117212,88;6372361,40;5390687,33;8870945,72;8018392,39;7100737,87;
1805092;"Skołyszyn (2)";12029005,88;12427385,58;12429681,41;13680654,81;15177636,21;20401011,58;17886524,55;21094550,47;19652927,33;20860907,44;
1805112;"Tarnowiec (2)";7506425,90;8003665,47;8034216,59;10197472,76;11155332,95;13006019,24;12794726,45;15064481,73;13778294,58;14393182,29;
1806000;"Powiat kolbuszowski";56811290,84;60096985,07;64740749,24;71855695,27;82235187,51;116115960,25;100518415,85;123744934,66;114767959,96;132197549,94;
1806012;"Cmolas (2)";5527611,54;5627251,68;5460803,04;6268611,02;6677860,47;8489441,21;9831521,37;12295223,92;10703786,39;12253835,34;
1806023;"Kolbuszowa (3)";31772194,39;33250528,37;37653170,08;40715035,29;45439036,71;71375504,76;58127265,94;64201678,53;64166737,81;74587434,24;
1806032;"Majdan Królewski (2)";6355467,84;6581779,74;6391511,97;7384305,61;11626760,70;10742012,78;9683616,10;12976414,12;12929055,32;13370560,50;
1806042;"Niwiska (2)";3977961,95;4697726,02;5185191,66;6879908,42;5919330,35;8558616,21;7806858,72;10789702,73;8573488,76;10178330,41;
1806052;"Raniżów (2)";5073173,81;5673400,60;6404757,34;7076014,77;7832874,61;9147071,32;8981608,30;13775889,72;10640085,53;13255769,02;
1806062;"Dzikowiec (2)";4104881,31;4266298,66;3645315,15;3531820,16;4739324,67;7803313,97;6087545,42;9706025,64;7754806,15;8551620,43;
1807000;"Powiat krośnieński";134431063,09;126251127,44;138594375,75;147952882,09;178777163,80;205507272,08;205391998,43;235348147,53;229669099,10;253055450,12;
1807012;"Chorkówka (2)";12002256,48;11203683,86;13010594,44;15418893,13;20144233,92;22552843,39;22917710,88;24604862,58;24067373,72;25167426,01;
1807023;"Dukla (3)";17572914,78;16518104,72;18342431,67;19004248,90;21788449,20;24197540,51;26715872,10;29293213,46;28724372,64;30749898,20;
1807033;"Iwonicz-Zdrój (3)";11593272,93;12247851,94;12788009,98;13182826,10;14662763,76;16207948,35;16483185,02;19824949,18;18410967,71;21214969,47;
1807043;"Jedlicze (3)";22680104,66;23975520,69;26054205,05;27208106,95;30616794,54;40528020,98;37065518,73;35817152,87;38272647,30;43379568,16;
1807052;"Korczyna (2)";12974569,85;11603565,95;12431220,50;14887666,56;18125695,65;21244447,25;21672704,86;22454477,77;23575147,37;27325007,66;
1807062;"Krościenko Wyżne (2)";6113319,43;6565788,99;7441552,29;7515449,92;8425621,75;10124608,84;9699085,98;13141798,28;11262921,98;13201250,22;
1807072;"Miejsce Piastowe (2)";15073560,13;14017707,81;15467286,24;16217375,95;20513734,82;24212959,84;26765017,46;28031332,50;29975092,47;27429166,51;
1807083;"Rymanów (3)";20806717,05;19225900,10;21365916,83;20683117,33;25466512,72;27621779,00;26433071,30;32241791,28;31879129,94;33498320,46;
1807092;"Wojaszówka (2)";11196397,30;9388563,43;8833273,70;10534434,52;16071623,42;14259607,22;14497993,84;23539829,16;18905707,91;27134023,39;
1807102;"Jaśliska (2)";4417950,48;1504439,95;2859885,05;3300762,73;2961734,02;4557516,70;3141838,26;6398740,45;4595738,06;3955820,04;
1808000;"Powiat leżajski";80658921,87;82414261,91;91266598,20;99909202,93;110261613,61;132570401,49;124867478,26;147249262,47;151919439,25;165436877,16;
1808011;"Leżajsk (1)";24424135,97;24257130,56;27462679,26;28859136,38;31015083,57;33661322,01;35022569,94;40166104,60;41284987,06;53003501,13;
1808022;"Grodzisko Dolne (2)";5694246,27;6651648,87;7699910,30;8749115,04;11157749,23;11576452,52;10254989,86;13763331,98;12426258,41;11635393,66;
1808032;"Kuryłówka (2)";5287802,85;4880580,91;5026356,34;5550298,87;5898976,17;10807667,71;7022412,60;11621740,00;8934033,91;12220910,53;
1808042;"Leżajsk (2)";19362301,82;20620892,77;24346236,25;27828305,51;28460985,86;40831982,41;31822482,38;36796391,13;41431230,01;43592355,72;
1808053;"Nowa Sarzyna (3)";25890434,96;26004008,80;26731416,05;28922347,13;33728818,78;35692976,84;40745023,48;44901694,76;47842929,86;44984716,12;
1809000;"Powiat lubaczowski";77407540,68;72507573,58;78859806,96;91842181,12;99637832,24;124853425,50;107551188,67;139960399,18;120750290,57;134664135,71;
1809011;"Lubaczów (1)";19775713,35;20070142,13;21815901,81;25721485,41;31084166,63;35454225,53;29432578,03;32572035,84;34950256,16;36643091,60;
1809023;"Cieszanów (3)";8290041,20;8773026,68;9592707,75;12722847,59;12202016,39;13673941,93;13033277,09;20385354,84;13931589,08;17216359,11;
1809032;"Horyniec-Zdrój (2)";7367488,26;6489996,22;6309432,69;7823276,94;7521291,18;10616016,46;8022770,37;12907108,68;9511303,37;11792266,82;
1809042;"Lubaczów (2)";10715105,01;9885665,77;11053649,11;11109147,23;11990330,63;17593226,72;17825554,94;22147224,85;20774776,38;20382133,09;
1809053;"Narol (3)";9094645,47;9092263,10;8298508,88;9596027,66;11011456,32;16213669,17;10906573,70;15311876,99;11991323,29;14595184,69;
1809063;"Oleszyce (3)";7983038,99;7442244,69;8194684,15;8548770,46;10635241,05;10903905,94;11467217,67;13602448,40;11952733,57;15618750,65;
1809072;"Stary Dzików (2)";9499091,89;7029691,97;8617809,24;10981630,38;10124171,88;13375208,36;10415965,77;13898485,71;10982653,18;10369143,22;
1809082;"Wielkie Oczy (2)";4682416,51;3724543,02;4977113,33;5338995,45;5069158,16;7023231,39;6447251,10;9135863,87;6655655,54;8047206,53;
1810000;"Powiat łańcucki";104158392,28;112488679,37;116074449,20;130016437,45;150941575,25;183778026,28;176670706,45;218582052,92;206517079,19;232255162,80;
1810011;"Łańcut (1)";35048970,91;38273429,42;40171478,90;44709422,16;51645807,93;56538703,61;54496066,02;68779550,76;60611917,57;77850473,90;
1810022;"Białobrzegi (2)";11061629,75;9482338,21;10053811,63;11610992,41;12487943,66;16358282,01;15809259,79;21613141,75;20058720,20;21559353,27;
1810032;"Czarna (2)";15365543,57;17193022,30;18257374,72;19226352,42;23714728,73;28061792,94;27932103,08;32324164,50;33935711,43;36668911,89;
1810042;"Łańcut (2)";21339696,24;23952519,78;24793029,17;26457779,86;33822272,69;43109709,17;41142967,24;46564395,06;46950376,89;48829121,45;
1810052;"Markowa (2)";7016792,92;8122703,39;7380204,77;9227798,13;9678720,14;11617086,93;11864066,17;16163725,37;14292633,68;16148439,31;
1810062;"Rakszawa (2)";6953446,76;7726471,52;7638851,44;9642376,56;9397112,71;12007878,51;12931466,47;16043228,59;17106284,81;17049413,57;
1810072;"Żołynia (2)";7372312,13;7738194,75;7779698,57;9141715,91;10194989,39;16084573,11;12494777,68;17093846,89;13561434,61;14149449,41;
1811000;"Powiat mielecki";198970967,40;213422744,57;230639258,86;274994596,33;298620499,92;354204490,23;359032066,64;375843529,16;348524088,16;445393997,89;
1811011;"Mielec (1)";126520702,98;139288426,95;149878322,03;174929143,00;189986297,18;212123465,29;227891776,37;217897774,92;206836108,11;262203110,62;
1811022;"Borowa (2)";6362733,25;5385807,95;5817996,05;8189146,99;7009295,62;9660694,56;9420216,57;12785460,62;10493320,52;10955196,24;
1811032;"Czermin (2)";6068840,45;6538771,85;7457922,75;9893699,69;9073162,35;11853403,30;11462762,42;14002240,06;13444590,66;15127330,29;
1811042;"Gawłuszowice (2)";2795437,01;2837112,83;2855040,06;3469798,06;3571154,40;4396766,75;3993891,76;8039985,03;4595284,40;4905697,85;
1811052;"Mielec (2)";16005233,46;16560713,10;18210215,07;20488524,88;24369663,71;31547826,30;29926673,96;27949473,72;28226049,12;36192164,46;
1811062;"Padew Narodowa (2)";4556655,47;4998763,23;4962962,15;7119211,88;8088364,98;8060936,03;12877931,99;12302096,31;9721193,20;28886919,20;
1811073;"Przecław (3)";9126744,61;9595772,96;10452551,52;14125769,66;14441273,72;17319186,89;17283493,35;21528632,75;17390244,50;20402834,92;
1811083;"Radomyśl Wielki (3)";12656234,75;12399507,82;13155813,05;15770753,90;17100755,88;25119504,07;19818921,82;23648878,52;25335904,22;28343779,33;
1811092;"Tuszów Narodowy (2)";7991076,27;8234388,14;9950003,33;10716532,83;14397551,65;19737756,18;14640578,43;22450357,19;16508496,36;22128549,97;
1811102;"Wadowice Górne (2)";6887309,15;7583479,74;7898432,85;10292015,44;10582980,43;14384950,86;11715819,97;15238630,04;15972897,07;16248415,01;
1812000;"Powiat niżański";64659700,58;64015010,30;65905786,13;76130123,42;100462582,70;142235193,41;122769227,75;144911347,88;150156916,25;146043051,17;
1812012;"Harasiuki (2)";3361905,72;4278630,00;3847811,37;4394027,54;5753072,92;11326137,49;8131999,39;10187730,73;13711577,82;10608502,25;
1812022;"Jarocin (2)";2840764,09;2812424,63;3224530,02;3657993,98;4866232,88;10965566,49;5719311,43;8775724,44;5785896,55;8008803,82;
1812032;"Jeżowe (2)";7710792,42;7684703,65;6744964,95;7978670,64;9552145,94;28141821,16;16708674,79;14697023,07;13906442,43;15945733,03;
1812042;"Krzeszów (2)";3936778,26;3623848,80;3603267,14;4131521,15;6629053,15;10104479,35;9168122,61;11020619,72;8653116,95;8145665,07;
1812053;"Nisko (3)";33169725,93;31435196,74;32992897,25;37105608,01;48394672,70;54504632,86;54009381,90;65394470,16;68130716,17;58467531,67;
1812063;"Rudnik nad Sanem (3)";8119817,41;8427573,38;9415895,19;12188315,08;13670090,28;13007122,04;16258167,06;19443911,04;22498291,17;20808585,95;
1812073;"Ulanów (3)";5519916,75;5752633,10;6076420,21;6673987,02;11597314,83;14185434,02;12773570,57;15391868,72;17470875,16;24058229,38;
1813000;"Powiat przemyski";90953978,39;87101840,19;94726966,43;103591311,10;112976778,54;144313071,04;145601026,41;171490299,37;165631960,23;181338133,61;
1813012;"Bircza (2)";6467880,57;6281759,52;7302648,00;9165595,53;7992248,16;9227432,38;12320822,47;14855611,44;11735314,00;;
1813013;"Bircza (3)";;;;;;;;;;12459588,62;
1813022;"Dubiecko (2)";7279195,28;8000556,68;8201980,81;8630941,41;9772436,81;11939095,94;;;;;
1813023;"Dubiecko (3)";;;;;;;13151942,68;15057974,88;13909438,15;13926368,30;
1813032;"Fredropol (2)";8054860,09;6668558,65;5454981,09;6656423,31;6975162,67;12732295,47;11552060,16;15540139,11;12571036,91;14514837,66;
1813042;"Krasiczyn (2)";6293432,58;7605137,85;7982082,90;10016348,62;9875733,25;11460995,44;10955562,37;14009527,52;12531352,23;13928060,24;
1813052;"Krzywcza (2)";3825320,25;3586684,68;3596843,45;4739067,48;6686712,51;11141686,19;9706588,54;9789362,87;8726375,15;7461867,46;
1813062;"Medyka (2)";12730911,94;11668590,53;12486907,13;10943468,18;13026519,84;13223932,75;17163547,60;17605267,00;19746480,91;17318794,43;
1813072;"Orły (2)";10879902,87;8406672,10;9789125,75;10958128,24;12136308,29;16227056,18;15830343,02;19023258,08;22637453,82;20532397,95;
1813082;"Przemyśl (2)";13564467,57;13242295,87;14289294,23;16475710,68;17140757,82;23265591,30;22395624,05;25347938,79;26468686,41;30908576,28;
1813092;"Stubno (2)";5068302,88;5449894,19;5794190,59;5380479,27;7799016,51;9023226,39;5822797,89;10131383,88;7580714,11;15714158,94;
1813102;"Żurawica (2)";16789704,36;16191690,12;19828912,48;20625148,38;21571882,68;26071759,00;26701737,63;30129835,80;29725108,54;34573483,73;
1814000;"Powiat przeworski";97460452,84;92258007,94;98457967,48;115041600,50;116244996,92;138661395,09;150477315,78;198290857,45;184641278,25;185649253,24;
1814011;"Przeworsk (1)";28654825,53;29222413,77;30724721,71;32017013,66;34751001,94;35286121,74;39343773,24;45700824,56;41311126,39;47216432,87;
1814022;"Adamówka (2)";3245797,76;3704530,52;3958781,10;5624889,10;5235257,70;6518470,39;6745345,61;11865200,01;8730740,54;9842562,23;
1814032;"Gać (2)";4484596,50;5092448,06;5106158,32;6807131,70;6057745,09;8877037,39;9438027,70;12301753,16;9527972,12;9608772,95;
1814042;"Jawornik Polski (2)";4704219,30;3861248,50;4532505,23;8118987,31;5672764,72;7494230,86;6370482,66;13196983,92;15062274,21;;
1814043;"Jawornik Polski (3)";;;;;;;;;;8681140,69;
1814053;"Kańczuga (3)";11723724,66;11369220,18;12526889,44;13680722,50;14807053,26;17122692,18;18909218,09;27220149,30;28820620,34;24363335,01;
1814062;"Przeworsk (2)";13204072,51;13059750,03;13770883,44;15437779,84;16884426,53;22655218,58;24630205,74;29507820,82;27682309,50;32867426,48;
1814073;"Sieniawa (3)";13149151,38;10651158,02;10250672,20;12347879,85;11137667,86;10746583,59;17011613,54;22672699,31;22367368,98;18429844,54;
1814082;"Tryńcza (2)";11095341,32;9437101,04;10593524,33;11687812,41;13203272,94;19069865,26;17155428,65;20295330,64;17837760,07;18521518,03;
1814092;"Zarzecze (2)";7198723,88;5860137,82;6993831,71;9319384,13;8495806,88;10891175,10;10873220,55;15530095,73;13301106,10;16118220,44;
1815000;"Powiat ropczycko-sędziszowski";103044748,48;108256515,15;119156654,84;138605666,13;154731311,59;172307087,36;174846276,33;199531034,20;195292379,62;225642890,79;
1815012;"Iwierzyce (2)";6612542,63;7112531,20;7881123,41;8600817,12;11358925,20;14970932,32;13953329,69;18559443,79;16896569,08;16697401,89;
1815022;"Ostrów (2)";29091420,66;29812577,68;34341665,52;45692752,33;45798504,62;45013460,39;46500262,96;55404325,22;47745369,47;55812317,24;
1815033;"Ropczyce (3)";36730622,11;38750925,56;40898168,76;45435044,72;49756229,47;57932511,60;56749460,84;56298277,76;64470683,96;79026968,08;
1815043;"Sędziszów Małopolski (3)";25590483,00;27645853,26;31051853,67;31929412,17;35925329,74;43410439,35;46068502,71;56669758,72;55266973,49;61056923,75;
1815052;"Wielopole Skrzyńskie (2)";5019680,08;4934627,45;4983843,48;6947639,79;11892322,56;10979743,70;11574720,13;12599228,71;10912783,62;13049279,83;
1816000;"Powiat rzeszowski";207292741,85;218555477,11;236058584,19;291790743,05;312722927,94;388393260,98;431242997,87;434073617,41;472809820,24;511857817,68;
1816011;"Dynów (1)";6237563,36;6865769,46;6912579,62;7589546,94;10105361,95;12125632,63;13497267,41;17878823,88;11769078,34;11970866,25;
1816023;"Błażowa (3)";8402256,63;8610016,76;9023664,87;12180510,98;12503538,53;14435326,37;14377071,62;16042616,09;14205510,24;19607503,25;
1816033;"Boguchwała (3)";32688359,85;28306078,60;32960717,47;33380691,83;38752501,34;47559934,69;53092352,35;52623704,24;69301451,90;55840439,65;
1816042;"Chmielnik (2)";7039220,98;7827682,52;8549605,20;9576950,58;12622029,40;13979686,03;14525168,57;17529545,41;15238996,76;19432007,00;
1816052;"Dynów (2)";5463703,15;4707560,41;5046374,77;5665629,89;6416292,02;8345060,92;12969006,70;11188299,68;8298053,71;10279457,02;
1816063;"Głogów Małopolski (3)";33830851,28;35458087,36;36956817,99;43226770,68;48752571,60;62432388,25;65203764,23;60653937,80;91033384,14;85360910,41;
1816072;"Hyżne (2)";4868523,03;5335745,35;5243856,41;6683490,85;7462833,92;11264724,72;9872228,51;12807506,96;7565457,86;8873396,98;
1816082;"Kamień (2)";5003679,11;4743208,72;4999479,18;7192365,43;6020998,75;9175999,67;10131091,23;14590602,19;11903939,96;11925428,83;
1816092;"Krasne (2)";16729159,79;18304312,29;20100949,72;23406115,54;24698081,44;31236638,59;33668416,94;37516100,38;32712502,20;49776459,40;
1816102;"Lubenia (2)";5924166,69;6284361,65;6460004,16;8109788,65;10147944,95;12494049,01;11575359,77;14962577,02;11805867,88;12094669,55;
1816113;"Sokołów Małopolski (3)";19138153,75;19889610,79;21083378,52;21099796,59;25810999,62;27613724,37;28952932,02;35118216,45;36602360,37;42304281,57;
1816122;"Świlcza (2)";17724273,99;22550669,62;23664124,06;23633266,06;28391403,71;33939763,12;36658917,48;36252288,04;36969553,78;44772152,92;
1816132;"Trzebownisko (2)";32127168,23;36186202,06;38799799,10;71679721,92;63126228,09;80803324,66;105223290,09;79449218,00;102501305,37;112627201,52;
1816143;"Tyczyn (3)";12115662,01;13486171,52;16257233,12;18366097,11;17912142,62;22987007,95;21496130,95;27460181,27;22902357,73;26993043,33;
1817000;"Powiat sanocki";141464595,28;137184715,07;152414333,62;160983515,81;192573434,67;208196128,32;217966420,13;253146906,06;245069171,44;286423870,02;
1817011;"Sanok (1)";75608176,92;72094273,27;82706566,38;87663249,91;108689039,22;102575711,55;114369264,89;111385898,85;114520058,81;147486814,11;
1817022;"Besko (2)";3605015,25;3586455,93;3863105,54;4246628,97;5143886,08;7573802,90;8354205,20;8817180,14;8651182,41;7172627,87;
1817032;"Bukowsko (2)";5563552,17;5485279,87;6306227,67;6672507,73;7368624,61;10766125,14;10984538,80;18380920,86;16831174,27;16352426,31;
1817042;"Komańcza (2)";7002140,40;7529716,08;7207431,67;6495185,21;7322078,44;9584635,51;8223817,64;20655298,54;16773156,07;18875779,63;
1817052;"Sanok (2)";20349075,62;20606213,41;21589528,02;23336013,25;26700522,54;33437477,16;34031072,24;44253204,50;41994444,67;44171529,58;
1817062;"Tyrawa Wołoska (2)";1604562,00;1686932,08;2039159,64;2350385,48;2783788,89;4110850,27;3171777,92;6072316,47;2916302,53;3115115,88;
1817073;"Zagórz (3)";16464124,79;16790706,34;18645962,39;19686324,06;23915685,56;27779537,38;25619525,97;27196116,37;26433685,82;31488274,20;
1817082;"Zarszyn (2)";11267948,13;9405138,09;10056352,31;10533221,20;10649809,33;12367988,41;13212217,47;16385970,33;16949166,86;17761302,44;
1818000;"Powiat stalowowolski";173744236,60;185842787,60;199991734,35;244306022,07;256233143,78;277680569,05;287512516,21;405790286,40;371043540,33;452184010,69;
1818011;"Stalowa Wola (1)";128437563,19;136099593,80;149810354,43;184396224,00;186486098,27;194984359,45;209826425,99;312688453,98;285402717,88;348878553,42;
1818022;"Bojanów (2)";6393295,53;6739846,25;5604283,66;8751368,72;8599762,17;10146255,75;8194404,96;11811241,24;11829924,48;10794102,45;
1818032;"Pysznica (2)";12709427,48;13142019,59;13150947,76;14793871,18;18054813,67;20940434,28;21406347,65;27944493,22;23912144,73;29926779,61;
1818042;"Radomyśl nad Sanem (2)";8193930,06;9416574,62;9713684,07;9513654,65;9828816,82;10616336,98;13663681,14;15665556,01;12888163,05;14547556,57;
1818053;"Zaklików (3)";8511707,29;9081818,17;9715790,27;12893004,65;12272345,90;18402791,96;14924757,72;16639356,04;15436663,14;17988109,66;
1818062;"Zaleszany (2)";9498313,05;11362935,17;11996674,16;13957898,87;20991306,95;22590390,63;19496898,75;21041185,91;21573927,05;30048908,98;
1819000;"Powiat strzyżowski";53645377,64;53891124,87;60390738,20;70294312,79;81755856,78;91982136,85;91065647,04;103163111,03;101075450,86;119835765,49;
1819012;"Czudec (2)";10838682,10;10855350,33;11869015,23;12506992,87;16924182,04;19432788,29;20637978,04;21606591,64;21815107,96;27940678,21;
1819022;"Frysztak (2)";7964592,98;8337348,52;9696945,57;11569204,46;11656399,50;11753677,59;14669662,58;16479473,77;15335387,32;16488203,74;
1819032;"Niebylec (2)";7516874,98;8036963,15;9769370,77;10408014,53;11752969,05;15553904,35;13373811,68;16119280,79;15013449,71;19520900,78;
1819043;"Strzyżów (3)";19132053,39;20513058,69;22455991,35;27080217,14;31231347,94;35972179,49;32771048,70;35787859,55;36423067,03;42247658,12;
1819052;"Wiśniowa (2)";8193174,19;6148404,18;6599415,28;8729883,79;10190958,25;9269587,13;9613146,04;13169905,28;12488438,84;13638324,64;
1820000;"Powiat tarnobrzeski";71319776,15;77453829,19;79276392,16;89182279,24;98495414,50;116881252,79;111179508,85;134771986,88;146237835,50;154206617,89;
1820013;"Baranów Sandomierski (3)";12110535,98;13685915,41;13420256,09;15129891,56;15474174,14;25045308,48;21075149,97;24583871,64;33695624,60;23106473,54;
1820022;"Gorzyce (2)";16094783,71;18570897,22;18853551,35;20622632,81;24537888,15;25706113,63;28164552,81;34247950,08;26986407,48;35063213,53;
1820032;"Grębów (2)";11146982,27;11379254,47;11993662,50;13661078,56;15902456,16;16002178,58;17872189,22;21409144,69;23941033,15;24205762,50;
1820043;"Nowa Dęba (3)";31967474,19;33817762,09;35008922,22;39768676,31;42580896,05;50127652,10;44067616,85;54531020,47;61614770,27;71831168,32;
1821000;"Powiat leski";57088523,31;50853421,86;67406289,40;62041960,89;72214932,92;105461908,95;81265000,56;97047773,92;90140630,53;90299067,27;
1821012;"Baligród (2)";5129985,92;4252573,96;4456404,02;5188897,37;6061403,65;9274255,93;7468793,92;10583735,68;7273656,04;9679653,86;
1821022;"Cisna (2)";5245450,10;6327965,18;6710407,18;7509054,02;10594112,45;9121642,68;7889970,24;11620410,72;13255490,62;11895760,27;
1821033;"Lesko (3)";23197348,26;17676135,83;21818961,01;19755911,57;21726544,77;25324013,36;24208244,94;27921040,62;27368924,05;25398246,71;
1821042;"Olszanica (2)";6323820,51;5449024,72;5615721,04;5890479,60;7348803,47;10236301,30;8367902,57;12945990,33;12463802,61;10788234,52;
1821052;"Solina (2)";17191918,52;17147722,17;28804796,15;23697618,33;26484068,58;51505695,68;33330088,89;33976596,57;29778757,21;32537171,91;
1861000;"Powiat m. Krosno";120161766,15;128240077,25;127756872,62;139747027,60;154108969,50;163041729,18;186053770,85;203070772,74;197955971,12;250466633,16;
1861011;"Krosno (1)";120161766,15;128240077,25;127756872,62;139747027,60;154108969,50;163041729,18;186053770,85;203070772,74;197955971,12;250466633,16;
1862000;"Powiat m. Przemyśl";129520830,78;129851879,01;137961705,54;148931459,52;154135327,42;159577870,33;177343022,83;186573761,67;211213105,18;231930655,83;
1862011;"Przemyśl (1)";129520830,78;129851879,01;137961705,54;148931459,52;154135327,42;159577870,33;177343022,83;186573761,67;211213105,18;231930655,83;
1863000;"Powiat m. Rzeszów";520665737,20;543407806,89;577338643,09;644320765,65;720726452,59;731887783,56;816118024,58;865200245,14;904866559,25;1144832172,18;
1863011;"Rzeszów (1)";520665737,20;543407806,89;577338643,09;644320765,65;720726452,59;731887783,56;816118024,58;865200245,14;904866559,25;1144832172,18;
1864000;"Powiat m. Tarnobrzeg";99829211,85;103433964,82;108444633,19;113676733,60;118101196,53;147242286,28;140299579,91;136412545,61;135821012,40;162522813,60;
1864011;"Tarnobrzeg (1)";99829211,85;103433964,82;108444633,19;113676733,60;118101196,53;147242286,28;140299579,91;136412545,61;135821012,40;162522813,60;
2000000;"PODLASKIE";2199948214,73;2268022559,46;2355112625,21;2618694430,97;2995017524,41;3164898454,23;3314730865,05;3845413225,92;3685278833,34;4425689208,81;
2001000;"Powiat augustowski";87330691,10;87214321,13;91538403,55;107288953,51;117801680,27;139456346,68;128719405,34;161910006,55;152827954,23;198298698,72;
2001011;"Augustów (1)";57613056,43;58551822,82;61621329,96;72202808,39;78277146,38;92882811,97;87415199,94;100574694,46;102140016,87;139030476,07;
2001022;"Augustów (2)";5299860,11;5512358,66;5843205,92;7143933,41;8553640,70;10173944,61;9309861,53;11956880,09;10183022,13;12260603,09;
2001032;"Bargłów Kościelny (2)";6739091,07;5708146,78;5687326,18;6566589,36;7559088,98;8418158,15;7153403,48;11394916,67;10018685,15;11426489,28;
2001043;"Lipsk (3)";6373605,40;4704847,85;5388102,78;6075663,27;6032046,62;6164327,95;6318143,74;10079246,33;7668023,25;8656245,72;
2001052;"Nowinka (2)";3188883,34;3670383,33;3743542,47;4328100,33;4575152,21;6591318,91;5686680,65;9098807,81;6975329,11;7568255,95;
2001062;"Płaska (2)";4011585,69;4599320,36;4706798,52;5892040,88;6836073,61;7379212,22;6844133,98;9989417,90;7640002,31;10300696,73;
2001072;"Sztabin (2)";4104609,06;4467441,33;4548097,72;5079817,87;5968531,77;7846572,87;5991982,02;8816043,29;8202875,41;9055931,88;
2002000;"Powiat białostocki";228708850,17;242265653,61;249139340,97;284354534,82;344144950,18;376000040,04;415084225,41;453019418,37;446955141,61;553008601,80;
2002013;"Choroszcz (3)";24277998,11;25384804,79;27717358,72;32523106,96;38164677,30;44238569,06;46879926,31;55190116,85;63734035,36;68512994,44;
2002023;"Czarna Białostocka (3)";13179593,22;13427103,20;14831348,19;16423241,21;21480404,77;22311489,69;26765640,13;25612978,36;23767800,33;28896780,43;
2002032;"Dobrzyniewo Duże (2)";13584647,93;12408311,88;13757592,77;17331990,39;20899849,73;21762602,81;25000878,60;26954347,10;27046222,97;43327939,46;
2002042;"Gródek (2)";8245860,10;8674171,41;8864083,22;10413173,79;11022962,95;14031328,22;13333713,33;15767940,05;16657360,30;18986329,97;
2002052;"Juchnowiec Kościelny (2)";28734177,62;33221505,65;34363010,82;36601698,29;44582910,88;47385749,96;50818150,11;53036815,11;54408778,23;77201306,47;
2002063;"Łapy (3)";25397054,03;27883498,41;27979828,56;30130490,41;34497506,37;40024299,18;46979553,61;45092475,34;43814461,32;47263206,59;
2002073;"Michałowo (3)";17005214,55;17539927,74;17503062,13;17886373,67;19418013,88;20666518,30;22112643,65;29130226,58;24368053,05;26424541,10;
2002082;"Poświętne (2)";4248056,84;4317086,62;4479613,81;4296377,17;5447767,96;8269436,73;5547090,85;8257655,12;5763318,70;7511503,44;
2002093;"Supraśl (3)";26849274,94;30531024,95;30460049,64;33753615,03;42153650,10;48700379,43;50270399,74;54032240,48;53332858,12;73610246,34;
2002103;"Suraż (3)";4084741,03;4249986,35;3798889,15;4548412,75;5828902,07;5867571,04;5915756,33;8707451,87;6966881,37;7032354,45;
2002112;"Turośń Kościelna (2)";12643752,98;11607698,03;11146528,93;12852440,46;15433753,45;16662961,04;20075101,38;24127832,08;20222337,00;27736730,71;
2002123;"Tykocin (3)";5848169,07;5688980,37;6497550,22;6943320,71;9174860,58;11370951,30;9935757,22;13893098,05;12176594,09;13774832,60;
2002133;"Wasilków (3)";25694302,80;28571179,25;28951752,88;38571560,44;51563706,94;45131410,53;59821716,52;54265217,84;58612615,28;72156482,21;
2002143;"Zabłudów (3)";15023557,46;16424588,28;16269706,09;18531527,42;22055295,73;24701727,57;28493006,54;32791730,04;32909297,97;35040020,23;
2002152;"Zawady (2)";3892449,49;2335786,68;2518965,84;3547206,12;2420687,47;4875045,18;3134891,09;6159293,50;3174527,52;5533333,36;
2003000;"Powiat bielski";96775224,53;93449862,26;94569657,39;100316856,82;118241694,40;133249138,63;127683391,73;166344016,94;138864022,53;186487824,10;
2003011;"Bielsk Podlaski (1)";44350285,90;45742325,71;47417328,39;50477442,31;59715099,97;68978243,57;64655940,90;73070404,26;67444743,46;90075887,53;
2003021;"Brańsk (1)";7063167,56;7574864,19;8169840,06;9127322,95;10194241,57;11364168,49;11453025,80;18812347,33;12646505,94;16822759,20;
2003032;"Bielsk Podlaski (2)";11109352,71;10909640,25;11105788,49;11629125,69;15220007,12;14466207,95;15159279,29;20922221,73;17203756,31;22531642,18;
2003042;"Boćki (2)";4974986,05;4831716,18;4632387,53;5038989,99;4529444,11;6506296,18;6139521,72;12180904,32;6758854,56;8739855,72;
2003052;"Brańsk (2)";11422799,42;6826095,50;5949198,84;6374132,48;9056151,22;8653908,68;8457586,63;11650196,33;10077195,44;14124350,40;
2003062;"Orla (2)";9652743,38;10077083,84;9965461,09;9549642,90;11022305,90;11906885,92;10591646,42;13751754,29;13068924,89;15577442,21;
2003072;"Rudka (2)";2615618,24;2348405,85;2257411,81;2451310,54;2411667,42;3485359,40;3366065,62;5899188,72;3315645,11;6519284,24;
2003082;"Wyszki (2)";5586271,27;5139730,74;5072241,18;5668889,96;6092777,09;7888068,44;7860325,35;10056999,96;8348396,82;12096602,62;
2004000;"Powiat grajewski";71783772,57;71175942,85;74412103,07;82232868,54;94450027,79;111070796,78;102176635,61;139055503,63;122617403,66;143323743,68;
2004011;"Grajewo (1)";41163937,80;42766038,82;42497195,25;47114635,01;49386506,26;60677227,79;58908020,13;69359791,65;58351185,52;72291816,76;
2004022;"Grajewo (2)";6678457,00;6242853,00;7137939,72;8143678,02;8011204,40;10355796,48;11911024,89;14955274,08;19390702,99;20995721,67;
2004032;"Radziłów (2)";3982082,93;3868261,41;3954193,78;4693225,21;6171463,25;10214282,82;6429073,36;10856808,94;8586970,56;8904278,68;
2004043;"Rajgród (3)";9055468,14;7701822,58;10162923,97;9237514,43;10213791,13;10328629,57;9891038,43;16096311,47;12358409,99;13214089,70;
2004053;"Szczuczyn (3)";6487812,27;7381325,83;6909408,66;8589110,72;13173677,47;12076527,04;9733454,71;17650232,62;15938547,69;18369967,00;
2004062;"Wąsosz (2)";4416014,43;3215641,21;3750441,69;4454705,15;7493385,28;7418333,08;5304024,09;10137084,87;7991586,91;9547869,87;
2005000;"Powiat hajnowski";82241299,77;72541907,00;81792267,25;85198166,38;104070430,72;102413995,57;109775108,53;135215223,19;117027052,09;137127358,91;
2005011;"Hajnówka (1)";30182891,49;31293949,01;34984757,20;36209348,66;42830592,56;42080004,49;44093868,75;49676247,60;48055781,84;56766087,35;
2005022;"Białowieża (2)";5693260,65;5708264,94;5999689,64;6822103,00;7313032,33;9129086,51;7164898,95;9801664,51;9587106,50;8482695,64;
2005032;"Czeremcha (2)";8834373,96;4880283,45;5116984,06;5348854,39;7658968,07;6591720,57;6115454,38;8969913,03;7368627,46;7691964,44;
2005042;"Czyże (2)";2644304,86;2609625,23;2469398,64;2647641,01;3171352,52;3504886,88;3503309,93;6736129,67;4070773,04;5081839,20;
2005052;"Dubicze Cerkiewne (2)";3435988,96;2186474,26;3486545,34;3639069,84;4496657,44;3544924,17;3945253,41;7265514,02;4501187,88;5484747,65;
2005062;"Hajnówka (2)";7131729,29;6484451,05;7698465,37;7525437,95;9059022,29;9177082,61;9550944,45;12053148,29;10529540,83;13845313,79;
2005073;"Kleszczele (3)";3180083,64;3059533,11;2860111,24;3121994,34;3938028,22;4482398,10;5297267,70;7445602,71;4708232,86;5416527,01;
2005082;"Narew (2)";8395972,50;7590853,55;7747836,19;9174828,13;9520905,16;11823548,67;12178916,19;14762329,11;13686215,79;15533162,30;
2005092;"Narewka (2)";12742694,42;8728472,40;11428479,57;10708889,06;16081872,13;12080343,57;17925194,77;18504674,25;14519585,89;18825021,53;
2006000;"Powiat kolneński";45204481,20;38488913,17;42320068,53;44730284,43;53633496,14;75925731,01;69222449,95;84338509,48;74795250,23;93599182,80;
2006011;"Kolno (1)";14728220,84;15644310,30;17185586,83;17729512,55;20438133,03;26315142,45;26759812,69;26790492,04;25440630,30;32505293,65;
2006022;"Grabowo (2)";4435268,59;3872064,61;4171758,28;3964785,09;4848913,79;6733064,91;6210894,94;8771513,39;6897367,11;11865102,96;
2006032;"Kolno (2)";10106656,93;6411730,85;7013616,85;8664047,89;9664372,56;12223016,06;12044794,04;14141881,27;12921877,61;16045368,62;
2006042;"Mały Płock (2)";3905743,20;3152134,08;3249258,91;3336702,88;5033791,33;6668110,84;5771598,32;9459707,48;8318805,01;10946982,97;
2006053;"Stawiski (3)";6337703,27;5787024,04;7103008,56;6546875,54;7797253,25;16779926,66;12318898,32;16785634,59;13459041,49;15458770,96;
2006062;"Turośl (2)";5690888,37;3621649,29;3596839,10;4488360,48;5851032,18;7206470,09;6116451,64;8389280,71;7757528,71;6777663,64;
2007000;"Powiat łomżyński";52773025,20;53009773,49;55884518,29;64762108,15;93744868,96;99893450,46;93951945,17;116681136,37;113675498,55;131249138,35;
2007013;"Jedwabne (3)";4293371,88;3955703,81;4357117,21;4622523,11;7870042,87;9042416,52;8315135,29;9876653,93;9365886,72;8996288,15;
2007022;"Łomża (2)";12189023,65;15033910,78;15269176,79;17134623,30;28001145,67;24783287,89;30549562,87;30145302,24;31275097,59;39215624,44;
2007032;"Miastkowo (2)";6808517,30;5515189,81;5726559,04;6038699,76;7676355,59;9189001,11;8420439,10;11840948,42;9135372,61;10950487,42;
2007043;"Nowogród (3)";4183857,08;4427697,13;4814894,12;5049685,78;10572111,47;12582169,63;8074283,57;11155913,30;12012219,50;14963304,68;
2007052;"Piątnica (2)";12412576,37;11625847,87;12010990,03;13590730,63;18161058,75;18176599,20;17931596,43;21586172,22;22014179,97;27237175,51;
2007062;"Przytuły (2)";2031591,59;1227927,69;1309542,55;2547626,43;3556173,96;3339491,02;2269945,68;5183590,54;3178940,87;3590234,18;
2007072;"Śniadowo (2)";4868133,31;5171803,65;6033099,84;7314808,46;8322897,62;11126624,35;8224150,77;11282816,35;15813250,14;12860257,83;
2007082;"Wizna (2)";2403779,80;2429174,28;2646847,65;3097464,69;4953574,80;6913411,80;5505929,01;7941195,21;5268960,65;5958377,70;
2007092;"Zbójna (2)";3582174,22;3622518,47;3716291,06;5365945,99;4631508,23;4740448,94;4660902,45;7668544,16;5611590,50;7477388,44;
2008000;"Powiat moniecki";44632870,27;42400414,60;44267534,92;53307680,47;63593584,39;65468228,92;61585372,57;87664269,54;69311220,15;87881703,06;
2008013;"Goniądz (3)";7032177,60;6418737,27;6734692,10;8750610,96;7562483,84;8786511,60;9220556,00;15756966,99;10914479,28;12341623,62;
2008022;"Jasionówka (2)";2554174,58;2692132,68;2635664,43;3358122,05;3840989,75;4005366,90;4471442,58;6663285,55;4756527,92;6078912,57;
2008032;"Jaświły (2)";4484948,83;3975724,70;4224033,31;6671730,50;6555500,10;6174539,24;5170322,72;8637624,55;6275036,66;8384447,31;
2008043;"Knyszyn (3)";3973203,69;4914967,47;5159060,36;5977988,53;6613859,63;7604372,44;7067983,35;10480882,19;8055093,43;9254131,84;
2008052;"Krypno (2)";4452337,20;3532635,22;3636657,98;5076758,65;6020320,82;6650723,78;6915410,53;8487844,37;5707946,18;8908643,43;
2008063;"Mońki (3)";15664503,92;16889280,42;18274971,94;19877409,51;24171858,75;25950597,86;24187358,54;30125773,58;28752191,70;35626166,97;
2008072;"Trzcianne (2)";6471524,45;3976936,84;3602454,80;3595060,27;8828571,50;6296117,10;4552298,85;7511892,31;4849944,98;7287777,32;
2009000;"Powiat sejneński";28036948,38;31175627,30;31747954,89;32932098,45;40195853,08;47172841,38;47530247,42;63227039,54;53866934,08;86572830,12;
2009011;"Sejny (1)";8410688,75;8499595,01;10131555,76;9672584,94;10912833,97;10841533,73;16400119,84;14799141,25;12684353,64;38497486,06;
2009022;"Giby (2)";3873621,17;4647316,05;4841272,58;5173031,75;6586344,98;6581481,98;7652853,40;10304464,71;11371651,82;10826636,22;
2009032;"Krasnopol (2)";4136910,38;4000567,41;3938241,78;4345725,54;5866396,55;9299830,63;5560781,01;12147545,40;7291812,64;10473913,00;
2009042;"Puńsk (2)";6420856,50;7874089,21;7461136,22;7872037,43;9292951,82;9531205,55;10394344,44;14256859,05;12592882,25;15089199,65;
2009052;"Sejny (2)";5194871,58;6154059,62;5375748,55;5868718,79;7537325,76;10918789,49;7522148,73;11719029,13;9926233,73;11685595,19;
2010000;"Powiat siemiatycki";71482457,93;68805971,91;69341782,12;76607709,59;84965091,07;99273894,21;101906187,98;121292894,49;109898879,52;128306056,86;
2010011;"Siemiatycze (1)";22473693,75;23414003,73;24731329,78;26419358,06;29211345,77;33508564,72;35198677,36;38258453,16;34172394,62;47831399,40;
2010023;"Drohiczyn (3)";8045671,77;8008387,83;7719488,44;8686161,21;8490938,63;11331127,14;13590015,82;12861531,53;15356600,48;15344897,73;
2010032;"Dziadkowice (2)";1959632,32;2406726,15;2039865,06;4245370,92;2750863,66;3991720,02;5233310,82;6752096,58;5779190,19;6724165,09;
2010042;"Grodzisk (2)";3289358,64;3750085,19;3475381,05;4549802,19;5658988,47;5690990,92;5310159,39;7839051,39;6247868,77;7302028,45;
2010052;"Mielnik (2)";15299456,54;14744007,27;16605390,11;14783266,91;16547061,86;16919554,06;16256937,32;19505152,76;17794615,36;17200945,32;
2010062;"Milejczyce (2)";2200770,31;2560335,89;2204194,43;2271030,68;2620650,92;3320957,07;3412760,45;6547191,69;3531984,93;4741925,10;
2010072;"Nurzec-Stacja (2)";6593723,62;3834152,72;3615357,46;4467897,08;4671166,71;6084995,21;5321241,79;8354153,74;6129951,94;8422443,57;
2010082;"Perlejewo (2)";2555065,94;2905898,02;2213498,36;3047790,39;5600241,77;6459301,52;3792083,16;7109501,11;6418378,72;4889804,86;
2010092;"Siemiatycze (2)";9065085,04;7182375,11;6737277,43;8137032,15;9413833,28;11966683,55;13791001,87;14065762,53;14467894,51;15848447,34;
2011000;"Powiat sokólski";90474504,89;83067879,36;88830338,26;95083458,44;118457003,85;137692347,92;129282609,70;171000621,94;152014366,76;167304011,94;
2011013;"Dąbrowa Białostocka (3)";14857834,46;12133155,29;12354994,11;13405610,67;13942884,89;17788763,46;16002052,74;21798900,51;19874881,81;23006345,53;
2011022;"Janów (2)";3713578,01;3624168,59;3448511,73;4056891,71;5935615,25;7927949,28;5485491,71;8264218,90;6506449,87;7529627,49;
2011032;"Korycin (2)";4249268,53;3268797,83;3673335,68;4197781,07;3869006,40;5687993,60;4751023,65;7645887,04;6121443,29;7554162,60;
2011043;"Krynki (3)";4433719,00;4132989,96;4361165,10;6068968,31;5859259,12;5967136,13;5625694,27;8838207,87;6478418,13;7614511,28;
2011052;"Kuźnica (2)";4592082,14;5022073,50;4954995,68;5253113,48;7795837,43;8976619,63;8023155,84;11861636,38;10464567,41;9773689,65;
2011062;"Nowy Dwór (2)";2453183,80;2105518,42;1973748,54;2137729,72;2310592,50;4728092,21;3247770,23;8589211,08;4516172,60;3467114,25;
2011072;"Sidra (2)";4126172,33;3892296,12;3905985,30;4674433,34;7577037,17;6937935,14;6277225,60;12409552,78;10040210,83;8747818,88;
2011083;"Sokółka (3)";39684040,55;38113649,56;42479125,69;44341949,55;58231967,53;63966748,64;62161227,68;71638921,90;68820912,69;79323640,92;
2011093;"Suchowola (3)";6252717,96;6156596,47;5640678,86;5946974,92;7744408,20;9154838,64;11194066,09;10580107,21;11552224,02;11477637,20;
2011102;"Szudziałowo (2)";6111908,11;4618633,62;6037797,57;5000005,67;5190395,36;6556271,19;6514901,89;9373978,27;7639086,11;8809464,14;
2012000;"Powiat suwalski";53759177,42;55934059,22;65758180,85;62661159,64;77629762,98;94417788,11;92103769,76;131156549,51;111045551,15;122419922,43;
2012012;"Bakałarzewo (2)";3276717,72;4781861,20;5276319,92;5212982,92;6814905,07;7465051,17;7321511,88;10077102,16;8670845,51;10624895,89;
2012022;"Filipów (2)";4594078,13;5887984,07;5815519,62;3458801,42;6491020,65;9859759,55;7392152,03;13329819,13;12155172,75;10089072,10;
2012032;"Jeleniewo (2)";4044266,79;3978613,59;5705295,99;5789497,15;5727093,83;6941785,58;6182932,78;11683102,19;8037366,27;8960568,16;
2012042;"Przerośl (2)";3587448,80;3699503,82;6061827,15;4444819,41;5339098,14;6137567,97;5610621,55;10942910,66;5317118,12;6339965,34;
2012052;"Raczki (2)";7603857,09;6047621,00;5749159,52;5969947,63;7553212,88;10065420,21;9213641,79;13078601,03;12105425,47;13882124,60;
2012062;"Rutka-Tartak (2)";1973403,75;2303224,39;2089494,96;2450268,69;3445095,01;3480308,96;3089366,91;7253770,04;3830498,43;4797134,81;
2012072;"Suwałki (2)";19104198,97;20404285,70;25947716,45;25906138,67;29507251,91;34602837,09;38699581,96;43321373,00;42429872,78;50517050,23;
2012082;"Szypliszki (2)";6152273,43;6073800,49;6362592,15;6607831,66;8766166,79;9966631,96;9800660,92;14701141,85;14289011,47;12402254,16;
2012092;"Wiżajny (2)";3422932,74;2757164,96;2750255,09;2820872,09;3985918,70;5898425,62;4793299,94;6768729,45;4210240,35;4806857,14;
2013000;"Powiat wysokomazowiecki";88272920,85;83818716,88;88132205,28;94770681,39;136450070,03;148731150,50;142916084,87;167325731,40;163320578,99;174820512,58;
2013011;"Wysokie Mazowieckie (1)";21439641,33;24132842,16;25375625,73;27323039,21;41481524,80;36259886,33;37411263,86;43401590,06;46265465,34;51019856,00;
2013023;"Ciechanowiec (3)";14433367,43;8993780,28;8705872,45;10372857,75;13287130,84;18079305,35;20276982,52;15362836,44;16731643,23;17596512,72;
2013033;"Czyżew (3)";10922812,31;10103164,69;11086041,75;11892827,73;17674324,86;19749003,44;21820949,89;24748379,03;25847802,32;23082290,04;
2013042;"Klukowo (2)";5397100,37;5440678,82;5659690,30;6045008,16;7107849,04;6590555,70;6872392,97;10185477,60;7986422,19;10188692,27;
2013052;"Kobylin-Borzymy (2)";3148311,81;3049970,17;3264743,98;3233709,74;4788362,17;6909140,92;5920496,32;7503391,22;6609574,55;7148552,50;
2013062;"Kulesze Kościelne (2)";4335868,65;4366992,66;4634445,57;4689479,61;5726243,66;5663624,33;5347620,50;8891351,07;6874508,72;7642103,81;
2013072;"Nowe Piekuty (2)";4752653,37;4383972,98;4860029,10;4802742,41;7084373,66;7382339,72;7130520,50;9256186,99;9316518,42;9264890,25;
2013082;"Sokoły (2)";7429373,62;6905163,20;7225763,23;7921130,44;12723468,20;17115457,71;10232281,42;16204742,99;14090667,41;14598118,84;
2013093;"Szepietowo (3)";8483974,47;8809703,29;9483010,03;10361668,64;14555459,90;17579978,13;15691305,62;17104255,55;16521354,20;18614398,16;
2013102;"Wysokie Mazowieckie (2)";7929817,49;7632448,63;7836983,14;8128217,70;12021332,90;13401858,87;12212271,27;14667520,45;13076622,61;15665097,99;
2014000;"Powiat zambrowski";67007666,18;65042843,33;68904693,77;75171071,48;91624304,39;96329422,22;102185720,51;130687036,32;117527297,99;146003261,68;
2014011;"Zambrów (1)";32908549,87;31367249,87;34043472,45;37870490,51;39266180,70;41098185,24;48503547,63;65688721,22;56683259,41;67164050,47;
2014022;"Kołaki Kościelne (2)";4302626,67;2748343,32;2841128,03;3510806,64;4537724,69;5048305,90;4554471,36;6784191,39;4123498,45;4340150,55;
2014032;"Rutki (2)";5907930,93;6290430,29;6177898,49;6906892,59;8341627,61;9352625,99;8115613,39;10477810,40;10422094,22;10476173,60;
2014042;"Szumowo (2)";9830271,49;10023610,88;10719950,75;10545173,19;16511138,76;14268208,49;13579936,06;19015719,01;17718364,32;22277122,99;
2014052;"Zambrów (2)";14058287,22;14613208,97;15122244,05;16337708,55;22967632,63;26562096,60;27432152,07;28720594,30;28580081,59;41745764,07;
2061000;"Powiat m. Białystok";818616319,09;849708342,78;868005396,85;1000455331,12;1039697778,37;1021239827,68;1165293669,62;1250798890,71;1277765636,74;1509989567,12;
2061011;"Białystok (1)";818616319,09;849708342,78;868005396,85;1000455331,12;1039697778,37;1021239827,68;1165293669,62;1250798890,71;1277765636,74;1509989567,12;
2062000;"Powiat m. Łomża";120953687,90;148299477,98;156519040,21;154232466,85;183645287,56;192332597,71;183711394,29;204626663,46;192994066,16;235861583,75;
2062011;"Łomża (1)";120953687,90;148299477,98;156519040,21;154232466,85;183645287,56;192332597,71;183711394,29;204626663,46;192994066,16;235861583,75;
2063000;"Powiat m. Suwałki";151894317,28;181622852,59;183949139,01;204589000,89;232671640,23;224230856,41;241602646,59;261069714,48;270771978,90;323435210,91;
2063011;"Suwałki (1)";151894317,28;181622852,59;183949139,01;204589000,89;232671640,23;224230856,41;241602646,59;261069714,48;270771978,90;323435210,91;
2200000;"POMORSKIE";5615150490,94;5804438943,59;6206443640,20;6966296582,55;7446434271,40;8130804002,72;8688800326,14;9655253811,35;9364127458,53;11437039616,52;
2201000;"Powiat bytowski";123687287,69;122559100,78;131474924,01;156247115,52;165746934,98;197330894,84;191501295,53;227931075,57;213966814,67;261242382,78;
2201012;"Borzytuchom (2)";3504167,43;3706996,73;4463734,32;4898751,55;5874090,21;9110120,04;7559502,64;9890539,19;9223550,60;9568496,16;
2201023;"Bytów (3)";41662688,12;43487208,67;50804186,30;60185576,55;60127880,05;71220069,48;70232791,37;78362634,80;78110222,24;100027788,12;
2201032;"Czarna Dąbrówka (2)";6417467,24;6579864,28;6347498,05;7749396,25;9142204,83;10975834,22;11463173,03;13605314,32;12201540,45;16222680,24;
2201042;"Kołczygłowy (2)";6349275,01;6635190,57;6731531,82;8785820,22;7581044,68;10148718,74;8428125,94;13329281,97;10805440,26;13384447,70;
2201052;"Lipnica (2)";9003890,75;9722023,91;9376811,86;12364947,82;12258126,39;13108140,92;13249117,42;18194791,45;16658952,24;18895189,35;
2201063;"Miastko (3)";29588470,87;30267531,94;30963232,25;34738512,64;40377344,28;45756686,89;43985986,51;45582087,88;47397101,66;58566102,58;
2201072;"Parchowo (2)";6195099,83;5100901,97;5477478,49;6041605,82;7497830,00;8983653,04;10068184,14;11677691,16;9563979,22;9571648,07;
2201082;"Studzienice (2)";7919681,11;6350177,23;6958382,12;7387506,76;10463351,62;10283808,91;11477673,06;13667265,16;10647456,73;14540738,42;
2201092;"Trzebielino (2)";5364552,66;4409664,74;4540388,50;5970552,53;5526637,89;9516986,81;6353763,22;11272811,66;9521054,53;8756743,80;
2201102;"Tuchomie (2)";7681994,67;6299540,74;5811680,30;8124445,38;6898425,03;8226875,79;8682978,20;12348657,98;9837516,74;11708548,34;
2202000;"Powiat chojnicki";130349766,91;141899185,79;154111156,48;162807542,55;214976088,22;319710638,00;229388301,13;252912685,13;266874497,28;310913861,03;
2202011;"Chojnice (1)";63683744,60;67366571,71;73469481,45;76272132,54;86835866,18;112738982,21;106136465,65;105083366,32;119845076,52;124634578,86;
2202023;"Brusy (3)";13169258,78;16763192,66;16434484,75;19394739,33;31892055,57;23008562,58;24326346,46;27316610,88;27962806,96;42340471,38;
2202032;"Chojnice (2)";25044220,42;28038097,54;32281414,62;32708783,54;51032661,34;133798626,26;46777517,45;55660362,84;52769441,11;67174257,70;
2202043;"Czersk (3)";24516472,79;26409052,67;27755930,75;30234656,98;39468527,76;44829186,49;47288924,68;56847112,60;60890250,94;70458220,33;
2202052;"Konarzyny (2)";3936070,32;3322271,21;4169844,91;4197230,16;5746977,37;5335280,46;4859046,89;8005232,49;5406921,75;6306332,76;
2203000;"Powiat człuchowski";96366229,62;95219748,74;93718282,63;101362374,22;121929147,26;147916469,94;131352341,43;150354257,95;142568354,41;161252407,29;
2203011;"Człuchów (1)";26269312,71;26144649,27;26546227,45;29335852,81;31550512,65;39877057,31;36965169,54;40258841,47;41029123,72;45725423,64;
2203023;"Czarne (3)";14046043,44;15372107,67;15457312,20;18120245,28;23776297,17;33005108,86;22451325,40;25927773,34;22004041,05;28451774,94;
2203032;"Człuchów (2)";19583143,36;19892363,84;16075450,04;18270099,92;23153647,28;25337443,47;26841645,03;27011421,75;29160570,27;31369031,42;
2203043;"Debrzno (3)";15899775,66;12307508,78;14186846,30;11813412,49;14466699,23;16331871,98;15461395,88;17937090,80;16350324,59;17966247,86;
2203052;"Koczała (2)";4781229,87;6262062,00;5436866,24;5751926,39;7490929,97;6812568,00;6595528,80;9773237,52;7921843,56;9319476,29;
2203062;"Przechlewo (2)";7819420,61;8986597,40;9301959,59;10615250,80;12253465,35;17614089,68;14474756,29;17218579,25;14229278,80;17172776,81;
2203072;"Rzeczenica (2)";7967303,97;6254459,78;6713620,81;7455586,53;9237595,61;8938330,64;8562520,49;12227313,82;11873172,42;11247676,33;
2204000;"Powiat gdański";246758269,50;259776268,80;285192381,87;312275347,90;371448556,76;385328249,67;452868030,36;465059261,97;490381892,63;600242085,54;
2204011;"Pruszcz Gdański (1)";77359664,14;79328615,04;88630488,74;98268917,78;103855533,17;99677811,25;142344566,17;124080212,71;147886498,19;182295874,78;
2204022;"Cedry Wielkie (2)";13506011,05;17411269,03;20061043,19;17564108,20;20463478,10;26194372,69;27191483,49;28349274,55;28044688,00;30049554,96;
2204032;"Kolbudy (2)";44323604,37;48597497,51;53165855,90;58825799,28;72234364,99;76349773,13;85712680,82;83950647,55;89003438,15;115467035,10;
2204042;"Pruszcz Gdański (2)";61893375,12;66900269,62;74345682,60;81089210,85;95961630,12;104458094,80;116727094,99;131096968,05;138968512,50;170540877,49;
2204052;"Przywidz (2)";6821766,86;8159917,72;7868516,74;9749705,23;12577906,47;12404309,06;13201135,41;22155227,34;17311307,48;18986137,20;
2204062;"Pszczółki (2)";17225255,15;16747074,48;17689671,34;18895807,34;27483996,63;27914128,03;24698869,21;28407731,72;27950777,02;34561868,07;
2204072;"Suchy Dąb (2)";7601959,26;7157178,72;7578063,52;9977498,31;11913038,78;11441113,96;12720170,84;14731632,70;10415033,84;12081379,18;
2204082;"Trąbki Wielkie (2)";18026633,55;15474446,68;15853059,84;17904300,91;26958608,50;26888646,75;30272029,43;32287567,35;30801637,45;36259358,76;
2205000;"Powiat kartuski";191361776,25;213189222,14;232325930,85;252075365,59;294594759,73;348462791,25;370374776,88;411689999,86;410923704,06;505647051,65;
2205012;"Chmielno (2)";9878696,16;11163580,83;10457245,58;10690881,35;12896929,85;16752644,95;17298848,90;20395045,11;19217734,40;21098894,60;
2205023;"Kartuzy (3)";44755551,79;52153307,48;52199113,39;57470298,64;66175442,93;76312380,53;78024980,66;85459815,59;86232108,66;102832187,61;
2205032;"Przodkowo (2)";15314064,65;13505794,41;14966427,13;18472116,59;21065872,26;28348094,08;30289381,08;30384698,99;28075094,80;32541193,60;
2205042;"Sierakowice (2)";20083713,78;24265508,11;27237476,37;28168105,44;32942192,10;40642477,09;39697348,03;46342030,85;44941089,16;57478374,51;
2205052;"Somonino (2)";10756733,26;11020129,34;12372374,78;12896165,87;19288147,87;20424569,38;21280024,66;26711439,71;25317778,93;26163230,57;
2205062;"Stężyca (2)";18456767,10;20082801,05;26800915,83;24865901,21;24508345,56;29806950,28;30947171,44;34739252,38;39137618,03;35417572,46;
2205072;"Sulęczyno (2)";6952954,77;7482379,06;7566457,96;8512425,43;10636738,55;10353678,59;12077217,33;14523007,92;12837180,18;15250705,05;
2205083;"Żukowo (3)";65163294,74;73515721,86;80725919,81;90999471,06;107081090,61;125821996,35;140759804,78;153134709,31;155165099,90;214864893,25;
2206000;"Powiat kościerski";112131841,47;113939628,51;114974393,01;123439970,95;142822015,99;181893442,45;163799482,39;207875236,36;184540060,44;214471284,89;
2206011;"Kościerzyna (1)";39413901,20;42714293,48;39495142,60;41814847,95;45991184,89;68660716,94;52356686,35;69137434,50;57243670,16;66800395,50;
2206022;"Dziemiany (2)";6252723,91;6500751,45;7092037,73;9098976,11;8617821,65;10692739,42;10630130,20;14578158,93;10601953,93;13548328,43;
2206032;"Karsin (2)";14633168,20;8562453,25;9961713,48;11116539,31;12338326,46;13499424,74;14005349,20;17384208,47;17464069,58;19936599,50;
2206042;"Kościerzyna (2)";25086895,61;27681714,66;29124737,10;30716063,43;41396974,66;44034889,87;39886879,40;46103261,41;46520253,90;52460402,98;
2206052;"Liniewo (2)";4258473,63;6584893,61;5724824,60;6224604,97;7440257,58;10925797,17;8945876,98;16018490,30;12349469,40;14430714,38;
2206062;"Lipusz (2)";5855942,85;4899260,66;5187709,12;7084537,02;6091032,93;9936442,08;8846641,95;12337349,16;11691409,91;12538343,94;
2206072;"Nowa Karczma (2)";7579414,31;8520145,64;8808875,26;9148161,40;11273990,92;14073319,44;17108816,73;18185891,18;16318443,43;18304582,52;
2206082;"Stara Kiszewa (2)";9051321,76;8476115,76;9579353,12;8236240,76;9672426,90;10070112,79;12019101,58;14130442,41;12350790,13;16451917,64;
2207000;"Powiat kwidzyński";145558088,64;155722165,08;157391042,02;167120006,08;189037424,76;204472480,70;253559146,79;268613485,79;250590360,89;270706456,26;
2207011;"Kwidzyn (1)";88519398,00;97025790,29;95346027,77;101323632,54;116806231,57;114830306,71;170740968,62;164030195,97;159858193,06;156285361,50;
2207022;"Gardeja (2)";9725786,37;10249221,42;11124008,04;10754267,91;11812152,79;14783599,28;12665618,69;18919508,81;15500423,92;22969304,03;
2207032;"Kwidzyn (2)";21634822,66;22377460,50;23736583,24;25007819,52;26530113,72;32345766,74;31999508,33;34400801,80;32143422,37;39285788,86;
2207043;"Prabuty (3)";13174349,73;14328434,36;14677392,78;16142321,49;17953058,10;20664980,16;20448561,91;25695428,47;23365448,00;28831749,10;
2207052;"Ryjewo (2)";6441893,61;6575130,22;7075033,23;7576132,08;8414958,03;11299014,19;9761229,69;12871748,14;9836092,99;12719405,90;
2207062;"Sadlinki (2)";6061838,27;5166128,29;5431996,96;6315832,54;7520910,55;10548813,62;7943259,55;12695802,60;9886780,55;10614846,87;
2208000;"Powiat lęborski";127283637,30;141637342,08;151397580,31;161071890,66;170454913,56;202783149,61;199792931,51;267727810,04;244590582,86;290871923,63;
2208011;"Lębork (1)";64285595,98;70964191,52;70238906,44;77232578,17;84044893,76;96713568,78;97135101,35;101137168,38;130056677,95;140629367,96;
2208021;"Łeba (1)";16703119,89;20741181,61;20941310,08;22361071,37;22357170,21;36108717,70;25310201,03;68718768,42;30317475,43;44816217,41;
2208032;"Cewice (2)";11471358,99;12485313,98;11653028,28;12767756,95;16321300,69;16172554,82;17858906,56;22438769,43;20858405,21;23251199,10;
2208042;"Nowa Wieś Lęborska (2)";20321353,17;21534587,68;23675118,84;25181258,26;31865188,09;33826814,74;37952570,26;39519712,53;38464989,45;50009350,03;
2208052;"Wicko (2)";14502209,27;15912067,29;24889216,67;23529225,91;15866360,81;19961493,57;21536152,31;35913391,28;24893034,82;32165789,13;
2209000;"Powiat malborski";101272816,92;108483011,85;120070425,40;124262908,55;129634679,04;142235169,65;157869726,27;180863774,41;171460648,88;201378465,71;
2209011;"Malbork (1)";58147013,66;63523666,75;69172879,64;70910450,75;76948754,49;81276744,57;93009346,57;91087065,36;92760626,59;109330532,05;
2209032;"Lichnowy (2)";6195016,35;5572253,98;5823441,48;6440152,14;6834715,92;8712927,10;9602086,06;12336622,47;9267859,20;12445671,68;
2209042;"Malbork (2)";9625197,07;9636242,91;10057655,86;11130109,78;11617038,27;14017819,75;15723849,41;21683471,81;15616810,86;19895435,69;
2209062;"Miłoradz (2)";4152870,72;4672953,43;4360672,16;5910404,90;5180940,74;6728725,91;6048920,85;10547786,17;8009258,69;9754173,41;
2209073;"Nowy Staw (3)";14414982,24;15742564,73;20406004,82;19145914,14;17105720,81;17855462,63;18442794,37;26985244,88;29632911,84;28431053,73;
2209082;"Stare Pole (2)";8737736,88;9335330,05;10249771,44;10725876,84;11947508,81;13643489,69;15042729,01;18223583,72;16173181,70;21521599,15;
2210000;"Powiat nowodworski";70074800,96;82641677,04;78135539,26;90713210,80;98107074,41;92945605,90;105979696,27;129389836,75;116421890,65;139445990,90;
2210011;"Krynica Morska (1)";9415880,37;17684709,43;11254798,54;13333283,57;24506170,85;13237095,54;14874368,47;18532809,16;16806551,00;23071622,24;
2210023;"Nowy Dwór Gdański (3)";27622051,24;30240323,64;31175343,89;32225547,60;31573781,76;34238570,21;37938234,26;44812009,06;43960089,20;51908543,01;
2210032;"Ostaszewo (2)";4498982,22;5803980,52;6502153,42;5955792,61;5720933,79;6270225,35;6832374,45;10798171,94;7520281,56;8996157,35;
2210042;"Stegna (2)";20680738,42;21439456,41;21842306,91;29920977,56;25336643,44;27588801,16;28973127,99;40361818,18;34464799,67;41415933,01;
2210052;"Sztutowo (2)";7857148,71;7473207,04;7360936,50;9277609,46;10969544,57;11610913,64;17361591,10;14885028,41;13670169,22;14053735,29;
2211000;"Powiat pucki";205445198,35;218584716,90;229577923,02;249993521,38;269293928,33;340042355,68;339147770,44;412017706,44;387255066,35;444299638,80;
2211011;"Hel (1)";9615395,34;10427407,82;11397109,97;12775817,04;17656084,06;24134739,71;15748116,41;26708833,02;15794440,21;17416662,59;
2211021;"Jastarnia (1)";18081810,36;17478101,41;;;;;;;;;
2211023;"Jastarnia (3)";;;18269793,50;19276674,88;20662836,62;23418685,64;25176247,68;29061551,28;29312549,41;31174935,74;
2211031;"Puck (1)";24677796,04;26254767,32;27176301,45;29132607,82;28410193,59;38400782,07;42558381,36;54334568,80;43409912,82;43866783,79;
2211043;"Władysławowo (3)";46881634,24;50434211,57;57404581,73;60274569,21;60722076,58;77674626,64;73164887,42;87317965,45;77550071,47;93512661,96;
2211052;"Kosakowo (2)";38194594,08;45907939,68;45571327,29;50197575,60;58490369,84;66347207,02;76501513,68;88008403,18;94704820,10;108827489,26;
2211062;"Krokowa (2)";28162248,33;27464527,25;26036047,78;30395682,31;31257940,82;37267197,72;36935576,14;46232020,92;52689383,54;54506292,38;
2211072;"Puck (2)";39831719,96;40617761,85;43722761,30;47940594,52;52094426,82;72799116,88;69063047,75;80354363,79;73793888,80;94994813,08;
2212000;"Powiat słupski";218527549,64;228036283,43;237178035,11;265430099,09;279188891,83;324825280,22;335026847,64;388635866,12;369236699,09;415878444,71;
2212011;"Ustka (1)";38719464,96;44769013,62;52681656,12;61261321,31;49179913,60;57701835,80;56044915,68;54999053,94;57832527,69;70554888,20;
2212022;"Damnica (2)";8496951,09;10434686,15;9840457,94;10363159,09;11839578,58;16273145,60;14542397,29;17947367,26;19127574,44;22090083,39;
2212032;"Dębnica Kaszubska (2)";14531944,00;12594652,35;13416030,68;17003259,88;15004478,44;18518647,58;19120194,33;20279787,70;20147154,54;25231421,53;
2212042;"Główczyce (2)";9625345,47;12066253,76;12699404,32;12550582,97;14738743,59;20391634,41;14798380,50;19939134,12;18007729,17;18484773,11;
2212053;"Kępice (3)";11430670,99;12181570,00;15212245,67;15364464,08;16621342,96;21779090,39;23624836,27;24190577,18;23107700,81;23320920,85;
2212062;"Kobylnica (2)";33722803,56;32509895,28;35520307,76;40687253,80;41453700,36;45604671,61;51383684,14;58206664,82;54464493,00;65906332,29;
2212072;"Potęgowo (2)";11824217,16;10334647,17;10972843,02;11798579,95;14687947,19;14484530,41;18699112,10;23070124,01;23363676,64;27144985,03;
2212082;"Redzikowo (2)";52689213,54;55711580,01;50518583,60;58183984,99;70242806,18;78911853,73;86891283,44;109304604,79;94339170,41;100208023,17;
2212092;"Smołdzino (2)";4969154,65;5024609,02;5318114,63;5422345,34;6447798,65;6986969,16;7154757,24;10486504,86;9228054,57;10103944,33;
2212102;"Ustka (2)";32517784,22;32409376,07;30998391,37;32795147,68;38972582,28;44172901,53;42767286,65;50212047,44;49618617,82;52833072,81;
2213000;"Powiat starogardzki";174560020,74;183944461,12;208580307,56;240967203,28;271128294,00;315540504,90;302990042,80;360376995,26;339110623,67;409850456,08;
2213013;"Czarna Woda (3)";4876413,42;5594011,58;6719622,76;7837322,31;9274632,90;9826509,60;10394035,72;13167121,65;11168476,15;12712704,20;
2213021;"Skórcz (1)";5234237,47;6662442,63;6685645,34;7402351,57;7656451,31;10702151,42;7865417,55;12470468,81;9202360,37;11094072,72;
2213031;"Starogard Gdański (1)";77040891,12;77924874,35;91825767,73;106289953,00;116492756,57;120719959,74;121321202,81;129793428,29;134013545,79;156024188,75;
2213042;"Bobowo (2)";3164494,78;3241899,19;3543474,23;3686462,45;4561339,45;6064430,88;6764585,13;9071998,52;6742072,35;9011395,47;
2213052;"Kaliska (2)";6007323,77;6518363,89;7718686,08;8950371,71;11879973,76;13705559,23;10529644,77;15079918,44;11335250,73;13159596,60;
2213062;"Lubichowo (2)";7973093,41;8508145,65;9521598,09;9906391,37;11481993,24;15045646,35;12979486,20;18353543,05;15313919,03;18783786,87;
2213072;"Osieczna (2)";2873570,37;3163780,83;3778905,81;4108383,82;4680885,81;5703882,17;5063743,68;8136698,40;5850583,24;7851325,04;
2213082;"Osiek (2)";2853783,58;2891267,31;3955030,86;4594830,77;4630446,92;5821334,82;6093712,92;9594085,58;5764560,32;8597286,60;
2213093;"Skarszewy (3)";17172033,14;18873772,43;22359921,07;27624704,09;28239239,06;32813525,96;31546898,57;37242218,97;37051896,72;41470277,55;
2213102;"Skórcz (2)";4593169,13;4999719,41;5207687,74;5981007,76;6806842,29;8388259,63;7587569,03;11525569,73;10049442,90;13535446,82;
2213112;"Smętowo Graniczne (2)";8758461,79;6831678,54;7035290,24;7586241,49;9367182,29;12330675,86;10490188,12;14910702,18;12743461,22;13976225,78;
2213122;"Starogard Gdański (2)";23477915,45;24471223,82;25859473,52;29480509,48;35266268,65;47849310,52;46596574,93;54111159,58;51142890,61;66004423,12;
2213132;"Zblewo (2)";10534633,31;14263281,49;14369204,09;17518673,46;20790281,75;26569258,72;25756983,37;26920082,06;28732164,24;37629726,56;
2214000;"Powiat tczewski";182841348,83;199026751,42;212191507,96;228579390,56;238939789,64;275659683,75;275808983,60;321966086,49;314723278,29;371559814,96;
2214011;"Tczew (1)";98176888,51;113884867,77;110798463,66;125864437,61;128442689,67;143176810,77;149173878,43;167869459,40;164580845,71;193607935,05;
2214023;"Gniew (3)";21479271,48;20388710,05;23645707,89;25181561,67;26243452,77;31739505,38;30272056,92;34856207,59;38158782,83;41570060,13;
2214032;"Morzeszczyn (2)";5772746,25;5389877,64;5564059,39;5910747,40;6390425,98;8345855,25;6480919,66;10962030,81;9075116,36;10496437,75;
2214043;"Pelplin (3)";25025563,70;23942766,39;31855957,52;28136992,20;30086386,11;32443263,17;33385366,66;42289214,84;37191881,41;46158088,88;
2214052;"Subkowy (2)";7573902,82;8081938,45;10236891,66;9417596,42;9952361,16;11985930,47;11058818,05;15626576,28;13074339,38;14915231,60;
2214062;"Tczew (2)";24812976,07;27338591,12;30090427,84;34068055,26;37824473,95;47968318,71;45437943,88;50362597,57;52642312,60;64812061,55;
2215000;"Powiat wejherowski";350721032,41;357767293,05;391152079,17;485221843,07;482290972,44;558811300,65;614365281,84;670658667,70;617537413,42;780255019,21;
2215011;"Reda (1)";43386329,79;37553480,91;41426435,91;62629135,64;52567921,48;59603140,59;68123084,55;69603176,42;62250416,29;88471739,91;
2215021;"Rumia (1)";80885316,67;88809630,96;92340500,23;139094614,51;119970079,26;134660141,01;149360176,71;158930674,65;145204565,73;189213726,28;
2215031;"Wejherowo (1)";80564645,34;81736759,47;88661402,23;105744591,82;101205090,99;111515698,33;127457979,95;142785982,41;127156764,31;154943462,53;
2215042;"Choczewo (2)";11781211,95;9089220,33;13440704,25;11535329,65;12763200,70;20975858,22;20212499,51;21211899,87;28293719,48;32111313,63;
2215052;"Gniewino (2)";23190486,20;23097779,30;28919845,06;23394091,18;29075809,94;29508336,36;29834969,52;35331284,61;35002930,27;40212221,32;
2215062;"Linia (2)";6912140,63;6781651,61;7429798,17;8642307,59;9821332,15;15039473,50;11742050,60;18683657,30;13783886,71;16546110,95;
2215072;"Luzino (2)";18351924,27;21099393,86;23385796,72;26071676,29;37597833,54;37288082,79;42767612,46;45158998,47;42389180,37;52319160,60;
2215082;"Łęczyce (2)";15203011,07;14048651,16;15222588,66;16281472,57;17992757,86;21087344,61;27693646,62;29987884,44;28587464,59;32663731,76;
2215092;"Szemud (2)";31360651,48;33088087,50;35777373,56;35069776,68;42318347,67;60668767,46;58294486,14;60084788,33;58290919,02;72375332,14;
2215102;"Wejherowo (2)";39085315,01;42462637,95;44547634,38;56758847,14;58978598,85;68464457,78;78878775,78;88880321,20;76577566,65;101398220,09;
2216000;"Powiat sztumski";56339936,28;63289016,11;70372387,19;67402099,42;77918830,01;86017064,39;91898056,59;112292415,99;101972810,48;119204888,26;
2216013;"Dzierzgoń (3)";11189457,34;11422572,20;12381945,17;13372667,12;17028782,09;19574000,93;18140795,46;26113877,37;22283725,30;30439802,54;
2216022;"Mikołajki Pomorskie (2)";4868242,64;4957859,02;7789029,24;6038275,98;6436535,87;7644501,87;8881086,60;12189675,02;8839931,15;10325441,54;
2216032;"Stary Dzierzgoń (2)";5319079,21;5344494,14;5427258,75;5225311,66;7871325,13;8686310,37;9573360,21;9928573,46;8062955,86;9568188,16;
2216042;"Stary Targ (2)";6477379,65;8405466,48;6876142,96;7358672,99;9482713,32;11321736,34;9083567,09;13487060,66;12697664,75;13337822,00;
2216053;"Sztum (3)";28485777,44;33158624,27;37898011,07;35407171,67;37099473,60;38790514,88;46219247,23;50573229,48;50088533,42;55533634,02;
2261000;"Powiat m. Gdańsk";1755859485,51;1794928178,74;1934792325,63;2200464152,85;2317642226,06;2360116234,28;2613963280,20;2908609047,81;2841742175,82;3612908315,25;
2261011;"Gdańsk (1)";1755859485,51;1794928178,74;1934792325,63;2200464152,85;2317642226,06;2360116234,28;2613963280,20;2908609047,81;2841742175,82;3612908315,25;
2262000;"Powiat m. Gdynia";854355954,37;853424013,37;906104761,79;1051417436,80;1031063454,26;1080815735,69;1229484515,88;1293299384,62;1248311718,58;1544251455,31;
2262011;"Gdynia (1)";854355954,37;853424013,37;906104761,79;1051417436,80;1031063454,26;1080815735,69;1229484515,88;1293299384,62;1248311718,58;1544251455,31;
2263000;"Powiat m. Słupsk";252345583,84;258502601,05;275680021,53;278266150,10;299534473,82;314217507,41;334210850,35;343963916,96;345276541,90;428180534,91;
2263011;"Słupsk (1)";252345583,84;258502601,05;275680021,53;278266150,10;299534473,82;314217507,41;334210850,35;343963916,96;345276541,90;428180534,91;
2264000;"Powiat m. Sopot";219309865,71;211868277,59;222022635,40;247178953,18;280681816,30;251679443,74;295418968,24;281016300,13;306642324,16;354479139,35;
2264011;"Sopot (1)";219309865,71;211868277,59;222022635,40;247178953,18;280681816,30;251679443,74;295418968,24;281016300,13;306642324,16;354479139,35;
2400000;"ŚLĄSKIE";11227754199,79;11441474838,71;12009133180,36;12975719727,50;13792728676,59;15100763295,22;16130824078,38;17030263605,59;17611920881,92;21062615279,10;
2401000;"Powiat będziński";357400356,39;357857223,30;369384555,97;406848617,23;429455404,61;482752748,59;530602467,99;516144119,63;688083282,44;688308905,98;
2401011;"Będzin (1)";141246436,99;144998880,42;146992358,59;157288502,68;159556611,27;172650990,13;190097895,51;187415856,12;198763252,89;256332718,38;
2401021;"Czeladź (1)";80853823,31;84653490,53;84953253,00;97216090,25;104428805,44;105701715,76;126668167,69;107180245,50;254206593,33;143839678,03;
2401031;"Wojkowice (1)";18392186,83;16109979,01;17550785,57;19119027,75;20897736,70;27040086,26;24162096,64;25897305,51;34673430,62;30122631,95;
2401042;"Bobrowniki (2)";23383598,59;23605601,81;26344237,87;28560788,60;32056721,09;50074042,29;44195386,26;44240904,21;47920209,47;59645089,12;
2401052;"Mierzęcice (2)";13373597,80;14271117,68;14558559,51;16435374,91;16873245,86;22237838,78;21594914,68;24235224,08;21414692,47;27953666,46;
2401062;"Psary (2)";32395885,12;24248309,78;28227187,61;32028156,05;35104720,32;38124079,42;46046888,84;44179655,05;45978012,70;66310380,83;
2401073;"Siewierz (3)";27952285,83;29546184,00;30115093,37;33688291,54;37695107,34;41358684,54;49831696,54;49062406,44;52890763,56;66755460,13;
2401081;"Sławków (1)";19802541,92;20423660,07;20643080,45;22512385,45;22842456,59;25565311,41;28005421,83;33932522,72;32236327,40;37349281,08;
2402000;"Powiat bielski";309690163,34;325213780,45;361353441,49;391429995,44;424429858,33;487650285,24;479256479,19;537307909,51;536494416,53;665454301,68;
2402011;"Szczyrk (1)";15790576,86;17208647,68;26699383,28;20331801,91;22733192,93;21446072,03;20769043,99;25741455,65;24221085,83;29837993,21;
2402022;"Bestwina (2)";21655969,91;20152745,24;23543047,46;25760473,12;28392552,34;32340593,50;32494593,79;36263963,01;35701751,84;42659746,90;
2402032;"Buczkowice (2)";16970661,91;17957335,59;20328988,47;20893109,05;24582008,17;27224391,52;27946045,35;30047094,46;32525671,29;38479289,27;
2402043;"Czechowice-Dziedzice (3)";98460844,37;105302014,66;112394345,59;114878068,77;123523500,37;134986634,57;144699563,93;155846822,31;161747765,75;206635088,71;
2402052;"Jasienica (2)";45538957,88;45738696,21;49182020,13;62675079,98;57373685,26;73611321,00;70013326,55;84409329,79;82440411,05;99222578,27;
2402062;"Jaworze (2)";14179804,78;16614394,26;18871234,02;20282724,10;21280073,78;23194029,41;24773785,21;26817286,55;24501983,25;35023837,61;
2402072;"Kozy (2)";21665912,61;23207188,16;25611909,34;30251718,95;35392590,33;42299253,17;36493179,24;48279475,79;45585812,78;53554366,59;
2402082;"Porąbka (2)";26590647,40;26987635,44;29428433,98;31396137,27;35323804,43;37251231,44;40015536,09;42549288,48;42866721,26;50497650,90;
2402093;"Wilamowice (3)";24671250,92;26975509,89;28173208,15;32879665,35;36554140,08;45514662,58;39238233,87;43354427,42;42831158,74;55108984,42;
2402102;"Wilkowice (2)";24165536,70;25069613,32;27120871,07;32081216,94;39274310,64;49782096,02;42813171,17;43998766,05;44072054,74;54434765,80;
2403000;"Powiat cieszyński";349142214,48;353104181,49;369726046,94;408118531,02;452483551,09;487510545,93;501589548,78;561076631,04;559115624,85;692500434,50;
2403011;"Cieszyn (1)";93532740,48;87873958,43;90347361,96;100348179,14;107399915,19;108142783,57;113431973,81;121415879,63;123085925,60;151371494,71;
2403021;"Ustroń (1)";44803419,59;47663575,87;52566548,02;56546905,32;61220221,62;57553348,78;66066767,25;76966105,76;77096933,64;109510574,87;
2403031;"Wisła (1)";27605496,73;28486928,59;29234934,01;32800909,28;35786705,47;35899577,17;42239859,67;45773282,78;46428627,51;55507364,66;
2403042;"Brenna (2)";16721453,06;20211645,11;20621085,51;22085491,70;27010609,63;28525099,43;29505545,19;32173291,57;33241264,25;40161895,25;
2403052;"Chybie (2)";14404909,28;13778764,23;14312247,83;16164151,59;18366722,27;26458078,89;21730809,52;23752859,11;23803764,76;25981068,06;
2403062;"Dębowiec (2)";11446398,04;10392377,26;11285032,79;12860433,51;16154958,75;14540302,44;15178390,44;18332924,94;17270922,62;21466277,31;
2403072;"Goleszów (2)";20187803,04;22538483,05;23412183,42;26383346,50;28358447,05;28662823,60;36409046,65;39299713,52;41020308,67;48700544,83;
2403082;"Hażlach (2)";14947472,27;15919518,84;15781822,48;17800856,64;21305753,40;25198096,97;24447624,16;27501106,16;26564282,48;31469470,17;
2403092;"Istebna (2)";14639103,95;13948869,49;15465253,19;17468297,64;20930832,64;31003136,78;22221865,70;26625751,17;25040816,21;32134788,05;
2403103;"Skoczów (3)";46417388,49;48675608,41;51369278,00;57277108,38;63724213,86;71961102,75;69018580,85;79761642,68;78923164,62;93488442,50;
2403113;"Strumień (3)";21736738,42;23073476,07;23767722,78;26010778,72;28212851,69;34751219,30;33410139,64;38181689,18;37471548,81;44966925,56;
2403122;"Zebrzydowice (2)";22699291,13;20540976,14;21562576,95;22372072,60;24012319,52;24814976,25;27928945,90;31292384,54;29168065,68;37741588,53;
2404000;"Powiat częstochowski";203708600,03;204014086,25;209839575,67;235071267,18;264862148,08;305198949,20;327278586,04;396842258,59;368216167,46;432327967,14;
2404013;"Blachownia (3)";18000620,37;18467836,18;19117577,92;21261346,00;23693705,40;26625417,53;28371098,72;31321924,96;29155296,96;38593593,97;
2404022;"Dąbrowa Zielona (2)";6367130,26;4607985,84;4756951,13;6186962,15;5612802,93;6622163,03;6668066,61;11778815,25;11418538,59;9640071,59;
2404032;"Janów (2)";7001255,34;7525307,53;7354831,54;7851298,02;9777897,09;15458781,45;13698585,50;15923447,75;14355610,43;15137843,33;
2404042;"Kamienica Polska (2)";14790295,22;10294248,81;9799199,70;10097200,74;10802626,02;12238787,56;13870357,25;16820964,38;15641793,08;18338151,74;
2404052;"Kłomnice (2)";21064422,12;17771420,34;18296760,88;20541011,37;23477897,41;24070314,83;26775091,54;33498715,13;29736895,16;36307100,47;
2404063;"Koniecpol (3)";10450766,68;11227668,12;12142545,24;15371112,47;15610599,71;17056958,78;21879921,27;25006581,77;23970077,31;29242115,89;
2404072;"Konopiska (2)";14839532,67;18275488,64;18411164,75;19030699,35;24094838,44;24213185,10;29350698,67;30433142,39;31652628,17;38900883,32;
2404082;"Kruszyna (2)";7558009,13;6112427,76;6250783,56;7762654,25;7748162,07;13644599,81;9749332,97;14139493,66;11737277,05;12594591,32;
2404092;"Lelów (2)";6413941,65;6058641,24;6758723,66;6680216,21;8158148,01;8951971,41;9148666,71;14118915,48;14766828,43;13728623,69;
2404102;"Mstów (2)";14426829,15;17317685,32;15910319,86;18532086,33;19368697,51;24154358,42;27086955,48;30569424,01;27609241,09;30835307,21;
2404112;"Mykanów (2)";17180946,82;19077260,89;20010661,97;22743997,08;26104253,68;30098997,63;33903353,37;40691768,47;37807675,39;46355239,39;
2404122;"Olsztyn (2)";13768711,31;14936475,93;15332260,53;17396900,50;21112616,20;22118881,46;24176877,52;;;;
2404123;"Olsztyn (3)";;;;;;;;27476548,36;26120905,68;32345015,68;
2404132;"Poczesna (2)";24208096,79;26128997,18;26465056,72;29030585,52;34335159,44;39142084,14;43463397,08;47901858,68;45786661,30;54105547,82;
2404142;"Przyrów (2)";4739055,46;4216411,49;5239487,86;7303510,37;7343104,63;6570215,21;6195434,69;11000125,11;10117548,15;;
2404143;"Przyrów (3)";;;;;;;;;;10102913,27;
2404152;"Rędziny (2)";17279692,50;18454457,23;18947634,54;21036911,97;21772514,27;27486198,63;26336252,66;34517736,31;29625108,82;36003595,27;
2404162;"Starcza (2)";5619294,56;3541773,75;5045615,81;4244774,85;5849125,27;6746034,21;6604496,00;11642796,88;8714081,85;10097373,18;
2405000;"Powiat gliwicki";231181725,09;241570418,15;269242157,14;311046608,47;324355128,86;330592933,76;372976296,93;415124840,25;455317390,10;505074732,49;
2405011;"Knurów (1)";81738494,38;84125484,28;98492127,73;124944152,15;116740891,67;112542661,42;132397730,34;138443918,00;172598126,24;163404682,77;
2405021;"Pyskowice (1)";36927639,10;40219374,80;42198368,15;50270887,70;57877807,72;56102900,32;62263687,55;67899159,47;69740816,57;87562370,98;
2405032;"Gierałtowice (2)";29926104,30;28910741,90;37209733,44;35341993,74;41419793,73;39798495,98;43578385,29;54224355,49;53848890,99;65169406,13;
2405042;"Pilchowice (2)";20971306,11;23097306,67;23056987,36;25672761,42;28901141,92;33150080,62;34274066,03;36077786,72;37608633,70;51441280,76;
2405052;"Rudziniec (2)";20169586,19;20735106,25;22336250,67;24516658,56;25938908,31;26982992,39;30558762,85;34622364,01;40039784,21;43902684,78;
2405063;"Sośnicowice (3)";19010361,20;22259805,45;22394807,34;24676967,63;25871997,27;27932631,55;30825492,43;39127233,45;38960135,26;45286343,74;
2405073;"Toszek (3)";15014850,25;14455232,67;15322441,18;16484404,99;18078080,42;20912396,95;26117851,51;25648568,77;24971396,47;28950746,11;
2405082;"Wielowieś (2)";7423383,56;7767366,13;8231441,27;9138782,28;9526507,82;13170774,53;12960320,93;19081454,34;17549606,66;19357217,22;
2406000;"Powiat kłobucki";120892163,02;121619697,42;134909227,62;150868610,46;167968486,30;200511019,39;202976585,11;238819534,50;221693682,99;281169692,09;
2406013;"Kłobuck (3)";37037642,94;37965030,33;40503732,78;43263325,83;46197692,95;51043834,13;55154198,28;59325436,49;58143425,83;75397761,11;
2406023;"Krzepice (3)";13354537,52;12625340,57;13070359,51;13953783,75;16579396,98;20951718,67;20072525,83;27806378,34;19853753,97;32120755,71;
2406032;"Lipie (2)";8932640,07;9636978,52;12149925,05;13389160,55;14143479,57;15368790,40;16434551,41;20893982,76;20879768,08;27992222,73;
2406042;"Miedźno (2)";6980681,19;6619786,87;7054627,53;10194457,79;12276601,27;18750677,08;22784509,83;22177795,38;20041564,39;23788405,90;
2406052;"Opatów (2)";6664952,50;6906662,36;8548419,70;7915516,66;9900824,52;13174811,19;11170643,64;14267972,81;12835724,63;17616507,79;
2406062;"Panki (2)";9710299,77;8284378,78;10986324,74;12143091,20;11117363,62;14299185,42;12896091,48;17031096,83;15191395,60;16765638,91;
2406072;"Popów (2)";8475514,57;8908672,18;8960215,40;9919434,33;10600406,56;16805094,06;12645500,67;17294620,83;16943025,13;20550344,69;
2406082;"Przystajń (2)";7640898,15;7511551,37;8568817,28;9623250,64;12381679,21;13480496,39;11049506,82;17308988,97;16149890,46;16832934,20;
2406092;"Wręczyca Wielka (2)";22094996,31;23161296,44;25066805,63;30466589,71;34771041,62;36636412,05;40769057,15;42713262,09;41655134,90;50105121,05;
2407000;"Powiat lubliniecki";128259923,62;134184751,48;133244774,88;149775454,40;169823671,87;191531574,48;207423628,65;234107528,37;229531770,94;273222011,47;
2407011;"Lubliniec (1)";47467487,19;54503540,74;49151207,78;58893881,79;60329816,08;67225328,65;73748633,87;75403832,37;76534070,79;92141782,86;
2407022;"Boronów (2)";6832957,83;8418331,14;8934364,96;8166557,98;11301209,11;12823666,96;11978813,42;17074759,39;12695175,18;20996742,89;
2407032;"Ciasna (2)";14471917,78;13105866,43;13243843,48;15951865,11;21906310,82;21031971,10;19355715,30;24703028,13;24075586,50;27159890,83;
2407042;"Herby (2)";13883892,08;13885997,14;14737034,58;15777841,53;17375374,80;18322501,04;21271018,34;23715023,16;26132985,44;31356972,66;
2407052;"Kochanowice (2)";7958495,70;7556364,62;8376269,29;9326524,42;9749162,70;16875412,64;16399276,22;18024479,56;14471697,57;18125899,28;
2407062;"Koszęcin (2)";14532094,16;15399789,42;15895129,44;16790725,65;19248513,09;20648686,40;22815482,68;28240232,43;28473296,31;33882808,76;
2407072;"Pawonków (2)";7292984,41;7056256,41;7290706,90;8086494,60;11061010,04;13302639,13;15915835,92;16628371,04;18668348,31;16398326,59;
2407083;"Woźniki (3)";15820094,47;14258605,58;15616218,45;16781563,32;18852275,23;21301368,56;25938852,90;30317802,29;28480610,84;33159587,60;
2408000;"Powiat mikołowski";263639595,81;269976222,05;286575879,54;308513627,93;328394001,63;341891615,51;375693223,48;398003679,72;406360903,74;512338873,54;
2408011;"Łaziska Górne (1)";68891197,31;64570251,62;69582104,60;75541637,32;74469884,68;74092810,96;84520193,58;85144031,44;96053088,88;99594365,20;
2408021;"Mikołów (1)";124854263,36;130719029,04;135090141,61;145872434,22;156848122,54;161047184,88;181610319,26;184545097,38;179339765,81;256163701,35;
2408031;"Orzesze (1)";38257693,74;38189754,56;42004263,82;45623443,41;49952686,12;55893541,91;59382321,23;62312308,64;65724820,25;80083591,63;
2408042;"Ornontowice (2)";15130813,93;18195576,36;20989629,30;20006570,78;23609131,46;22879221,21;23275562,15;31923999,67;34016910,21;32887570,47;
2408052;"Wyry (2)";16505627,47;18301610,47;18909740,21;21469542,20;23514176,83;27978856,55;26904827,26;34078242,59;31226318,59;43609644,89;
2409000;"Powiat myszkowski";119467536,05;111589527,27;117870581,13;128509750,64;146635255,07;159592675,62;168502762,45;187524306,62;205424685,26;221311563,12;
2409011;"Myszków (1)";50272685,72;52028230,42;54424986,06;58682085,56;69662884,86;70443625,47;73537080,06;77801550,62;92663892,67;98268090,30;
2409023;"Koziegłowy (3)";27481853,56;23338460,35;23591519,60;24649265,95;28603486,04;33303627,51;35316199,44;41930459,36;46143424,39;48249603,18;
2409032;"Niegowa (2)";6716786,68;5859234,85;6680872,06;7497010,96;8779465,90;11121108,25;10168884,52;14650252,25;14095434,59;12712771,35;
2409042;"Poraj (2)";23162215,27;17956639,23;19916034,59;23398494,08;24071708,94;26186583,44;31018160,20;32384130,33;33140445,04;39829701,60;
2409053;"Żarki (3)";11833994,82;12406962,42;13257168,82;14282894,09;15517709,33;18537730,95;18462438,23;20757914,06;19381488,57;22251396,69;
2410000;"Powiat pszczyński";202769055,58;245771923,43;263025525,18;270814051,28;301766077,41;315074684,16;331840204,48;367697769,58;406031773,77;442890669,80;
2410012;"Goczałkowice-Zdrój (2)";23721169,49;24354922,80;23324853,15;28684865,89;30546598,93;31090206,14;31897902,88;36280286,03;35170919,74;41909423,75;
2410022;"Kobiór (2)";9634404,65;10113241,53;10927857,70;12655140,47;12540921,67;13264420,40;15046845,31;17072318,36;14775387,66;20126796,29;
2410032;"Miedźna (2)";24067945,65;22551283,20;26101027,03;30166800,22;32601448,03;35285691,19;31557621,34;37796252,26;36113064,66;45407815,96;
2410042;"Pawłowice (2)";25039952,35;57417080,08;55254270,45;53744545,82;66365929,52;62206827,33;72879471,64;78629967,95;80248631,67;94474527,59;
2410053;"Pszczyna (3)";102560074,33;104216597,90;114179074,58;122054788,34;128927121,96;142062139,44;149961848,29;161863668,23;204537254,21;199198144,36;
2410062;"Suszec (2)";17745509,11;27118797,92;33238442,27;23507910,54;30784057,30;31165399,66;30496515,02;36055276,75;35186515,83;41773961,85;
2411000;"Powiat raciborski";186508371,00;192985244,76;197145897,05;215934385,96;223553422,11;281328402,06;279573822,05;298177386,21;376248501,50;356871612,96;
2411011;"Racibórz (1)";108919078,73;114163997,54;118958725,97;126405515,35;129794690,46;159362107,15;164057692,92;160335874,71;222316646,14;198552109,45;
2411022;"Kornowac (2)";9643562,81;7493001,94;7517452,90;8883719,34;10529910,23;16218119,01;11585029,56;13640238,84;11292413,32;13811660,34;
2411033;"Krzanowice (3)";7449128,22;6865688,01;7873727,80;8354886,77;8071393,74;9048086,03;9614521,29;12947393,15;12764551,25;13297301,53;
2411042;"Krzyżanowice (2)";17278729,17;18369539,55;17379911,75;21430969,01;19298149,27;28325830,42;21798409,13;26629364,56;25090539,10;33947000,08;
2411053;"Kuźnia Raciborska (3)";14635347,97;17683324,37;17548780,10;18604546,37;21172821,37;27125916,51;25276008,98;27000886,90;45022049,24;28898190,37;
2411062;"Nędza (2)";8716689,98;9830746,02;9507472,33;9968209,65;11554291,76;12967923,54;13340877,92;18014066,82;16115154,36;20035452,01;
2411072;"Pietrowice Wielkie (2)";13195626,71;10976347,48;11834871,79;15115317,90;15040283,40;18901701,44;24785591,94;26024894,21;31066824,15;35181070,59;
2411082;"Rudnik (2)";6670207,41;7602599,85;6524954,41;7171221,57;8091881,88;9378717,96;9115690,31;13584667,02;12580323,94;13148828,59;
2412000;"Powiat rybnicki";132771672,21;141249074,36;145505681,44;160218401,26;162914671,07;193396524,57;197361417,54;220502014,69;220139042,36;263727274,66;
2412013;"Czerwionka-Leszczyny (3)";71949519,68;75099271,41;78084257,25;86359838,28;87415068,91;98135164,32;101133388,84;109521581,45;109429110,57;135505616,42;
2412022;"Gaszowice (2)";12759414,12;14662352,83;14867965,94;16852088,28;18893362,33;23638156,99;21836599,85;24612089,00;26960570,51;30587308,18;
2412032;"Jejkowice (2)";6969763,10;6854448,54;7121731,00;7795870,87;9353953,49;9753203,31;10206602,99;14253277,77;10673378,23;15125190,10;
2412042;"Lyski (2)";16689838,22;17088872,13;17711251,09;18945398,72;19774594,72;23420656,17;24636077,61;26400618,49;26477240,58;30493983,82;
2412052;"Świerklany (2)";24403137,09;27544129,45;27720476,16;30265205,11;27477691,62;38449343,78;39548748,25;45714447,98;46598742,47;52015176,14;
2413000;"Powiat tarnogórski";302894516,73;314403939,34;339258880,38;371480506,60;396361347,70;440249178,96;464592180,87;511858833,71;507080933,23;618161326,07;
2413011;"Kalety (1)";15040047,75;13679406,74;14966476,83;18413015,73;19984147,54;18467184,66;20580759,12;23374245,79;23338667,73;27651314,63;
2413021;"Miasteczko Śląskie (1)";18818807,12;22986581,61;23508069,45;23944860,29;25058307,95;29258554,59;29875234,29;31809589,44;32988245,95;38103200,34;
2413031;"Radzionków (1)";35025589,14;35353706,20;42819084,48;40742407,33;46043692,08;47958539,39;51544751,49;58169813,00;59462092,62;66332264,94;
2413041;"Tarnowskie Góry (1)";137311638,11;139395722,38;151291222,70;168930177,11;174277022,75;202800708,03;206165507,93;225841065,17;224898022,16;259936229,76;
2413052;"Krupski Młyn (2)";10033574,38;10474812,16;10214767,48;11164648,65;11864692,30;14062083,84;18278721,14;17242191,50;14987461,30;19860942,00;
2413062;"Ożarowice (2)";19965414,96;17928762,71;20538266,57;19416645,81;23762269,34;25357697,43;25272920,78;26645438,39;29029530,67;52564023,00;
2413072;"Świerklaniec (2)";25188850,76;28891062,20;27141528,62;30843647,08;31970083,03;36798426,80;38980615,48;43722220,92;42377110,37;52197432,81;
2413082;"Tworóg (2)";11760386,83;13451132,69;14348749,24;14907326,84;17960654,17;21265633,40;26821700,42;26779292,78;23641860,00;30503589,49;
2413092;"Zbrosławice (2)";29750207,68;32242752,65;34430715,01;43117777,76;45440478,54;44280350,82;47071970,22;58274976,72;56357942,43;71012329,10;
2414000;"Powiat bieruńsko-lędziński";147679594,10;158212838,16;159741827,04;175150729,94;185058844,78;182242304,15;199863414,77;219350551,80;228672641,25;287688031,31;
2414011;"Bieruń (1)";55380016,30;58704786,63;57676305,18;62019551,50;72449699,24;66786224,83;72052173,92;82398179,03;93964390,27;113702896,61;
2414021;"Imielin (1)";25471725,21;25793237,36;25829252,01;29675386,00;31534207,97;31625309,01;35328600,65;36502075,39;39423288,60;51246274,64;
2414031;"Lędziny (1)";30034799,15;39933583,64;39123368,44;43270497,16;45082080,86;41330260,77;48331723,91;49052912,51;49344126,16;61951548,01;
2414042;"Bojszowy (2)";15288653,21;15125937,31;17187232,46;18092234,10;18358519,52;20029236,45;21168461,59;23952503,41;21253057,11;27893247,48;
2414052;"Chełm Śląski (2)";21504400,23;18655293,22;19925668,95;22093061,18;17634337,19;22471273,09;22982454,70;27444881,46;24687779,11;32894064,57;
2415000;"Powiat wodzisławski";276240840,73;314280508,66;333253374,35;350882069,59;377680318,36;424125848,72;426475084,69;443689058,04;439459153,22;527192489,69;
2415011;"Pszów (1)";24061737,69;20310268,29;20966023,45;22107381,99;24512635,29;34529317,15;30499982,82;36059085,39;32856648,92;39143887,14;
2415021;"Radlin (1)";38343640,61;37547631,47;43202591,40;47172153,68;45388068,68;55527027,57;55079365,45;55538980,99;56079535,87;65007853,76;
2415031;"Rydułtowy (1)";33587353,71;49940600,21;39768049,15;43490986,86;47583509,25;55017229,68;56037607,61;57089089,03;61858890,58;63123250,01;
2415041;"Wodzisław Śląski (1)";84906706,87;97644257,22;105629721,54;112993499,09;121303260,65;129405202,65;130501190,89;137721296,92;136851772,79;164848698,10;
2415052;"Godów (2)";20970545,61;20911432,32;23027428,53;25073175,04;29762055,39;30823840,97;36397925,82;35983751,82;34496624,17;43431985,55;
2415062;"Gorzyce (2)";32317869,91;33042841,75;36065663,07;40273011,30;44836683,82;51438849,33;52400587,55;53553704,77;54217426,91;72499363,20;
2415072;"Lubomia (2)";24815748,92;26756065,58;30436287,59;25653165,30;17197155,17;21339354,89;19653813,87;21214891,18;20408470,59;25353368,43;
2415082;"Marklowice (2)";11122513,28;15038703,07;13932229,57;16642304,09;16771343,97;18932071,95;18983433,69;20100705,58;19748696,52;24790337,81;
2415092;"Mszana (2)";6114724,13;13088708,75;20225380,05;17476392,24;30325606,14;27112954,53;26921176,99;26427552,36;22941086,87;28993745,69;
2416000;"Powiat zawierciański";198575926,51;209538076,93;213433814,06;243454482,17;261218523,49;310574793,02;327996331,18;358433305,97;350443692,99;406845887,18;
2416011;"Poręba (1)";14007640,73;14922938,79;15591072,80;16364726,22;17241560,26;20281944,80;27052156,04;28975164,43;28929361,74;30416736,67;
2416021;"Zawiercie (1)";92107644,02;102980612,69;101424277,51;114681071,94;120741390,35;140728951,30;152938438,92;164987832,28;152149274,93;180884368,51;
2416032;"Irządze (2)";2580134,36;2864570,04;2837801,80;3029458,25;3598610,16;5724405,06;4410047,90;7810550,95;6006482,80;6502294,23;
2416042;"Kroczyce (2)";6692737,63;7225178,68;7027994,76;7991528,15;8276827,51;13628231,31;11947421,49;17136159,53;14624413,06;15337570,59;
2416053;"Łazy (3)";26461232,23;28283953,02;30400634,45;36719365,38;40343378,72;42319300,66;44649822,09;46427982,57;52206238,15;51102267,91;
2416063;"Ogrodzieniec (3)";13707449,47;14136896,07;18144972,81;19523354,32;21698904,76;27904154,06;27890166,58;24983912,11;31312209,68;47305109,69;
2416073;"Pilica (3)";17360229,42;17177883,27;12779929,46;18128886,27;19689064,89;19742208,09;20021268,95;20888951,25;20489167,75;22018592,80;
2416083;"Szczekociny (3)";15008562,83;11328597,20;12640470,17;13106453,75;15050511,05;20944379,07;20538611,14;21059767,65;23349507,28;26147676,75;
2416092;"Włodowice (2)";6381320,19;6348888,96;7956342,80;9140452,71;9353350,29;12682931,13;12373292,89;15564566,68;;;
2416093;"Włodowice (3)";;;;;;;;;13668199,63;18106982,71;
2416102;"Żarnowiec (2)";4268975,63;4268558,21;4630317,50;4769185,18;5224925,50;6618287,54;6175105,18;10598418,52;7708837,97;9024287,32;
2417000;"Powiat żywiecki";231758870,38;240599414,98;260786221,89;280746901,14;310319569,16;352663863,18;354638993,13;449159963,10;390037220,93;460442448,18;
2417011;"Żywiec (1)";68818436,90;77437295,14;90103792,63;87717256,44;95972584,39;98657246,51;98996373,96;129081314,67;113554162,94;134880696,29;
2417022;"Czernichów (2)";14338870,61;16159672,37;17272352,92;16714506,78;17893851,01;19147818,21;20057602,15;23450589,01;21831838,15;24522685,73;
2417032;"Gilowice (2)";8950790,26;8986431,52;9581491,42;10579118,40;11211769,81;15073370,36;13007849,97;16423130,70;14322377,81;16149304,11;
2417042;"Jeleśnia (2)";16718836,07;17078666,16;17615055,88;20385068,95;23522166,63;25405901,46;27464175,62;30944707,71;28845613,13;32865853,69;
2417052;"Koszarawa (2)";2365395,20;2501968,04;2665244,85;2992741,79;3547641,34;4617039,01;4264358,97;7096373,86;4684729,09;5356572,96;
2417062;"Lipowa (2)";12742950,89;13548317,09;14677766,80;16823480,04;19516036,73;20750059,62;24628339,81;30116877,66;25323259,53;31398168,65;
2417072;"Łękawica (2)";8110106,25;6184750,33;6020133,58;9894471,98;7829578,17;9360867,90;9396062,80;13126186,38;10599606,96;11661846,30;
2417082;"Łodygowice (2)";22604573,27;21054418,46;22076932,58;24566413,06;28005525,81;33590938,35;33695782,99;44559084,95;35352305,23;42784816,30;
2417092;"Milówka (2)";13257800,56;10897556,03;12776832,64;14663227,96;16493954,30;18792706,96;20536162,06;24250512,89;23415482,72;25187037,62;
2417102;"Radziechowy-Wieprz (2)";11954621,45;12985958,94;14439750,88;15856957,04;17809102,32;24379313,33;26389584,34;27440851,04;26372705,05;31273614,03;
2417112;"Rajcza (2)";10104393,66;11216640,06;11480433,99;13433386,06;14267347,79;17764464,80;15897626,41;19950737,87;19487351,06;23309455,09;
2417122;"Ślemień (2)";4751490,74;7329310,64;5492827,25;6024152,36;6749050,50;9760416,93;7753235,68;11295199,24;8654526,51;10582961,14;
2417132;"Świnna (2)";10294105,51;10267776,18;10844070,22;12303123,41;13078205,83;17695997,01;14996095,15;18406129,31;15948954,18;19884045,10;
2417142;"Ujsoły (2)";5565048,00;4962576,10;5225918,16;6623272,65;7218505,34;8402541,94;8063967,27;11423744,35;9142783,64;9703160,46;
2417152;"Węgierska Górka (2)";21181451,01;19988077,92;20513618,09;22169724,22;27204249,19;29265180,79;29491775,95;41594523,46;32501524,93;40882230,71;
2461000;"Powiat m. Bielsko-Biała";516141978,27;541832276,83;563889425,49;618596588,11;652509146,62;700477427,51;794074768,52;836105213,17;903998102,76;1037256280,82;
2461011;"Bielsko-Biała (1)";516141978,27;541832276,83;563889425,49;618596588,11;652509146,62;700477427,51;794074768,52;836105213,17;903998102,76;1037256280,82;
2462000;"Powiat m. Bytom";375104120,49;375572230,23;405298841,31;413234477,15;448619104,59;476368892,65;594276137,86;522591155,54;529645351,02;620203148,69;
2462011;"Bytom (1)";375104120,49;375572230,23;405298841,31;413234477,15;448619104,59;476368892,65;594276137,86;522591155,54;529645351,02;620203148,69;
2463000;"Powiat m. Chorzów";275640462,49;277597767,99;302158142,46;347840402,27;342852001,41;351586844,38;445899660,37;408822275,21;430461076,74;505048911,26;
2463011;"Chorzów (1)";275640462,49;277597767,99;302158142,46;347840402,27;342852001,41;351586844,38;445899660,37;408822275,21;430461076,74;505048911,26;
2464000;"Powiat m. Częstochowa";603600264,15;600703702,29;618885533,93;663163277,64;708779367,97;751568928,39;824984544,17;853382070,25;860674271,74;1131421225,88;
2464011;"Częstochowa (1)";603600264,15;600703702,29;618885533,93;663163277,64;708779367,97;751568928,39;824984544,17;853382070,25;860674271,74;1131421225,88;
2465000;"Powiat m. Dąbrowa Górnicza";420685171,96;432379354,91;454001863,46;505633447,24;526101524,33;549875464,03;630250439,30;608225302,41;640446322,10;785276579,39;
2465011;"Dąbrowa Górnicza (1)";420685171,96;432379354,91;454001863,46;505633447,24;526101524,33;549875464,03;630250439,30;608225302,41;640446322,10;785276579,39;
2466000;"Powiat m. Gliwice";749224253,12;670169142,16;742083454,74;755973530,91;790715589,80;959993354,02;957090026,19;986549509,89;1008714420,96;1262994270,07;
2466011;"Gliwice (1)";749224253,12;670169142,16;742083454,74;755973530,91;790715589,80;959993354,02;957090026,19;986549509,89;1008714420,96;1262994270,07;
2467000;"Powiat m. Jastrzębie-Zdrój";204223851,00;228870434,73;238968187,45;248969807,40;277626384,67;296801824,76;315625030,35;330936945,53;338372809,94;389558207,83;
2467011;"Jastrzębie-Zdrój (1)";204223851,00;228870434,73;238968187,45;248969807,40;277626384,67;296801824,76;315625030,35;330936945,53;338372809,94;389558207,83;
2468000;"Powiat m. Jaworzno";265951826,43;280876890,09;301477635,75;313103114,95;328721474,49;351827215,48;383055339,49;465220062,56;539808072,15;502022691,47;
2468011;"Jaworzno (1)";265951826,43;280876890,09;301477635,75;313103114,95;328721474,49;351827215,48;383055339,49;465220062,56;539808072,15;502022691,47;
2469000;"Powiat m. Katowice";1166795982,56;1210374666,61;1236977265,58;1317464372,24;1381371005,12;1441148661,35;1549842370,89;1648441744,70;1830835890,55;2100335815,18;
2469011;"Katowice (1)";1166795982,56;1210374666,61;1236977265,58;1317464372,24;1381371005,12;1441148661,35;1549842370,89;1648441744,70;1830835890,55;2100335815,18;
2470000;"Powiat m. Mysłowice";189564116,33;190304503,57;196596073,69;210572464,70;239554232,59;277550887,06;265180493,87;266265587,24;258961308,12;319976130,91;
2470011;"Mysłowice (1)";189564116,33;190304503,57;196596073,69;210572464,70;239554232,59;277550887,06;265180493,87;266265587,24;258961308,12;319976130,91;
2471000;"Powiat m. Piekary Śląskie";119673303,15;134399879,41;127300029,60;136678134,97;159594559,23;157330040,39;168793205,17;179986498,66;167794734,26;216270995,84;
2471011;"Piekary Śląskie (1)";119673303,15;134399879,41;127300029,60;136678134,97;159594559,23;157330040,39;168793205,17;179986498,66;167794734,26;216270995,84;
2472000;"Powiat m. Ruda Śląska";372799451,63;378815429,95;383377265,59;417086891,49;450582866,50;464194226,03;503223300,05;511061451,12;519144332,25;627999114,94;
2472011;"Ruda Śląska (1)";372799451,63;378815429,95;383377265,59;417086891,49;450582866,50;464194226,03;503223300,05;511061451,12;519144332,25;627999114,94;
2473000;"Powiat m. Rybnik";436453042,21;412683340,17;417040839,37;449798318,63;443215099,98;491109014,23;520951006,02;571645522,46;556465629,86;847856245,06;
2473011;"Rybnik (1)";436453042,21;412683340,17;417040839,37;449798318,63;443215099,98;491109014,23;520951006,02;571645522,46;556465629,86;847856245,06;
2474000;"Powiat m. Siemianowice Śląskie";159046161,80;168326974,32;182440721,56;195853387,72;202724298,23;241552732,60;241918673,15;226921977,48;233436062,37;297014193,83;
2474011;"Siemianowice Śląskie (1)";159046161,80;168326974,32;182440721,56;195853387,72;202724298,23;241552732,60;241918673,15;226921977,48;233436062,37;297014193,83;
2475000;"Powiat m. Sosnowiec";516662448,00;501553951,07;536063172,92;572530212,05;595747316,49;652862124,71;718042687,85;721001170,63;717731225,62;877813037,65;
2475011;"Sosnowiec (1)";516662448,00;501553951,07;536063172,92;572530212,05;595747316,49;652862124,71;718042687,85;721001170,63;717731225,62;877813037,65;
2476000;"Powiat m. Świętochłowice";94179505,10;101552533,36;102737296,45;116185324,88;116263587,27;155175345,69;143906153,16;163566416,25;147091636,86;182344667,29;
2476011;"Świętochłowice (1)";94179505,10;101552533,36;102737296,45;116185324,88;116263587,27;155175345,69;143906153,16;163566416,25;147091636,86;182344667,29;
2477000;"Powiat m. Tychy";398628997,11;407953642,44;434736624,92;488669186,74;493397396,29;516330766,46;526585900,23;557863904,86;538338220,03;702951488,02;
2477011;"Tychy (1)";398628997,11;407953642,44;434736624,92;488669186,74;493397396,29;516330766,46;526585900,23;557863904,86;538338220,03;702951488,02;
2478000;"Powiat m. Zabrze";451304850,27;438708209,94;446392339,90;476930214,03;525078149,70;573962244,74;575663858,59;593785420,57;585668549,47;727103058,54;
2478011;"Zabrze (1)";451304850,27;438708209,94;446392339,90;476930214,03;525078149,70;573962244,74;575663858,59;593785420,57;585668549,47;727103058,54;
2479000;"Powiat m. Żory";149493288,65;152629000,16;154411004,42;168572583,67;181995291,39;204159354,20;222819455,82;224071685,73;215981981,56;293640994,57;
2479011;"Żory (1)";149493288,65;152629000,16;154411004,42;168572583,67;181995291,39;204159354,20;222819455,82;224071685,73;215981981,56;293640994,57;
2600000;"ŚWIĘTOKRZYSKIE";2002335694,18;2089382085,32;2132777928,18;2292181512,20;2625622320,73;2917317751,32;2912692618,21;3335042664,52;3337876139,70;3832746700,94;
2601000;"Powiat buski";105347861,35;106214470,77;112575668,58;111907845,11;139601167,44;148865834,32;146298778,43;175750833,96;172011219,22;204533223,37;
2601013;"Busko-Zdrój (3)";54736773,95;56042998,36;63340408,18;63341864,10;77148079,27;77483523,45;82368303,36;85325975,38;92336059,33;116960358,11;
2601022;"Gnojno (2)";5882739,46;4955686,80;5403190,09;4190600,27;10408419,67;8613130,63;5779548,28;8895940,91;6584770,23;6944650,85;
2601032;"Nowy Korczyn (2)";7793852,20;7215545,72;6591745,48;6337487,71;;;;;;;
2601033;"Nowy Korczyn (3)";;;;;8352713,80;9694208,56;9807455,22;12753178,97;11100944,45;14166247,88;
2601042;"Pacanów (2)";6963260,90;7636519,63;7838381,44;8567722,78;;;;;;;
2601043;"Pacanów (3)";;;;;8664253,68;10790486,33;10734128,27;14951161,18;13682378,73;15242143,60;
2601052;"Solec-Zdrój (2)";7358397,93;7378046,45;7895841,15;7619408,98;9339132,75;9948931,13;9730898,34;13389101,62;12738687,13;13601412,05;
2601063;"Stopnica (3)";9993948,11;9170479,22;8859115,28;8544129,87;10839379,01;12189268,51;11098859,19;15868404,79;16241744,19;16596982,06;
2601072;"Tuczępy (2)";7121764,00;7275869,72;6815180,94;7217054,01;7920141,66;9395188,80;9085858,83;13045250,15;10297700,66;12284996,51;
2601082;"Wiślica (2)";5497124,80;6539324,87;5831806,02;;;;;;;;
2601083;"Wiślica (3)";;;;6089577,39;6929047,60;10751096,91;7693726,94;11521820,96;9028934,50;8736432,31;
2602000;"Powiat jędrzejowski";110448090,81;113566580,07;115302800,04;122489459,57;142065087,99;167190540,68;165729874,83;204131060,10;206609922,81;237183450,54;
2602012;"Imielno (2)";3544068,52;3770682,02;3944389,42;5811819,92;4799514,59;5257516,72;5236581,27;8407786,58;6779380,66;5765302,95;
2602023;"Jędrzejów (3)";37348274,24;38838144,99;40469128,49;43702664,62;49783733,94;61675810,27;61248913,81;62141953,29;75767692,19;89074965,60;
2602033;"Małogoszcz (3)";18822016,09;18849953,78;20129601,88;20033746,45;22505782,65;26067536,07;27067784,14;31363801,17;30275514,20;40140114,55;
2602042;"Nagłowice (2)";7782123,44;5113334,29;5007568,60;5481412,21;6049432,16;7666251,77;6537446,22;9593994,67;8677961,63;8107529,17;
2602052;"Oksa (2)";3550649,11;3438157,14;3584247,75;3942825,67;4657586,83;5793479,12;5590739,70;8523573,61;7166192,81;6716557,18;
2602063;"Sędziszów (3)";19942050,48;22862084,57;21103843,63;21048595,43;28111100,64;27972246,68;29950317,10;38975090,32;38539714,92;48250030,97;
2602072;"Słupia (2)";4254922,35;4376302,59;4810853,57;4887748,11;6184051,14;7298454,37;6177988,05;10267966,99;8345093,29;8573304,94;
2602082;"Sobków (2)";7848279,86;8210423,10;8272251,58;9219718,67;10725854,30;11298133,08;12316119,17;19119888,97;15698558,56;16664701,33;
2602092;"Wodzisław (2)";7355706,72;8107497,59;7980915,12;8360928,49;9248031,74;14161112,60;;;;;
2602093;"Wodzisław (3)";;;;;;;11603985,37;15737004,50;15359814,55;13890943,85;
2603000;"Powiat kazimierski";33612992,40;34073440,52;34036121,11;37176544,21;41363127,37;56378547,56;47908047,70;69249123,55;65958428,46;68582024,59;
2603012;"Bejsce (2)";2590362,43;2738353,99;3033278,10;3468544,55;3763864,01;7582974,40;4343203,80;8321619,71;6116645,15;6412129,39;
2603022;"Czarnocin (2)";3655959,03;3245397,07;4266515,83;4729264,80;5323423,49;5392726,32;5292601,38;9347093,81;6867375,55;6917771,03;
2603033;"Kazimierza Wielka (3)";18041545,81;16284120,16;16878832,94;18205554,05;20432265,57;26074921,67;23379718,90;28970546,30;33274401,56;35454812,04;
2603042;"Opatowiec (2)";3207767,60;3282978,91;3891973,21;4004217,70;;;;;;;
2603043;"Opatowiec (3)";;;;;4451767,21;5874931,13;5764879,18;8837908,09;6813443,87;6712341,22;
2603053;"Skalbmierz (3)";6117357,53;8522590,39;5965521,03;6768963,11;7391807,09;11452994,04;9127644,44;13771955,64;12886562,33;13084970,91;
2604000;"Powiat kielecki";270734830,24;292292497,25;297478440,01;331372083,36;414700592,00;482947988,52;480205981,90;535565105,26;529822756,53;628685262,61;
2604012;"Bieliny (2)";7651089,58;7121471,53;8054563,61;9914451,52;10324340,34;17596760,27;19153878,78;22232903,95;19245622,63;18499313,45;
2604023;"Bodzentyn (3)";11014437,80;11258024,73;11118315,20;12576325,65;17721311,13;20184581,36;15626829,76;20439786,68;20039151,20;26220723,25;
2604033;"Chęciny (3)";23785319,34;31502471,00;24011326,58;24432926,55;28057432,73;33648816,62;42335366,61;40446764,52;44764440,22;52232720,70;
2604043;"Chmielnik (3)";13911444,16;14333504,30;14397150,90;15638387,25;18648240,06;23616702,88;21444130,71;26609514,96;25676483,57;32248236,21;
2604053;"Daleszyce (3)";17643269,02;18879259,27;21914976,22;25122992,19;28610458,19;32532249,55;35699807,61;38463182,74;36925008,48;42926555,24;
2604062;"Górno (2)";11725666,59;11877012,50;13095592,13;15110157,55;23861598,90;28342101,07;25127274,80;30511838,03;28440900,96;38009219,65;
2604072;"Łagów (2)";9728613,16;9797830,28;10020615,01;;;;;;;;
2604073;"Łagów (3)";;;;11281558,15;20252669,97;15202002,55;16878510,81;20845670,90;17474187,64;21466556,76;
2604082;"Łopuszno (2)";5731528,16;6725522,13;7636234,21;9533997,00;12881331,28;14868097,01;11816489,88;15276088,71;;;
2604083;"Łopuszno (3)";;;;;;;;;13709161,74;15642205,88;
2604092;"Masłów (2)";15351295,41;17900058,45;18947085,07;21803419,46;22732317,78;27174616,01;27874441,72;35210438,02;33104460,05;40016004,29;
2604102;"Miedziana Góra (2)";12566372,23;15704430,96;16074345,11;17741091,37;18426571,73;26794601,03;22785808,93;26839431,30;26474602,17;34952000,64;
2604112;"Mniów (2)";7429013,02;6457355,50;6922929,93;7073722,27;9905725,19;12218090,15;10833968,31;12919345,68;10942946,11;11907915,49;
2604122;"Morawica (2)";29183701,84;28562874,31;;;;;;;;;
2604123;"Morawica (3)";;;30471352,96;37826614,93;49873744,45;53571153,70;57379853,89;54045230,29;62391308,62;72862069,49;
2604132;"Nowa Słupia (2)";9557964,14;9500202,46;10105969,16;10873788,24;;;;;;;
2604133;"Nowa Słupia (3)";;;;;18376667,21;21210769,72;17152039,28;20375049,40;23814171,23;31816790,93;
2604142;"Piekoszów (2)";22154722,41;26897652,73;23455801,51;26661455,74;37348323,76;38533521,77;42579845,54;42960431,74;;;
2604143;"Piekoszów (3)";;;;;;;;;40745544,97;47212128,84;
2604152;"Pierzchnica (2)";5861185,35;4650444,79;5361215,36;5193767,62;;;;;;;
2604153;"Pierzchnica (3)";;;;;6314813,55;9844901,57;8037683,97;12558006,02;11074672,12;8603135,83;
2604162;"Raków (2)";6344085,15;5722494,75;5975181,61;6775545,99;8492164,02;16105834,63;10061853,94;11674629,63;10299883,01;12470539,81;
2604172;"Nowiny (2)";33255469,17;36103160,32;37192752,18;39065944,29;41305368,18;41613576,39;44751276,99;49166427,38;50892957,65;56863401,31;
2604182;"Strawczyn (2)";10978593,19;11898876,51;14475202,76;13930813,22;19190237,54;20979226,15;24471172,81;24241712,33;25223712,70;29164972,35;
2604192;"Zagnańsk (2)";16861060,52;17399850,73;18247830,50;20815124,37;22377275,99;28910386,09;26195747,56;30748652,98;28583541,46;35570772,49;
2605000;"Powiat konecki";98473862,13;101369017,97;102926660,81;111130545,62;129603370,53;162091048,29;151551899,17;172847403,73;169213499,33;179025662,77;
2605012;"Fałków (2)";4629104,06;4744716,47;4881219,11;5101422,32;7362926,38;6928323,40;7482238,51;13252480,68;9016951,59;8546704,54;
2605022;"Gowarczów (2)";3572565,59;3743184,57;4076625,37;4295391,08;6232302,25;6392610,24;6774414,77;9546456,68;8565789,72;;
2605023;"Gowarczów (3)";;;;;;;;;;9806625,10;
2605033;"Końskie (3)";60459152,99;61431869,94;62321920,51;67273520,94;77292739,11;101511610,37;84240551,29;86657501,33;88920235,81;97755250,12;
2605042;"Radoszyce (2)";5577491,64;5807869,70;6090398,84;;;;;;;;
2605043;"Radoszyce (3)";;;;6397400,17;7257567,26;9929511,61;9963041,29;12730007,13;11502929,03;12302731,60;
2605052;"Ruda Maleniecka (2)";2891538,41;3150482,36;3327119,35;3802748,94;5029333,43;5127563,39;5672657,78;8110484,58;5749648,67;6874960,26;
2605062;"Słupia Konecka (2)";2470785,55;2588644,72;2846593,11;2988655,74;3451156,92;5715325,03;4718908,69;6683349,71;4362212,39;4307782,55;
2605072;"Smyków (2)";2656146,91;3059196,91;3146687,32;3575981,62;3750669,26;5135437,32;5404251,79;8989710,80;13947141,46;8532923,39;
2605083;"Stąporków (3)";16217076,98;16843053,30;16236097,20;17695424,81;19226675,92;21350666,93;27295835,05;26877412,82;27148590,66;30898685,21;
2606000;"Powiat opatowski";71851313,85;74765789,47;73349434,41;76137107,60;89952237,68;107842293,25;102155327,97;134093787,92;129361880,76;139145668,28;
2606012;"Baćkowice (2)";7308661,76;6536639,60;6980236,90;7301201,44;9343319,17;14588428,63;12046534,69;17291616,71;18074208,90;18721494,85;
2606022;"Iwaniska (2)";4669290,49;5266275,58;5589311,85;5543731,97;6005734,27;11163537,26;8517422,88;;;;
2606023;"Iwaniska (3)";;;;;;;;11155034,15;13749577,37;12021537,15;
2606032;"Lipnik (2)";4223332,51;5453944,22;4878788,18;5393575,11;5884346,52;7860587,34;6627663,26;10980444,61;10234370,68;9595875,06;
2606043;"Opatów (3)";14327091,33;15946181,14;16466951,67;16487727,67;20838471,80;18756619,17;18870938,96;25868607,49;23650624,95;28005450,25;
2606053;"Ożarów (3)";26904949,83;28960613,45;26816982,14;27972683,08;32489854,80;37006035,93;39107423,03;40090160,81;41748059,17;46324870,67;
2606062;"Sadowie (2)";3481790,30;3645207,08;3656752,32;3994587,38;5303845,63;6137428,98;5551378,22;7540642,03;7712159,22;6718121,27;
2606072;"Tarłów (2)";5398929,59;3978936,96;3834906,23;4109240,43;4522180,63;5110060,40;5260630,47;9693203,67;6265185,76;7363029,67;
2606082;"Wojciechowice (2)";5537268,04;4977991,44;5125505,12;5334360,52;5564484,86;7219595,54;6173336,46;11474078,45;7927694,71;10395289,36;
2607000;"Powiat ostrowiecki";160464194,85;166956323,63;169656973,35;179229646,14;215880196,00;216549698,67;224169950,10;245975215,82;274665679,56;288721488,53;
2607011;"Ostrowiec Świętokrzyski (1)";114297073,87;121278496,23;122384027,77;128234817,88;156491575,76;146845312,20;156696795,03;164407662,61;187345293,15;201931596,59;
2607022;"Bałtów (2)";4155095,38;4790560,38;4526404,31;4841726,15;5085546,90;9237057,49;6147873,19;9569744,70;9665230,88;8882845,20;
2607032;"Bodzechów (2)";19129738,00;17477192,94;18117599,85;19870508,07;22157077,71;23681043,12;23332721,59;26061094,41;29055473,49;29732133,46;
2607043;"Ćmielów (3)";6877584,05;6813451,08;7006475,21;7457960,16;8144471,94;8927076,41;9711210,41;12119270,64;10582288,58;10256842,64;
2607053;"Kunów (3)";11177393,56;11353025,79;11966698,53;12115332,39;16318224,30;16973950,51;20710930,11;21137691,13;25513584,66;27714904,47;
2607062;"Waśniów (2)";4827309,99;5243597,21;5655767,68;6709301,49;7683299,39;10885258,94;7570419,77;12679752,33;12503808,80;10203166,17;
2608000;"Powiat pińczowski";57600998,64;54335684,05;55596421,12;59440615,11;67487729,87;78740504,91;76283071,66;93864289,43;94989675,94;110344828,10;
2608013;"Działoszyce (3)";5315563,10;5357729,99;4944320,23;5151420,09;6209892,07;10348216,99;7222736,69;10485882,92;8188521,82;9284599,64;
2608022;"Kije (2)";7431609,53;6482070,46;5544388,69;6144073,63;6465236,49;7866220,90;8890888,64;12602650,12;10611124,18;13607241,15;
2608032;"Michałów (2)";4746975,96;4508859,65;4723799,61;4970808,37;5863348,95;6791517,70;6290640,06;10099520,48;9992463,38;10081988,51;
2608043;"Pińczów (3)";36284227,39;34254861,10;35635141,05;37538824,25;43991093,42;47999909,13;48167736,42;50957877,48;58430575,70;68920182,01;
2608052;"Złota (2)";3822622,66;3732162,85;4748771,54;5635488,77;4958158,94;5734640,19;5711069,85;9718358,43;7766990,86;8450816,79;
2609000;"Powiat sandomierski";112951663,79;112226551,24;113880488,64;121762156,06;137560737,47;156217071,39;151814647,35;185425032,86;169305012,40;191386230,83;
2609011;"Sandomierz (1)";60625574,90;61353700,77;62703219,85;65480079,30;71036120,22;71654183,53;76389890,95;83705341,50;85238964,79;97452481,16;
2609022;"Dwikozy (2)";8367006,74;8633269,08;8000839,24;8839550,37;9718641,58;13409518,87;11229848,13;13079659,56;13066192,70;13105655,97;
2609032;"Klimontów (2)";5466510,66;5377992,88;5724669,72;6346286,95;9745192,23;;;;;;
2609033;"Klimontów (3)";;;;;;16870155,02;10472643,03;16055935,44;15043558,89;14348319,52;
2609043;"Koprzywnica (3)";6592063,16;6080029,87;6133595,93;6929441,53;8383578,13;11912790,80;9817209,47;14746895,26;10161873,85;10572736,63;
2609052;"Łoniów (2)";7956734,12;7247743,05;8178904,11;8375410,84;9483214,62;11561287,23;11653452,79;13939232,52;12208042,97;13413797,92;
2609062;"Obrazów (2)";8928038,27;7838957,75;7091017,76;7739395,18;8615183,69;9252376,08;9765573,53;13145954,70;10140342,90;13071638,23;
2609072;"Samborzec (2)";6881974,62;6931473,83;7408349,66;8830572,33;10968584,69;10779263,94;11103814,08;13771136,63;11707778,04;15005880,25;
2609082;"Wilczyce (2)";3654602,35;3564794,58;3821457,78;4069115,17;4258451,26;4888897,41;5742673,16;8077303,83;5563142,04;6139931,21;
2609093;"Zawichost (3)";4479158,97;5198589,43;4818434,59;5152304,39;5351771,05;5888598,51;5639542,21;8903573,42;6175116,22;8275789,94;
2610000;"Powiat skarżyski";109512906,57;121942267,90;122393618,26;124120698,50;144397919,97;163641955,53;164986242,28;182439247,60;185209354,14;217606813,80;
2610011;"Skarżysko-Kamienna (1)";79260108,53;84498953,81;85633596,45;84102872,73;96120564,23;101787568,37;109049528,05;110992400,52;117998002,97;138192813,27;
2610022;"Bliżyn (2)";7187454,44;7167636,67;7442040,39;8723574,64;11597936,72;10978490,27;11556686,60;14838446,37;13478857,72;18218805,36;
2610032;"Łączna (2)";5038502,65;5861174,04;5230960,25;5668150,27;6394307,33;7731258,95;8881954,89;13167832,89;10074970,07;12224070,35;
2610042;"Skarżysko Kościelne (2)";6023294,15;6485485,18;6667891,30;7060401,08;9791656,17;10611968,35;9400436,47;12343165,06;10284919,59;13597580,71;
2610053;"Suchedniów (3)";12003546,80;17929018,20;17419129,87;18565699,78;20493455,52;32532669,59;26097636,27;31097402,76;33372603,79;35373544,11;
2611000;"Powiat starachowicki";114268433,14;123402631,16;131802250,25;144853220,23;172616524,95;212643074,48;200785280,01;239014232,87;214776147,62;254111887,54;
2611011;"Starachowice (1)";82310147,81;87665445,96;94153893,84;101879563,89;119102893,72;136628801,95;139485092,15;159403044,94;141857467,29;170024655,27;
2611022;"Brody (2)";8724174,47;9486445,44;10171239,69;11301500,01;14179216,74;23782964,47;15835492,73;18639548,81;16612126,98;18961450,37;
2611032;"Mirzec (2)";6961902,83;7206887,69;7865593,48;9803246,81;10972475,15;14125821,40;14934989,83;17488616,95;20703563,64;18599006,00;
2611042;"Pawłów (2)";8939877,49;11432230,25;11492213,36;13209728,19;18684741,86;25690956,84;18671105,20;28770458,99;21994926,25;29645607,23;
2611053;"Wąchock (3)";7332330,54;7611621,82;8119309,88;8659181,33;9677197,48;12414529,82;11858600,10;14712563,18;13608063,46;16881168,67;
2612000;"Powiat staszowski";126523241,59;125604460,42;127512203,08;139606750,41;158911904,39;168704048,45;176401271,82;202341288,44;209278432,61;221449765,26;
2612012;"Bogoria (2)";12267383,91;11120930,25;11933367,78;13812448,47;15985970,02;20861295,41;20882127,93;25034304,45;22255987,24;;
2612013;"Bogoria (3)";;;;;;;;;;23460842,95;
2612022;"Łubnice (2)";3094640,68;3146524,40;3222589,46;3956896,33;3527455,13;6183721,65;5001737,86;7898624,36;6306341,81;6969652,29;
2612032;"Oleśnica (2)";5162054,28;5420731,94;5447819,92;5929132,73;;;;;;;
2612033;"Oleśnica (3)";;;;;7596592,32;7292033,12;7022509,62;10516200,44;7203100,83;9522315,57;
2612043;"Osiek (3)";12179866,59;12082994,50;12178242,00;12327796,00;12604797,71;13108866,22;13771256,48;17030628,35;16208480,49;16792386,39;
2612053;"Połaniec (3)";46577390,10;44770461,34;42077304,53;49035244,76;56212191,09;49558136,19;49063136,01;57474783,77;73343113,83;74815482,08;
2612062;"Rytwiany (2)";5386541,35;5876692,88;6817392,45;6693045,11;8567990,90;11602623,38;10072772,13;12136821,79;11113780,74;13788273,06;
2612073;"Staszów (3)";35611965,05;37697087,21;39860314,55;41051801,59;46663568,58;51958320,64;62857694,37;61283915,93;63461482,85;66707591,22;
2612082;"Szydłów (2)";6243399,63;5489037,90;5975172,39;6800385,42;;;;;;;
2612083;"Szydłów (3)";;;;;7753338,64;8139051,84;7730037,42;10966009,35;9386144,82;9393221,70;
2613000;"Powiat włoszczowski";54850888,16;62711846,97;59560331,68;65155595,42;79844552,54;91514760,93;88054539,66;111697892,16;104705746,88;120032924,83;
2613012;"Kluczewsko (2)";3903208,35;4975805,33;4064166,98;4364146,43;5509696,64;10095205,49;6104548,05;10723147,99;8912509,16;8778739,91;
2613022;"Krasocin (2)";14405668,84;19694297,00;15079284,34;16924426,72;20304062,82;20426112,94;21829042,84;28243036,07;25195533,17;27909652,25;
2613032;"Moskorzew (2)";2348781,80;2414734,55;2551978,75;2883125,34;4773786,05;4030074,34;4377606,08;7470920,67;5679367,98;6439379,67;
2613042;"Radków (2)";2208650,28;2448303,38;2331046,25;2484728,05;3032201,88;5301375,21;3288976,52;7565947,33;6551771,09;7100500,64;
2613052;"Secemin (2)";4111056,79;4418299,65;4707621,76;5169874,95;6820937,04;7348609,97;6728592,46;10077845,32;9828647,61;9605159,74;
2613063;"Włoszczowa (3)";27873522,10;28760407,06;30826233,60;33329293,93;39403868,11;44313382,98;45725773,71;47616994,78;48537917,87;60199492,62;
2661000;"Powiat m. Kielce";575694416,66;599920523,90;616706516,84;667799244,86;691637172,53;703990384,34;736347705,33;782648150,82;811968383,44;971937469,89;
2661011;"Kielce (1)";575694416,66;599920523,90;616706516,84;667799244,86;691637172,53;703990384,34;736347705,33;782648150,82;811968383,44;971937469,89;
2800000;"WARMIŃSKO-MAZURSKIE";2640270095,89;2643278728,78;2748192887,62;3004503684,95;3295206122,15;3586890302,32;3880749721,81;4297424698,60;4239080118,08;4922655040,00;
2801000;"Powiat bartoszycki";86218913,76;84606589,05;88660607,32;93689203,92;104370730,84;122185548,31;118243217,20;135100848,27;131241306,30;179477218,59;
2801011;"Bartoszyce (1)";36502340,67;37550162,51;38972191,22;42432747,13;45066113,01;49112080,81;48888842,78;52049963,99;50131202,38;66740517,70;
2801021;"Górowo Iławeckie (1)";5808697,52;6690192,10;6637918,34;7010304,20;7177342,67;9090949,06;8110260,13;10513230,77;8280274,28;9399229,18;
2801032;"Bartoszyce (2)";16127864,68;14797065,21;15746216,66;16111844,87;16268656,82;20991485,38;28171015,94;27329675,20;31565497,59;38808056,85;
2801043;"Bisztynek (3)";11065859,19;8424767,79;8544944,87;10831199,23;11225070,75;13326223,90;10381929,41;15016679,53;14654970,89;34028392,15;
2801052;"Górowo Iławeckie (2)";9603825,13;8810098,56;9703145,28;9491003,53;15194253,61;15758499,33;11795449,91;17396446,00;15290590,38;18259092,22;
2801063;"Sępopol (3)";7110326,57;8334302,88;9056190,95;7812104,96;9439293,98;13906309,83;10895719,03;12794852,78;11318770,78;12241930,49;
2802000;"Powiat braniewski";61469905,78;62442662,16;67209029,26;67417446,90;76829029,31;84645398,64;89848535,53;108377403,04;98823871,08;120021463,52;
2802011;"Braniewo (1)";24561794,18;26403352,77;27487403,12;29544560,92;34007118,71;37774041,50;40816569,15;40896334,03;41870576,49;52928239,94;
2802022;"Braniewo (2)";8414770,30;8624695,44;9142950,97;9274747,60;11121672,13;11029451,45;11807012,06;15001733,06;17391588,31;17641817,49;
2802033;"Frombork (3)";5147326,79;5261738,51;5614995,82;5634057,54;5867558,72;6705892,31;7719630,53;10981447,60;7776145,10;8621591,32;
2802042;"Lelkowo (2)";3514003,99;3380987,21;3415341,29;3386418,73;3633522,41;5711385,02;3931054,60;8569895,25;5138639,33;5552940,01;
2802053;"Pieniężno (3)";7728357,80;7865220,78;8541970,21;8160125,73;10322758,97;10173749,84;13423470,20;12809619,21;11246005,25;17479331,87;
2802062;"Płoskinia (2)";5967376,31;6667009,02;8087680,79;6812537,75;7058641,91;7936062,04;7172846,06;11808856,41;8377847,48;10123909,83;
2802072;"Wilczęta (2)";6136276,41;4239658,43;4918687,06;4604998,63;4817756,46;5314816,48;4977952,93;8309517,48;7023069,12;7673633,06;
2803000;"Powiat działdowski";83126347,17;85237094,02;88867811,18;94220539,41;109758513,35;128050155,32;126660152,62;149221815,29;123957302,62;153315580,40;
2803011;"Działdowo (1)";30797409,87;32779931,89;36860533,35;35983090,38;37369603,23;46734899,72;49261303,13;53380937,98;46302079,03;63206397,61;
2803022;"Działdowo (2)";14223512,50;10865660,94;10240345,62;11861899,65;14500750,22;18067345,12;17174148,49;20451598,61;20436279,34;19274476,55;
2803032;"Iłowo-Osada (2)";6382281,64;8192599,31;7446606,85;8478526,96;9032182,66;11885548,21;8851049,93;12849463,02;9901889,21;12088244,59;
2803043;"Lidzbark (3)";15194090,18;17020862,46;17732055,59;18052014,50;21423871,08;24485759,14;22916979,96;29559986,43;25176862,38;30947518,21;
2803052;"Płośnica (2)";7842172,10;8288081,74;8595296,55;9138014,41;12510010,17;9876391,59;12930438,29;16073729,88;8329799,72;14972713,05;
2803062;"Rybno (2)";8686880,88;8089957,68;7992973,22;10706993,51;14922095,99;17000211,54;15526232,82;16906099,37;13810392,94;12826230,39;
2804000;"Powiat elbląski";84392014,36;87657946,96;88366159,71;96392087,95;104977678,00;126747906,24;129025641,15;164276549,22;158831342,75;170210865,07;
2804012;"Elbląg (2)";15632640,93;16372674,50;17932206,95;19667072,41;25061555,32;25479307,02;33006215,98;34024022,24;34693682,22;35916338,01;
2804022;"Godkowo (2)";4132901,30;3566334,64;3715421,99;3913301,17;4548005,73;6165851,90;5805114,78;7866229,07;7550771,93;7949176,78;
2804032;"Gronowo Elbląskie (2)";6901593,91;6256426,13;6867218,87;6834349,04;8070643,55;9177330,25;10813475,25;13784039,30;11375420,77;15555913,68;
2804042;"Markusy (2)";3863094,33;3904484,07;4109021,69;4290969,95;4543015,72;7212292,33;6306649,21;10052789,44;7127956,15;7862480,90;
2804052;"Milejewo (2)";5360971,84;5866920,61;6271972,40;6364717,25;7104869,69;7546261,32;8307541,34;13477354,74;10731683,91;11045280,07;
2804063;"Młynary (3)";7369978,20;7734491,34;7375882,18;7627607,53;8463002,88;11447400,73;10527076,99;12637296,72;12011514,79;13030873,99;
2804073;"Pasłęk (3)";27258139,87;28787361,29;27720374,99;31787432,24;32347016,92;36245277,80;36524471,69;45550590,03;54973912,60;51934852,76;
2804082;"Rychliki (2)";4509072,44;4739046,17;4903085,51;5903755,39;5417515,81;10109463,26;6680624,23;10282172,43;8244267,64;9398446,88;
2804093;"Tolkmicko (3)";9363621,54;10430208,21;9470975,13;10002882,97;9422052,38;13364721,63;11054471,68;16602055,25;12122132,74;17517502,00;
2805000;"Powiat ełcki";142397423,58;146109220,24;160898092,24;201280840,71;201533917,99;231738614,00;254441814,91;250944534,52;242365130,27;281055808,10;
2805011;"Ełk (1)";98111012,06;100123767,99;112370763,93;136828218,22;137450685,26;151647864,35;167096343,47;163376344,65;158401243,93;184452160,41;
2805022;"Ełk (2)";22409458,46;24054737,08;26926002,87;40316817,69;35640723,02;40365717,75;53359043,57;43494291,22;45760786,57;51684569,07;
2805032;"Kalinowo (2)";6456631,81;6595895,83;6656560,70;7691873,62;10970255,50;16141614,40;11154075,13;13886676,80;13453342,00;15721148,80;
2805042;"Prostki (2)";10647741,03;9303903,07;9667556,36;10856505,45;11141814,63;16547988,28;14518158,58;18338242,62;15771557,41;19405718,31;
2805052;"Stare Juchy (2)";4772580,22;6030916,27;5277208,38;5587425,73;6330439,58;7035429,22;8314194,16;11848979,23;8978200,36;9792211,51;
2806000;"Powiat giżycki";96790102,82;97763589,13;98504323,27;114657127,19;119702850,61;136083315,82;144600474,36;161431056,79;153784143,73;175108199,66;
2806011;"Giżycko (1)";48801549,35;50510193,97;50835432,54;61912819,75;64249492,41;70053756,68;70277182,21;74808736,55;75766734,24;85664120,40;
2806042;"Giżycko (2)";19940338,00;20119825,06;21671482,31;22557945,76;23717227,99;29593336,06;31228815,61;32306734,71;33217912,05;40283221,04;
2806052;"Kruklanki (2)";4638662,25;5529223,78;5214775,90;5888982,29;5986091,43;6746215,03;7235141,95;10272076,65;8147630,37;8769592,53;
2806062;"Miłki (2)";8060011,48;5686340,37;6039436,28;8052631,97;6075060,98;7739974,04;7935779,98;10516713,92;9449693,12;9899167,47;
2806083;"Ryn (3)";7773271,53;9073608,80;8203184,15;9006723,44;11439459,03;13782071,03;14823600,95;16000758,10;12909604,09;15966035,35;
2806102;"Wydminy (2)";7576270,21;6844397,15;6540012,09;7238023,98;8235518,77;8167962,98;13099953,66;17526036,86;14292569,86;14526062,87;
2807000;"Powiat iławski";141446502,25;151166020,93;170021327,79;176097009,70;191828245,09;219257241,80;221389834,50;250004471,16;249110860,02;308643832,25;
2807011;"Iława (1)";58067793,68;63652902,28;66708758,42;72514687,74;77819882,55;85752552,33;84844772,47;85354421,67;94605360,78;115427899,08;
2807021;"Lubawa (1)";21823182,50;21490278,21;23541494,24;24102285,11;27117546,03;32401926,02;29588229,66;32251404,38;39768178,96;41533417,20;
2807032;"Iława (2)";15399044,70;17033438,59;18276705,25;20749831,74;23799633,06;28058611,73;33431367,38;35241784,45;35228798,94;55295554,02;
2807043;"Kisielice (3)";10020223,96;9922892,50;18227357,05;12071713,11;9989596,87;12951888,30;12174759,04;23706795,77;14576247,26;15411091,26;
2807052;"Lubawa (2)";9257799,70;10448556,34;12075955,58;13472531,15;17317393,81;16559441,18;16468106,42;24184828,38;17752350,71;23787756,55;
2807063;"Susz (3)";18091019,45;19178378,80;20695650,71;21889509,54;23509400,98;27732830,18;27584694,14;30283773,85;31867334,45;39135612,47;
2807073;"Zalewo (3)";8787438,26;9439574,21;10495406,54;11296451,31;12274791,79;15799992,06;17297905,39;18981462,66;15312588,92;18052501,67;
2808000;"Powiat kętrzyński";89734650,00;94583812,71;97032954,12;94043807,48;109820888,52;124251109,14;141977537,13;150700744,93;134529479,98;159281416,37;
2808011;"Kętrzyn (1)";39726637,29;42394502,17;40764990,59;43426194,97;48842362,55;55645347,79;62946784,44;59298386,88;55229100,99;66902038,90;
2808022;"Barciany (2)";10693059,28;8959798,96;9011131,02;8076364,27;10985055,64;11320999,20;19072792,47;17032617,79;16174886,96;17520191,58;
2808032;"Kętrzyn (2)";11089157,65;11805079,75;12711989,31;11790834,89;15348531,65;18240771,45;17962843,88;18429855,38;20259204,51;20094838,48;
2808043;"Korsze (3)";13599796,67;15016931,23;19377542,66;14240099,61;15155855,69;18999479,14;19748610,06;26288768,70;20570139,50;25743646,02;
2808053;"Reszel (3)";10007508,71;10462032,04;10756570,52;11869516,11;13858111,40;13842985,55;15385760,72;18845121,99;16079511,82;20504199,59;
2808062;"Srokowo (2)";4618490,40;5945468,56;4410730,02;4640797,63;5630971,59;6201526,01;6860745,56;10805994,19;6216636,20;8516501,80;
2809000;"Powiat lidzbarski";79704147,07;73114703,58;72323091,39;76333726,25;80250292,96;99275783,24;93941049,64;112471471,61;109794491,59;120150359,72;
2809011;"Lidzbark Warmiński (1)";43034872,04;38417022,09;34889058,64;35542516,71;37578364,89;46886769,23;44295741,48;47697891,05;46235481,44;55668486,61;
2809022;"Kiwity (2)";4523115,83;4519723,42;4895628,08;6410829,36;5466128,30;7024525,09;6127665,89;9587765,51;8722659,25;9441898,64;
2809032;"Lidzbark Warmiński (2)";9710949,78;10243477,48;9611897,98;12574871,31;12554052,70;15835485,73;14940006,50;18822964,65;20328442,32;18985567,58;
2809042;"Lubomino (2)";4144313,82;3959983,43;4449441,37;4371697,50;5640595,51;8172127,65;6403189,46;9500830,17;8242116,54;8263372,31;
2809053;"Orneta (3)";18290895,60;15974497,16;18477065,32;17433811,37;19011151,56;21356875,54;22174446,31;26862020,23;26265792,04;27791034,58;
2810000;"Powiat mrągowski";92375211,96;92065736,37;103704615,66;106066862,65;117151731,87;132668097,47;143550914,50;159459193,21;163155981,68;161557973,18;
2810011;"Mrągowo (1)";41939480,95;42821819,75;46782662,17;50843921,79;53109298,31;57952392,75;65381468,33;61680535,72;79678820,03;69270982,40;
2810023;"Mikołajki (3)";23296353,11;19954712,99;27312640,77;21497465,52;27371712,28;33200295,70;30720295,33;37927161,63;34556625,31;32994841,06;
2810032;"Mrągowo (2)";13638160,74;14055522,44;12921995,73;15898965,00;17184943,84;16468454,47;22243850,88;25673855,92;21688511,68;27692421,75;
2810042;"Piecki (2)";8372459,85;9005269,42;10555291,55;11122444,99;12410306,36;17116185,68;15966097,75;19768647,59;17209774,75;20414994,91;
2810052;"Sorkwity (2)";5128757,31;6228411,77;6132025,44;6704065,35;7075471,08;7930768,87;9239202,21;14408992,35;10022249,91;11184733,06;
2811000;"Powiat nidzicki";40889481,19;43050495,59;43020719,56;48516245,46;54569663,30;66200375,00;65844636,89;78683055,83;67343301,66;86906789,51;
2811012;"Janowiec Kościelny (2)";2074520,15;2370449,34;2780258,45;2903590,25;2730639,67;3615678,70;3649159,26;6345955,74;3731967,25;5618472,51;
2811022;"Janowo (2)";3636737,88;3032904,07;2713572,25;3127087,21;3060393,09;5067886,42;3617364,33;6964402,12;4277430,90;4706440,67;
2811032;"Kozłowo (2)";4168787,41;5626414,06;5679000,83;5933488,70;6115417,92;8119472,74;7981338,42;13543397,56;11588500,56;12316583,23;
2811043;"Nidzica (3)";31009435,75;32020728,12;31847888,03;36552079,30;42663212,62;49397337,14;50596774,88;51829300,41;47745402,95;64265293,10;
2812000;"Powiat nowomiejski";49462643,13;53354591,46;58237258,61;62613101,50;81436781,73;84027176,02;88832016,67;108246123,05;96086984,99;118355597,21;
2812011;"Nowe Miasto Lubawskie (1)";16716143,29;18435871,48;20531923,51;21118097,78;23849245,46;25413616,61;30880589,90;32180182,00;25754072,63;33056969,55;
2812022;"Biskupiec (2)";11264769,50;10533658,20;11637823,48;12175649,73;16907520,70;15270598,01;14955306,02;19474261,99;17852305,92;27026856,92;
2812032;"Grodziczno (2)";4744455,93;5116146,47;5849596,21;6231437,60;8828845,58;11557301,92;8181126,66;14566428,88;8451168,90;9911547,39;
2812042;"Kurzętnik (2)";9660949,35;11146699,33;10754416,01;13198591,79;17192182,57;18186958,46;18372907,94;21236395,55;19881019,64;29937345,58;
2812052;"Bratian (2)";7076325,06;8122215,98;9463499,40;9889324,60;14658987,42;13598701,02;16442086,15;20788854,63;24148417,90;18422877,77;
2813000;"Powiat olecki";57434830,17;55124402,53;57215445,79;63083714,92;68823356,50;73789278,21;80482244,29;105805315,07;94394949,99;110011636,63;
2813032;"Kowale Oleckie (2)";7245099,32;6685652,77;6533060,71;6579532,40;9624254,11;10203767,71;9447963,32;14058731,98;11440006,07;13013912,76;
2813043;"Olecko (3)";40872888,92;38978005,78;40678122,14;45900185,12;46050109,67;50271331,06;58085082,93;73683782,57;69498222,72;81547129,18;
2813052;"Świętajno (2)";4896649,18;4558689,32;4841628,21;5261654,25;5938701,34;6666734,92;6234610,31;8878978,12;6475529,96;8055709,32;
2813062;"Wieliczki (2)";4420192,75;4902054,66;5162634,73;5342343,15;7210291,38;6647444,52;6714587,73;9183822,40;6981191,24;7394885,37;
2814000;"Powiat olsztyński";216388878,35;222509793,40;237186477,86;275078880,24;332043486,62;374482599,79;413019665,80;463109702,12;456206004,83;526673244,91;
2814013;"Barczewo (3)";25913269,56;28726304,53;29294346,92;34977470,67;39298821,28;42391297,60;45060398,38;49542363,43;52004633,17;61750940,57;
2814023;"Biskupiec (3)";26731611,05;25674166,01;28123745,85;34875790,38;44909727,49;46562236,29;63515074,16;59539246,86;64543829,33;61099091,62;
2814033;"Dobre Miasto (3)";24183554,96;25302621,75;26300172,08;27426927,50;31824336,89;30986164,03;36926646,70;39442791,40;37281405,56;44554032,77;
2814042;"Dywity (2)";27807040,72;28844525,25;29961201,14;32720410,65;37719425,06;41110604,96;45326393,44;55409206,44;49250321,75;64149603,02;
2814052;"Gietrzwałd (2)";12540773,34;13018261,72;14573781,14;17008606,46;22653692,25;35178762,97;25449523,27;34710558,01;27620957,88;33036510,27;
2814063;"Jeziorany (3)";11207225,62;9614844,54;9911798,27;12531801,40;15915776,36;19855771,51;29245119,98;33502041,49;25191624,70;19826585,83;
2814072;"Jonkowo (2)";14411313,37;14201805,14;15214412,20;16812626,38;19168465,33;22704202,46;22783828,16;25062301,02;23774016,64;31057267,36;
2814082;"Kolno (2)";4214848,66;4111424,92;4799442,12;5099506,67;5319595,65;6088599,02;5205557,54;9190355,20;6697809,41;8106566,62;
2814093;"Olsztynek (3)";20840965,27;23891681,78;25484536,52;27060266,16;31243229,05;34580323,99;40002495,66;39598506,27;44205223,73;52756205,21;
2814102;"Purda (2)";14137346,62;15654840,49;16227512,69;17590458,36;19816931,78;28759686,60;25158256,70;33859515,19;33951711,26;39827476,57;
2814112;"Stawiguda (2)";29446801,15;27786931,31;31964334,75;43178849,71;57714605,02;59224943,07;66557746,11;71996387,14;82613102,39;99607651,07;
2814122;"Świątki (2)";4954128,03;5682385,96;5331194,18;5796165,90;6458880,46;7040007,29;7788625,70;11256429,67;9071369,01;10901314,00;
2815000;"Powiat ostródzki";163390370,86;169839947,84;173678792,84;193538617,67;210326510,53;211268040,75;223388313,74;253998141,76;256562683,26;292745170,12;
2815011;"Ostróda (1)";50035816,16;62213329,54;58151241,55;60508093,82;76276979,40;71604180,35;76296227,81;76646686,93;83321665,48;97363424,58;
2815022;"Dąbrówno (2)";7892870,61;6118559,55;5574260,77;5982839,83;6046690,64;8460334,22;8913753,29;11871986,70;11211210,03;11937135,98;
2815032;"Grunwald (2)";7867298,61;7610700,77;9125375,14;10203621,93;9222181,83;10572707,27;9642933,08;12474529,45;9861560,47;13406080,11;
2815042;"Łukta (2)";5607519,14;6137249,08;6326981,37;9748256,10;6479488,92;7306186,38;8759826,23;11630619,72;9177855,05;10581968,97;
2815052;"Małdyty (2)";7751395,21;8467383,83;8673450,27;9330581,93;12002251,60;11212386,94;10460964,40;15168084,04;13772413,09;14964379,30;
2815063;"Miłakowo (3)";5822768,23;6498894,26;6379843,26;7218896,08;7634514,54;8414208,61;8630984,32;12826405,89;9466698,34;11909944,51;
2815073;"Miłomłyn (3)";6012130,68;7074719,49;8053768,64;7324224,38;8286536,34;8789897,43;10449731,11;12684678,30;9785648,18;11864143,18;
2815083;"Morąg (3)";47515379,07;38720111,52;41374111,88;42990481,77;50610145,75;45519464,34;48179828,75;55546798,01;54008147,08;66128770,64;
2815092;"Ostróda (2)";24885193,15;26998999,80;30019759,96;40231621,83;33767721,51;39388675,21;42054064,75;45148352,72;55957485,54;54589322,85;
2816000;"Powiat piski";84381641,21;95111957,57;91505970,92;97247041,58;118126973,34;118335085,67;123032288,55;152368642,02;135747291,16;160510794,01;
2816013;"Biała Piska (3)";13464742,38;14104530,46;16100272,63;15277458,82;19529153,01;18724077,96;18363406,10;23329296,62;22021291,51;28323086,21;
2816023;"Orzysz (3)";15615417,76;17693260,26;18810052,89;17637030,83;20953821,19;23177836,00;24346578,00;33101458,05;28304026,30;31405168,13;
2816033;"Pisz (3)";43093614,26;47649491,26;43211306,51;49122934,20;56477302,87;57172359,74;61055454,35;66806642,64;65166006,47;76997548,29;
2816043;"Ruciane-Nida (3)";12207866,81;15664675,59;13384338,89;15209617,73;21166696,27;19260811,97;19266850,10;29131244,71;20255966,88;23784991,38;
2817000;"Powiat szczycieński";105924284,98;106349086,95;107967739,04;116854479,19;133345505,08;153228077,92;169168145,58;177176774,60;164843034,97;194763628,09;
2817011;"Szczytno (1)";38619826,35;39222876,23;38836113,07;42139334,82;44774804,31;47794650,73;49077861,73;49422917,41;54247836,93;60969708,21;
2817022;"Dźwierzuty (2)";6031566,49;6841312,20;7573373,95;8526936,22;9960964,90;11669535,08;14441480,39;14411593,98;12935354,81;14974966,68;
2817032;"Jedwabno (2)";8714133,85;8663929,21;9680717,76;9592595,43;10359766,72;9767731,60;14401530,28;14162256,49;12569954,11;16170056,09;
2817043;"Pasym (3)";7495574,18;9336405,26;9827614,61;9647872,56;11288611,57;16580718,25;19948524,28;22997746,91;15757740,13;19096704,76;
2817052;"Rozogi (2)";4998892,08;4312465,59;4504883,22;5182122,34;5210895,88;7326279,03;6094679,96;9116156,10;7593552,10;8143978,96;
2817062;"Szczytno (2)";22442603,19;19483201,12;19153148,38;20288213,86;29227058,28;29372905,63;31222408,82;32974330,33;30001925,74;40198136,72;
2817072;"Świętajno (2)";8517884,48;9277063,70;8393900,33;9819705,21;9419947,03;11303738,04;17859678,85;14894854,84;12030413,90;14127989,11;
2817082;"Wielbark (2)";9103804,36;9211833,64;9997987,72;11657698,75;;;;;;;
2817083;"Wielbark (3)";;;;;13103456,39;19412519,56;16121981,27;19196918,54;19706257,25;21082087,56;
2818000;"Powiat gołdapski";44032858,71;40799459,75;42064318,24;47967226,32;44768055,65;53743711,48;57808517,48;62783729,21;57825858,40;67223751,73;
2818012;"Banie Mazurskie (2)";3631853,99;3404753,17;3661796,67;3992454,19;4454055,89;4791681,45;5665926,41;7946589,44;5449779,14;6520587,20;
2818022;"Dubeninki (2)";3291479,64;3642138,11;3696252,83;3868757,89;4082434,03;5722076,89;4661052,10;7713664,37;5207223,86;6041820,59;
2818033;"Gołdap (3)";37109525,08;33752568,47;34706268,74;40106014,24;36231565,73;43229953,14;47481538,97;47123475,40;47168855,40;54661343,94;
2819000;"Powiat węgorzewski";31340507,90;34375877,88;35054504,18;35489507,71;44890583,28;49469517,70;48230879,37;62765841,17;59069491,11;61263277,37;
2819012;"Budry (2)";3188591,11;3288791,30;2925203,98;3028900,11;4383269,83;3960988,99;3646793,99;6312149,15;4032755,98;4564432,45;
2819022;"Pozezdrze (2)";4191220,52;5104819,29;5845596,47;5142163,56;5312350,67;7748962,74;7811902,59;9773650,76;8439782,62;6751327,34;
2819033;"Węgorzewo (3)";23960696,27;25982267,29;26283703,73;27318444,04;35194962,78;37759565,97;36772182,79;46680041,26;46596952,51;49947517,58;
2861000;"Powiat m. Elbląg";288958132,49;270329392,21;291201767,11;319560842,78;328684890,77;331564436,59;384684304,21;432991121,62;434705120,78;508304613,50;
2861011;"Elbląg (1)";288958132,49;270329392,21;291201767,11;319560842,78;328684890,77;331564436,59;384684304,21;432991121,62;434705120,78;508304613,50;
2862000;"Powiat m. Olsztyn";600411248,15;577686348,45;575471881,53;624355375,42;661966436,81;665878833,21;762579537,69;757508164,11;850701486,91;967073820,06;
2862011;"Olsztyn (1)";600411248,15;577686348,45;575471881,53;624355375,42;661966436,81;665878833,21;762579537,69;757508164,11;850701486,91;967073820,06;
3000000;"WIELKOPOLSKIE";7352604845,60;7773269236,72;8366495244,39;9080787948,70;10007683143,04;10746246451,53;11544155316,65;12971034053,77;12763109099,53;15693334970,39;
3001000;"Powiat chodzieski";85829732,72;87324125,36;95864296,53;105088073,48;114910541,34;125834440,21;127478377,89;162771561,42;142687792,94;176828473,76;
3001011;"Chodzież (1)";34563475,65;35387864,59;36501918,27;38343857,11;42017003,86;44185535,43;47692247,50;53285484,48;49794204,58;62933434,68;
3001022;"Budzyń (2)";14442721,57;14889205,10;15184015,02;25092191,18;24503988,06;24470427,09;;;;;
3001023;"Budzyń (3)";;;;;;;26676822,60;34827005,57;34335299,85;41614099,60;
3001032;"Chodzież (2)";10320926,24;10684965,85;13029517,99;13608788,05;15618109,87;18503586,66;17970485,51;22262396,70;21381298,81;25234342,97;
3001043;"Margonin (3)";17005567,70;17560414,78;21989369,18;18185951,68;21676852,46;23828898,33;20610412,14;35951721,88;22994165,18;25604312,98;
3001053;"Szamocin (3)";9497041,56;8801675,04;9159476,07;9857285,46;11094587,09;14845992,70;14528410,14;16444952,79;14182824,52;21442283,53;
3002000;"Powiat czarnkowsko-trzcianecki";132835851,23;136212739,36;141266330,40;152126134,52;171400761,15;185997606,51;191775816,97;227890018,28;215216709,58;264390341,69;
3002011;"Czarnków (1)";26706345,77;28895847,26;28281883,21;29700195,12;32649984,75;33243336,27;36209714,24;42996269,51;42339365,45;47235785,59;
3002022;"Czarnków (2)";12881598,61;12203881,92;13936891,30;15596879,80;17636864,26;18735967,66;18786349,08;23612260,06;20195899,15;27425683,48;
3002032;"Drawsko (2)";5342595,87;5691799,54;6267376,94;6896921,19;8052236,46;9762244,75;9020825,19;12822265,93;9911456,56;11257491,36;
3002043;"Krzyż Wielkopolski (3)";11296240,42;12440442,98;12770823,33;13970136,67;16586774,01;15396386,10;17301938,00;22202507,27;18899238,35;24413455,60;
3002052;"Lubasz (2)";9821902,58;10356845,55;10800477,43;12141864,79;13732445,70;16820680,19;17411498,49;20766291,05;19359485,97;20956870,77;
3002062;"Połajewo (2)";6415326,34;6681728,56;6911127,16;8037980,08;10329713,98;12264027,97;11264107,31;16425276,06;13661473,43;14369944,11;
3002073;"Trzcianka (3)";41071384,90;41843106,86;42714375,60;45760331,07;49066592,36;52998232,86;58091852,15;61938521,01;64462834,68;90020196,29;
3002083;"Wieleń (3)";19300456,74;18099086,69;19583375,43;20021825,80;23346149,63;26776730,71;23689532,51;27126627,39;26386955,99;28710914,49;
3003000;"Powiat gnieźnieński";239552834,09;250109987,89;271576432,26;299589383,57;319445862,75;369874999,78;374775387,48;445097556,35;434865805,07;497748964,73;
3003011;"Gniezno (1)";120032510,84;126485522,39;133812501,85;156736566,26;157768448,71;189456921,11;186424543,48;214305286,62;185093943,18;230842482,77;
3003023;"Czerniejewo (3)";11278900,67;11904835,91;13148863,69;12787877,37;15151398,15;16372178,93;16236899,91;20402409,50;19819049,58;23449480,27;
3003032;"Gniezno (2)";19859259,71;24938308,99;23096770,90;25659075,42;28305191,36;33451738,33;36652918,83;44135060,57;40291262,06;52559858,29;
3003042;"Kiszkowo (2)";8922518,27;8741024,60;9772387,75;9811074,02;11768418,45;12074022,58;13607093,05;17444204,78;15198674,56;20155323,67;
3003053;"Kłecko (3)";10701798,76;9766094,78;18757136,58;13500054,44;13987893,27;18785373,79;16417698,44;21604261,06;48040659,71;22418963,51;
3003062;"Łubowo (2)";10831413,32;10651647,94;11937699,12;13207781,20;15875036,42;16708524,62;21315868,65;23205990,03;22270653,67;29447049,31;
3003072;"Mieleszyn (2)";4334564,59;4928261,99;5199307,16;6750394,74;6211071,25;6661831,17;7431265,82;10590214,88;8491358,70;10325158,54;
3003082;"Niechanowo (2)";7859719,27;7322213,66;7411885,15;8240063,69;10974952,04;11757691,72;12924030,62;16359401,15;15604861,13;18875954,52;
3003093;"Trzemeszno (3)";25726960,70;23857869,56;25654605,61;28557340,73;31239084,65;34584692,11;33710096,50;42074177,99;41016025,63;49270213,83;
3003103;"Witkowo (3)";20005187,96;21514208,07;22785274,45;24339155,70;28164368,45;30022025,42;30054972,18;34976549,77;39039316,85;40404480,02;
3004000;"Powiat gostyński";117977087,02;125517346,76;147962870,24;147775958,24;163820821,72;190192626,11;194613366,08;212131129,79;204176450,61;250174343,11;
3004013;"Borek Wielkopolski (3)";12210945,40;11937810,42;11989656,71;13427374,59;15124977,31;15923728,21;16527083,45;19472209,62;17560588,55;20372874,83;
3004023;"Gostyń (3)";49050330,72;56215623,91;71466284,02;68169009,20;72713214,44;79108601,80;86489054,71;87932856,65;88545325,07;118313772,85;
3004033;"Krobia (3)";19034717,87;19080796,08;21534951,77;21007322,94;23362459,41;29211658,43;31508971,79;31011282,95;32451828,28;34828633,95;
3004042;"Pępowo (2)";8326100,85;8341608,44;9415884,65;10183746,31;14040669,69;17684278,97;13804576,28;16962870,98;14227983,86;18438598,32;
3004052;"Piaski (2)";11247773,38;12390020,23;13262349,84;14882608,15;15941558,73;20982589,63;18031541,02;22067679,37;21822688,18;26445322,05;
3004063;"Pogorzela (3)";5297896,59;5595954,47;6353469,79;6460029,23;8389607,31;8322620,19;8534026,36;11579826,55;9436645,67;10666830,45;
3004073;"Poniec (3)";12809322,21;11955533,21;13940273,46;13645867,82;14248334,83;18959148,88;19718112,47;23104403,67;20131391,00;21108310,66;
3005000;"Powiat grodziski";81085773,27;86245241,02;96835269,47;106327691,08;116252549,52;115030166,24;127223010,93;148435247,85;144048081,48;166166126,70;
3005012;"Granowo (2)";8274681,71;8333859,49;10710248,14;10826504,82;12739660,40;11880795,13;12052456,62;17051323,51;15746382,15;14756105,12;
3005023;"Grodzisk Wielkopolski (3)";36219214,29;38610077,73;41632749,02;44046839,47;48282188,25;48943595,65;54797391,62;57634750,07;59130896,57;70375917,27;
3005032;"Kamieniec (2)";9235408,16;9843329,53;11091136,43;14317307,63;14668225,09;14190925,23;16042919,73;19582272,03;20369430,50;20777495,23;
3005043;"Rakoniewice (3)";17277400,67;18533699,18;20876596,24;24410073,42;25886194,66;25863311,01;28153408,27;34695286,53;31402041,99;41140553,30;
3005053;"Wielichowo (3)";10079068,44;10924275,09;12524539,64;12726965,74;14676281,12;14151539,22;16176834,69;19471615,71;17399330,27;19116055,78;
3006000;"Powiat jarociński";106347911,84;117755259,46;126230107,55;132582536,19;157796352,21;173336412,99;189148276,24;200201662,04;207016163,82;269719922,77;
3006012;"Jaraczewo (2)";8999967,80;;;;;;;;;;
3006013;"Jaraczewo (3)";;9296043,36;9682180,18;10663487,87;13167444,55;14740769,18;15024816,19;17946525,14;18753800,15;22487489,91;
3006023;"Jarocin (3)";74265686,37;82747748,64;87812042,81;91347314,58;111375274,84;120487241,11;134781417,73;134173794,84;141102166,33;184237406,76;
3006032;"Kotlin (2)";9406917,50;10392888,17;10797111,44;12681759,84;13728227,05;16671316,38;16128526,56;20494756,38;19841483,93;25017865,05;
3006043;"Żerków (3)";13675340,17;15318579,29;17938773,12;17889973,90;19525405,77;21437086,32;23213515,76;27586585,68;27318713,41;37977161,05;
3007000;"Powiat kaliski";96744308,81;106443371,58;114397042,23;132283757,76;161558037,73;187224463,55;187887956,89;234097010,76;221394160,63;264816363,84;
3007012;"Blizanów (2)";10685004,47;13330207,77;13211807,37;16123639,11;18518953,02;20986466,87;23482181,98;27634735,44;26566093,04;29564721,23;
3007022;"Brzeziny (2)";4726801,03;5156945,91;5715198,14;6145766,46;6890562,70;12392600,62;8734312,11;11827841,98;11068105,87;19179413,20;
3007032;"Ceków-Kolonia (2)";7886872,49;8313591,60;9564065,74;10974122,50;14066365,40;14433138,36;15026180,53;18501786,82;17790159,63;22630056,43;
3007042;"Godziesze Wielkie (2)";10009531,58;10668885,55;11763698,47;14793188,79;17891510,78;19122968,99;17495378,07;27280370,59;22870202,97;28068515,95;
3007052;"Koźminek (2)";6603471,91;8584643,82;8710468,80;8609837,90;12233109,37;11784601,12;;;;;
3007053;"Koźminek (3)";;;;;;;12872954,50;18192209,53;13901499,93;18618091,80;
3007062;"Lisków (2)";6402708,27;6272093,93;6481729,54;8324211,48;13011237,33;9039806,62;9927325,63;12782572,76;12755169,66;11632425,48;
3007072;"Mycielin (2)";4309013,08;4564559,93;5130286,05;5168442,02;6049576,12;6477051,17;8740941,41;10422620,62;10417398,18;8919971,16;
3007082;"Opatówek (2)";17327788,17;18184878,89;;;;;;;;;
3007083;"Opatówek (3)";;;18666712,20;21464319,39;26876091,60;30935048,42;34788061,33;34487926,44;34343696,73;45944155,20;
3007093;"Stawiszyn (3)";7969610,89;8686036,96;9407452,20;10729673,70;11423039,72;14517364,64;13409289,06;17950347,88;16374847,12;20689353,17;
3007102;"Szczytniki (2)";6563687,38;7354668,41;7923480,98;8644322,17;9817729,68;14002815,67;11576186,07;14308313,40;14115051,80;16812770,49;
3007112;"Żelazków (2)";14259819,54;15326858,81;17822142,74;21306234,24;24779862,01;33532601,07;31835146,20;40708285,30;41191935,70;42756889,73;
3008000;"Powiat kępiński";106821570,13;117855463,31;131642083,03;148259719,10;173659977,89;203424843,19;229102239,92;249193240,72;247345255,58;293978552,47;
3008012;"Baranów (2)";18688490,79;20176653,79;23917326,24;30704759,52;35143845,54;42542476,71;49105179,60;51765730,74;51178995,51;67840694,82;
3008022;"Bralin (2)";9515240,05;10388241,92;11415659,55;11811059,98;13134812,01;15822532,63;17399212,61;22143506,31;21315133,78;25747567,88;
3008033;"Kępno (3)";49319597,07;52966611,14;56995670,58;61607738,32;75775056,38;78538585,06;94069192,68;97597586,98;106543401,37;114534468,96;
3008042;"Łęka Opatowska (2)";10301732,37;11876287,17;14726668,61;17392982,58;18678681,60;24230760,63;27370863,34;26877047,42;25755270,88;29457660,94;
3008052;"Perzów (2)";8196432,09;11624287,57;12577633,94;14032518,97;16391483,74;20300616,76;20692283,30;22458108,81;20875639,13;29218935,02;
3008062;"Rychtal (2)";4533165,51;4639236,40;5341600,80;5074855,51;6117061,41;8822781,02;7895394,95;12724449,17;8865022,94;;
3008063;"Rychtal (3)";;;;;;;;;;11786927,64;
3008072;"Trzcinica (2)";6266912,25;6184145,32;6667523,31;7635804,22;8419037,21;13167090,38;12570113,44;15626811,29;12811791,97;15392297,21;
3009000;"Powiat kolski";123541356,87;127692578,15;139073860,80;158852359,20;167664178,35;178911069,95;180383591,43;225312130,35;209422705,06;243286949,85;
3009011;"Koło (1)";46152819,17;47786067,27;52113950,16;66819606,11;66691169,75;59972135,06;63372239,78;66271591,84;73148597,22;84566288,10;
3009022;"Babiak (2)";8738310,27;8596601,79;9469923,20;9666404,19;10429310,40;12136864,01;12139483,16;15853203,13;14916012,04;19547951,61;
3009032;"Chodów (2)";3047365,60;3187576,88;3223941,51;3330136,73;3368994,62;4300803,36;4697158,16;7483536,23;5169830,64;5610759,58;
3009043;"Dąbie (3)";5712169,35;6172077,94;6648692,18;7185485,31;7300128,15;9277145,16;8673335,50;13407395,92;13304470,57;12466534,76;
3009052;"Grzegorzew (2)";4895714,31;5311717,57;5880128,05;6274474,82;7089406,77;8779989,24;8682883,11;12025728,82;10393214,47;11355216,03;
3009063;"Kłodawa (3)";17788889,29;18063799,91;19138794,01;19751698,08;23440190,67;25030611,77;24712948,41;29920751,15;27240571,84;30628461,05;
3009072;"Koło (2)";9484703,07;10937990,48;11486572,87;12844089,45;13716295,63;18164255,69;16626164,34;21524907,36;18277656,90;24008888,55;
3009082;"Kościelec (2)";7083843,19;7798386,94;8390675,80;9039271,41;9926972,39;11472987,18;12051335,30;15812992,24;13762842,66;16703214,89;
3009092;"Olszówka (2)";4834567,33;3745852,62;4605940,71;5185966,88;5509580,77;6832051,70;7009568,98;10383349,63;7975880,55;9208666,16;
3009102;"Osiek Mały (2)";11184155,85;12559064,25;14559111,62;14673648,01;15561311,15;17635829,01;17175548,81;21742413,61;19143164,55;21576423,17;
3009113;"Przedecz (3)";4618819,44;3533442,50;3556130,69;4081578,21;4630818,05;5308397,77;5242925,88;10886260,42;6090463,62;7614545,95;
3010000;"Powiat koniński";208734019,08;215972476,48;225549690,92;253528575,68;256588505,71;298022902,46;308075836,64;352212035,44;345280887,96;410501709,32;
3010013;"Golina (3)";13061324,27;14241343,81;17169611,62;16788058,36;18251972,66;24026328,90;22490738,88;26473086,78;26007635,27;32795186,43;
3010022;"Grodziec (2)";4309643,13;5020594,72;4792069,39;6159295,79;5801856,69;7174890,64;6725798,09;10550078,92;8118650,30;9396912,85;
3010032;"Kazimierz Biskupi (2)";26638208,52;25774707,99;25068280,72;26276464,66;30328547,96;34245641,33;34545831,28;38687990,31;43665426,32;47845580,09;
3010043;"Kleczew (3)";38077330,09;39932137,18;42606491,90;40755874,32;41302364,50;50815721,40;48739378,81;44498143,13;47691785,11;61065274,54;
3010052;"Kramsk (2)";10841297,45;11181925,75;12161352,24;12793491,24;14812796,91;15133204,96;17662585,95;22731359,76;21812580,55;22926940,49;
3010062;"Krzymów (2)";7738749,01;8504275,72;9066802,33;9946136,69;11297287,20;12642812,72;15761664,06;19729992,85;17259906,01;21154742,33;
3010073;"Rychwał (3)";6931477,90;8345245,37;9438682,25;9958523,84;10370492,13;12597333,51;12085307,88;18669310,84;16164765,65;19984619,09;
3010082;"Rzgów (2)";5976711,25;6515640,24;6123897,39;8453567,78;9486529,83;9554355,57;11248997,36;16027924,02;10629945,85;13476930,15;
3010092;"Skulsk (2)";4677815,76;4881090,21;4996236,65;5835775,72;6369469,52;7105138,19;9816717,04;10948609,70;10176484,49;10847900,66;
3010103;"Sompolno (3)";15894772,96;14626464,15;15797615,17;17446881,28;16700883,12;19002733,27;22477441,82;25294625,68;22246857,95;28393582,57;
3010112;"Stare Miasto (2)";22129028,38;24279725,87;26695360,94;29511943,20;31186167,06;35128573,50;40868193,23;40608476,17;44027427,85;54796728,89;
3010123;"Ślesin (3)";27366143,12;29411224,81;28544071,91;28547500,66;31375356,08;36565929,08;35842404,09;41037065,55;45394021,65;50416733,01;
3010132;"Wierzbinek (2)";13885592,33;12274384,53;12906758,66;29696715,35;18037137,50;21557646,00;17872330,43;21793934,50;19173262,95;22188154,72;
3010142;"Wilczyn (2)";11205924,91;10983716,13;10182459,75;11358346,79;11267644,55;12472593,39;11938447,72;15161437,23;12912138,01;15212423,50;
3011000;"Powiat kościański";128721175,44;136252034,73;148510501,43;170408425,65;190717353,05;207347022,28;203740656,17;225957424,00;222951358,63;269750618,47;
3011011;"Kościan (1)";43527533,62;44984810,03;47319542,88;51225663,72;57182640,29;61944055,36;62095333,33;66967292,38;65683831,78;82879289,94;
3011023;"Czempiń (3)";16191487,31;16282708,71;17616940,12;22922324,39;22680221,71;24563551,46;27366376,13;30560608,43;27940381,81;35944590,88;
3011032;"Kościan (2)";31515987,93;36107069,95;38886742,90;42798628,59;50744873,28;59539004,64;53204337,78;57524013,87;57415681,12;71516102,43;
3011043;"Krzywiń (3)";10340722,69;10673099,98;11900735,85;15779245,28;19921163,28;20833415,65;20697510,24;25055054,48;23140322,70;25358914,83;
3011053;"Śmigiel (3)";27145443,89;28204346,06;32786539,68;37682563,67;40188454,49;40466995,17;40377098,69;45850454,84;48771141,22;54051720,39;
3012000;"Powiat krotoszyński";127067825,65;126121957,24;135186783,05;142250757,96;158961516,14;162569029,45;190810727,94;208739727,07;193488230,91;239131897,24;
3012011;"Sulmierzyce (1)";4088118,25;4694542,85;4790060,56;5132588,52;5426529,81;5670122,17;6122337,05;8824644,90;7140508,23;11267267,37;
3012023;"Kobylin (3)";11633090,96;9939142,94;9962365,40;12101333,66;12935265,88;13423693,36;17109852,18;18882441,99;15613169,61;18842767,08;
3012033;"Koźmin Wielkopolski (3)";21687251,63;25005112,32;24771366,23;24310292,92;26059402,10;30130045,84;31918417,86;41025207,22;38855099,50;50119882,24;
3012043;"Krotoszyn (3)";74637300,85;70552852,20;78165944,07;81900992,15;92990787,82;88273862,64;109714049,68;106032953,38;103043869,76;126316321,06;
3012052;"Rozdrażew (2)";5749666,61;6078563,64;6562824,37;7425335,60;7500965,67;8530764,79;9849292,69;13829690,95;10584453,95;13134478,53;
3012063;"Zduny (3)";9272397,35;9851743,29;10934222,42;11380215,11;14048564,86;16540540,65;16096778,48;20144788,63;18251129,86;19451180,96;
3013000;"Powiat leszczyński";87991852,05;93238020,42;101808438,94;111909360,72;126902475,72;145751308,37;148807499,57;172481220,77;168136693,94;215727042,63;
3013012;"Krzemieniewo (2)";7820791,76;10851559,55;11118391,41;13486484,88;11868520,60;15242593,17;13434709,96;16922229,51;16364933,79;22616661,45;
3013022;"Lipno (2)";15049313,54;14941778,90;14985956,56;16145277,29;19371781,19;22388467,45;25125159,49;28044523,56;27565329,74;38345373,68;
3013033;"Osieczna (3)";15823742,73;16601358,61;20841537,25;18968363,85;21186350,00;22690593,28;24226339,46;29336266,94;28509656,36;33275563,22;
3013043;"Rydzyna (3)";13949268,70;15996411,04;17429213,10;18624180,84;23101864,11;30871476,96;24922740,17;28582988,65;26957871,84;36024248,75;
3013052;"Święciechowa (2)";14499444,11;16153553,12;16599649,74;17650080,64;22426572,11;21423729,75;22064043,56;26696565,98;27910223,20;30902452,69;
3013062;"Wijewo (2)";7219621,09;3885406,52;4436787,90;7804293,91;6497711,64;7533080,35;9211733,38;12191991,47;8560382,45;10274037,93;
3013072;"Włoszakowice (2)";13629670,12;14807952,68;16396902,98;19230679,31;22449676,07;25601367,41;29822773,55;30706654,66;32268296,56;44288704,91;
3014000;"Powiat międzychodzki";68823739,79;73805011,87;94117088,17;95436086,80;99848820,95;105172477,14;114739221,09;131724115,19;134768293,28;142644568,66;
3014012;"Chrzypsko Wielkie (2)";4101677,20;5478116,21;5580711,19;6436098,78;6273478,96;9515471,69;7768379,93;12014599,74;9285736,68;11021129,27;
3014022;"Kwilcz (2)";12368621,72;9661930,04;10891518,82;10768561,92;12228678,90;13181325,60;13974491,56;18898257,65;17134748,09;18465040,55;
3014033;"Międzychód (3)";38215050,53;42705123,83;48739548,89;53774918,99;54192407,79;59269889,01;67238235,18;71356820,72;82623353,33;82521265,05;
3014043;"Sieraków (3)";14138390,34;15959841,79;28905309,27;24456507,11;27154255,30;23205790,84;25758114,42;29454437,08;25724455,18;30637133,79;
3015000;"Powiat nowotomyski";131423547,34;142434663,70;156187332,33;172573907,96;190121124,42;205878680,76;223858389,63;250246498,91;239139996,51;288279147,79;
3015012;"Kuślin (2)";6804692,71;7727729,03;7582864,56;8648820,16;10614134,03;13382852,92;14532298,31;17250647,93;14571463,43;17357982,91;
3015023;"Lwówek (3)";13980613,94;13923815,73;15221203,81;16378289,46;19756327,02;22349114,77;21955960,54;26828020,67;23754192,70;27002185,17;
3015032;"Miedzichowo (2)";6871445,88;6732438,51;7181778,08;7960312,24;10006895,33;11809812,25;14371859,28;18328847,72;17765826,22;19445261,70;
3015043;"Nowy Tomyśl (3)";57008194,20;62827485,68;68942476,62;80322827,23;84004961,32;86767160,52;98871937,33;104555240,79;104671163,92;128776078,60;
3015053;"Opalenica (3)";27741737,22;30622160,32;33440820,65;34344726,69;36726124,49;39866374,60;42643786,21;49088474,54;44820008,02;51723369,93;
3015063;"Zbąszyń (3)";19016863,39;20601034,43;23818188,61;24918932,18;29012682,23;31703365,70;31482547,96;34195267,26;33557342,22;43974269,48;
3016000;"Powiat obornicki";93526153,15;98530199,26;107155717,82;114223839,35;126234502,33;131374762,43;151936970,73;175994649,49;172198201,41;216386682,48;
3016013;"Oborniki (3)";59757075,36;62970864,01;66233595,95;72272847,99;80062475,02;82074956,96;95116909,82;109427305,77;111423658,77;144253410,80;
3016023;"Rogoźno (3)";25744359,92;27437760,13;31062371,46;31517570,54;35360896,74;37896674,57;43685122,41;47839132,45;45201842,27;54731967,11;
3016032;"Ryczywół (2)";8024717,87;8121575,12;9859750,41;10433420,82;10811130,57;11403130,90;13134938,50;18728211,27;15572700,37;17401304,57;
3017000;"Powiat ostrowski";270741312,47;288666641,19;304995642,14;332023815,57;378589492,34;414845328,85;447812045,89;479539413,33;474178054,99;560989192,84;
3017011;"Ostrów Wielkopolski (1)";138235328,34;146045637,81;156300108,42;166709403,99;186816929,50;201087268,52;210469587,86;228939574,88;208198459,81;251320359,44;
3017023;"Nowe Skalmierzyce (3)";32864546,87;39075443,21;38336866,35;44771078,43;50100396,57;51414069,05;62138505,60;56763626,82;64601106,59;77727664,44;
3017033;"Odolanów (3)";27388205,11;26244065,27;29594995,75;30162425,27;38202502,45;40153032,32;44075197,56;47641327,77;53384089,45;67825685,92;
3017042;"Ostrów Wielkopolski (2)";25668179,41;27047201,58;28613806,45;31495685,28;36069831,72;44246971,82;43772713,45;47612886,53;49103352,78;58089963,10;
3017052;"Przygodzice (2)";15020230,39;15902579,03;17508180,08;19847231,10;23301867,05;24505468,03;29292877,51;28247069,41;28935281,82;34595176,48;
3017063;"Raszków (3)";14851402,57;16738589,42;16141306,91;19697192,13;20404602,67;24155634,74;29739163,33;30994023,89;38430800,68;35438574,91;
3017072;"Sieroszewice (2)";9646798,71;10005896,40;10067856,53;10639303,97;13225409,67;17228637,54;16308039,24;21651206,82;17394610,36;19678593,12;
3017082;"Sośnie (2)";7066621,07;7607228,47;8432521,65;8701495,40;10467952,71;12054246,83;12015961,34;17689697,21;14130353,50;16313175,43;
3018000;"Powiat ostrzeszowski";78107500,20;85274202,18;92360035,38;101287480,34;127207086,67;150828276,27;148228587,73;182974904,25;170019109,72;206216828,98;
3018012;"Czajków (2)";3269223,21;3106375,61;3694098,17;4456303,50;4929384,06;9234109,96;6306177,58;11201617,64;10032080,31;15389641,04;
3018022;"Doruchów (2)";5435456,10;5421977,77;5778464,33;6745052,62;7302469,01;10676075,18;9063666,45;15812190,04;12021398,53;12757257,87;
3018033;"Grabów nad Prosną (3)";8217162,44;9763783,12;11173657,35;10856278,58;13809848,84;15399281,28;17194191,29;20801888,81;19010208,61;23496526,43;
3018042;"Kobyla Góra (2)";7608672,94;7801776,71;8712846,35;9614596,96;16065476,44;22223761,07;15711440,29;23007414,34;17690578,58;20180428,88;
3018052;"Kraszewice (2)";4985143,85;5361129,81;6184823,73;6728999,63;9651904,34;11495627,83;11205310,62;14082251,98;15829155,77;24010327,07;
3018063;"Mikstat (3)";8000644,90;9595457,11;10279956,04;12392529,03;15983821,19;19592462,72;15891881,43;19137544,42;17517835,38;21250690,20;
3018073;"Ostrzeszów (3)";40591196,76;44223702,05;46536189,41;50493720,02;59464182,79;62206958,23;72855920,07;78931997,02;77917852,54;89131957,49;
3019000;"Powiat pilski";249247996,16;256097733,84;257944885,96;289602471,67;302042018,09;318263366,91;364125024,18;388414361,69;401663423,51;467189492,13;
3019011;"Piła (1)";168444454,57;173460870,17;169949869,66;190203512,25;190157855,69;195948602,26;230380189,82;225217030,23;252094373,85;273563328,98;
3019022;"Białośliwie (2)";5918458,85;5911917,44;6854761,34;7287106,52;9390409,52;8097830,22;10821513,38;12699404,47;9399842,56;12401556,86;
3019032;"Kaczory (2)";14017969,43;14241115,65;15323422,09;17342354,78;17812210,65;19160378,90;21436635,07;;;;
3019033;"Kaczory (3)";;;;;;;;23216674,88;21119378,25;25876862,16;
3019043;"Łobżenica (3)";9971821,19;9285334,92;9594971,88;11587021,03;11452074,91;16263097,65;12867166,76;18718553,96;14085925,65;21488892,53;
3019052;"Miasteczko Krajeńskie (2)";4168444,12;4566017,00;4463638,64;4945911,21;5754196,65;7938870,93;7608822,11;9676848,44;;;
3019053;"Miasteczko Krajeńskie (3)";;;;;;;;;8619070,98;12106884,40;
3019062;"Szydłowo (2)";15794460,86;16128427,54;17927341,45;20522218,17;23831335,90;27136460,21;27554082,14;33963416,67;34697932,95;45781002,17;
3019073;"Ujście (3)";10607691,75;11494801,00;12139827,58;13616065,72;15559209,57;14025621,64;16614355,29;20619379,15;18545731,52;22951447,29;
3019083;"Wyrzysk (3)";13530836,11;14231620,31;14581526,15;16396887,21;20159966,74;21375783,76;27916353,58;31290361,82;29819455,35;36688838,96;
3019093;"Wysoka (3)";6793859,28;6777629,81;7109527,17;7701394,78;7924758,46;8316721,34;8925906,03;13012692,07;13281712,40;16330678,78;
3020000;"Powiat pleszewski";82037498,14;88389023,41;97342622,05;105660895,48;133927697,70;139084261,73;138861683,98;176516334,84;161508096,06;194112875,32;
3020013;"Chocz (3)";3628871,24;3771903,82;4327621,26;4566831,26;7849026,23;10559026,50;6179704,91;9642646,52;7456120,12;7339981,77;
3020022;"Czermin (2)";3912002,73;4373779,86;4745651,85;5463202,37;8106750,04;6679875,93;7190430,75;10940863,38;9328681,89;10326337,20;
3020033;"Dobrzyca (3)";10609072,89;10004625,97;11970230,53;14470730,05;14835597,99;15446885,10;16143416,02;20326561,72;21972352,69;25205268,06;
3020042;"Gizałki (2)";3546116,43;4759134,24;8064990,90;5802065,31;6564536,65;7381400,52;8400257,76;13841598,68;9061949,38;9480378,44;
3020052;"Gołuchów (2)";15422386,51;16093577,46;18237978,93;19211015,75;21221008,04;26178621,66;28009240,17;32485124,75;31607120,01;36958427,21;
3020063;"Pleszew (3)";44919048,34;49386002,06;49996148,58;56147050,74;75350778,75;72838452,02;72938634,37;89279539,79;82081871,97;104802482,64;
3021000;"Powiat poznański";960723096,05;1037419883,63;1122200212,21;1246148830,89;1377584492,11;1520599613,37;1681236370,09;1837172683,10;1941056858,78;2464295501,17;
3021011;"Luboń (1)";56108280,15;62286309,24;67048330,30;74599407,11;88005230,86;93060607,37;96190255,85;105761429,41;103714695,03;124472553,15;
3021021;"Puszczykowo (1)";23461557,36;25572342,46;31252451,25;33843999,05;36355356,71;38044453,26;40388457,46;43234423,66;36524580,24;46204059,21;
3021033;"Buk (3)";27832939,54;28170880,93;30540626,13;32003164,28;33237347,04;36974389,41;40172506,42;41638340,28;41337346,09;61476927,59;
3021042;"Czerwonak (2)";65173592,08;68152049,70;70468728,59;76783280,96;85000485,73;93659646,80;99543542,74;112173345,35;117006381,29;145903694,35;
3021052;"Dopiewo (2)";54657626,47;63589919,77;69189225,80;79849640,38;90036531,66;104728513,55;112747667,84;119162285,51;121344669,76;169390401,32;
3021062;"Kleszczewo (2)";14481617,20;19062308,88;16219110,46;19947154,74;22142315,20;28859797,45;27776369,49;38072304,42;46880155,98;48446819,60;
3021072;"Komorniki (2)";72076617,34;80954984,63;86184111,47;101411877,26;113408998,58;125900338,24;150165549,52;148122635,58;146806864,04;204248173,42;
3021083;"Kostrzyn (3)";27105951,65;32584011,91;33628482,02;41115039,38;41879329,23;58401662,16;64943780,82;70911440,47;61929187,83;113653643,31;
3021093;"Kórnik (3)";88346629,98;96210273,20;101776956,60;115736386,46;132245236,04;133979317,48;160891984,27;187144247,30;199130560,59;258068656,63;
3021103;"Mosina (3)";55544192,70;62638348,92;69574685,21;78626684,69;87747994,47;92938270,39;110464649,24;107498668,67;107640672,10;134790476,85;
3021113;"Murowana Goślina (3)";31808251,85;34472537,34;36256069,76;39330509,39;43183790,26;43521546,92;45953005,46;55605800,51;61930923,88;70093892,42;
3021123;"Pobiedziska (3)";37308116,62;43060046,75;48854376,17;52031069,17;53749209,75;61768806,16;74497863,52;85105343,26;93469550,47;96873265,91;
3021132;"Rokietnica (2)";29523128,73;32920277,81;36607963,93;42711939,91;51615086,31;58082137,57;62568860,35;69343914,13;65818690,88;89673088,92;
3021143;"Stęszew (3)";28616534,25;34063550,15;33921731,11;35998061,41;38314153,11;40413062,99;47042092,75;50612113,09;81284801,80;78629220,07;
3021152;"Suchy Las (2)";90903264,19;89282098,86;99220550,60;105260685,12;110643857,10;133057263,16;132918520,80;138019874,76;140175561,27;179101776,47;
3021163;"Swarzędz (3)";122203973,74;131402271,83;141526259,65;158236707,01;177744720,39;188000673,72;206672121,16;242470670,32;262265257,50;323262386,64;
3021172;"Tarnowo Podgórne (2)";135570822,20;132997671,25;149930553,16;158663224,57;172274849,67;189209126,74;208299142,40;222295846,38;253796960,03;320006465,31;
3022000;"Powiat rawicki";82512794,83;86031647,73;95072923,26;103964278,99;116478711,16;132356872,09;145981862,22;151522435,29;151305547,74;177082988,50;
3022013;"Bojanowo (3)";10707456,26;10401954,15;11428103,88;12162733,80;12694847,14;13108353,53;18061961,20;17324266,22;14836540,36;19697131,79;
3022023;"Jutrosin (3)";8436930,13;8484338,59;9409140,78;10044314,71;11452107,60;11913112,19;12586237,19;18355931,18;13757115,63;17197954,82;
3022033;"Miejska Górka (3)";13066566,02;11139820,06;12691746,47;15340686,17;15602567,37;15786167,41;24303568,12;20625833,18;23199013,63;23640337,21;
3022042;"Pakosław (2)";5046372,60;5869267,91;6131207,90;6965989,72;7913880,66;10996338,24;8362194,12;11724824,30;10092223,66;12102495,64;
3022053;"Rawicz (3)";45255469,82;50136267,02;55412724,23;59450554,59;68815308,39;80552900,72;82667901,59;83491580,41;89420654,46;104445069,04;
3023000;"Powiat słupecki";84353605,68;86598393,91;92876167,83;103315769,69;116277169,77;138190090,06;143203840,37;180372278,64;171629862,88;194718275,30;
3023011;"Słupca (1)";24409565,89;25209444,62;27032791,44;27945949,58;31232103,51;35394501,13;33961470,12;40438902,06;35851393,19;49287076,39;
3023022;"Lądek (2)";5264575,69;6167649,80;6879700,15;7137350,47;7639059,28;9389991,35;8637622,11;12184494,75;10946834,28;11250890,84;
3023032;"Orchowo (2)";5047033,13;4694496,04;4703552,41;5171527,79;6028518,62;7362689,01;6590520,25;10319272,30;7925091,40;8390197,35;
3023042;"Ostrowite (2)";4971338,77;5071754,36;5403715,56;6651598,26;7148197,06;11916096,23;15778374,39;13797942,76;17790848,39;22181154,88;
3023052;"Powidz (2)";10540830,09;9007740,33;9608086,67;11179587,15;12658393,19;17881230,18;19936648,77;21761616,67;28154009,49;19339642,03;
3023062;"Słupca (2)";10282596,01;10701980,84;11951372,08;15106515,42;16739788,82;19159027,68;18408307,40;25222161,94;23436454,94;26763709,60;
3023072;"Strzałkowo (2)";16092688,58;16596180,58;16745961,15;18770173,57;22886988,82;23325360,13;25933722,59;32508694,36;27423469,49;35303513,03;
3023083;"Zagórów (3)";7744977,52;9149147,34;10550988,37;11353067,45;11944120,47;13761194,35;13957174,74;24139193,80;20101761,70;22202091,18;
3024000;"Powiat szamotulski";180679893,44;183797114,68;203820315,04;211752148,03;227477802,07;239966145,33;259731034,68;293565833,83;281302337,39;344933549,21;
3024011;"Obrzycko (1)";3924365,31;3925118,53;4665921,82;5146760,07;6234463,64;6191140,21;6223913,58;9695454,68;7718323,05;7713308,94;
3024022;"Duszniki (2)";13564522,54;13832423,31;15624067,64;16788144,06;16418935,57;18207630,79;20452623,71;25674389,20;22938709,05;27881569,49;
3024032;"Kaźmierz (2)";12901379,66;15858265,32;16518215,74;16214103,63;17414289,88;18435676,98;21517596,58;27851478,67;23437201,97;31575999,15;
3024042;"Obrzycko (2)";7221424,38;7196031,42;8079298,79;9270078,45;9582568,49;10497609,01;10210623,65;14387127,79;12543070,34;13744875,00;
3024053;"Ostroróg (3)";6979681,83;6398478,31;6847810,45;7577787,97;8214800,60;9164678,94;9373158,89;12671908,81;12250931,77;11523920,96;
3024063;"Pniewy (3)";30739774,67;31936711,05;32732461,26;35661245,97;39376582,36;40627580,73;39007752,73;44959570,77;45309528,06;55815170,41;
3024073;"Szamotuły (3)";62018397,49;61731417,65;67602257,26;69650687,19;76347247,78;81415998,71;90842636,12;91239532,67;91361347,00;115660173,59;
3024083;"Wronki (3)";43330347,56;42918669,09;51750282,08;51443340,69;53888913,75;55425829,96;62102729,42;67086371,24;65743226,15;81018531,67;
3025000;"Powiat średzki";116407837,95;121465481,68;119552777,22;134048478,68;147496007,61;172334436,91;173720337,46;195149723,64;197993934,22;247475482,94;
3025012;"Dominowo (2)";4454730,78;4821858,23;4819305,45;5328404,25;5607889,09;8004220,76;7498049,59;10763168,97;9895917,31;12674560,44;
3025022;"Krzykosy (2)";8342037,82;9433952,34;9543718,80;10694827,42;12765706,46;24637211,70;18281415,63;21046819,99;20692184,68;25125078,83;
3025032;"Nowe Miasto nad Wartą (2)";13325222,50;13735296,54;13924525,98;15494961,57;17094431,68;23872556,55;20253189,78;24659772,89;22990752,12;26690928,37;
3025043;"Środa Wielkopolska (3)";79480375,37;82030819,86;78281985,00;89150918,09;96682623,74;100372929,40;109281444,23;117897598,40;124911532,27;158700890,03;
3025052;"Zaniemyśl (2)";10805471,48;11443554,71;12983241,99;13379367,35;15345356,64;15447518,50;18406238,23;20782363,39;19503547,84;24284025,27;
3026000;"Powiat śremski";97182097,75;100098123,49;107945765,68;118451346,59;129405114,90;140046543,04;159284574,61;166860954,90;170080498,92;183823059,92;
3026012;"Brodnica (2)";7033025,50;6478072,45;6493153,54;6937222,20;7975539,14;9054399,11;11724467,70;12628148,92;10122326,19;12729419,30;
3026023;"Dolsk (3)";9074064,15;7881513,34;8404097,25;8804560,89;9309673,43;9925745,51;10223423,32;13544003,50;11028057,18;13810164,35;
3026033;"Książ Wielkopolski (3)";9182218,01;9905326,51;10666035,78;12584457,36;13969550,60;15638797,71;15896753,89;19438666,65;19098505,02;22512659,13;
3026043;"Śrem (3)";71892790,09;75833211,19;82382479,11;90125106,14;98150351,73;105427600,71;121439929,70;121250135,83;129831610,53;134770817,14;
3027000;"Powiat turecki";155856111,97;163893724,62;165876848,02;183106964,74;202366668,75;200039300,49;207442866,15;246079562,87;238784032,25;274437666,23;
3027011;"Turek (1)";62139902,48;66415131,42;66574731,86;69956832,11;83282160,44;70911652,57;76393376,31;83213794,42;80257459,57;92867882,14;
3027022;"Brudzew (2)";15070926,69;17873358,28;17202102,16;16910550,67;16826673,81;18315773,60;19075563,49;19484958,04;19992105,96;24151382,52;
3027033;"Dobra (3)";7824139,79;9138438,08;8855793,45;13514556,09;10622031,81;13771263,85;12773942,76;19333115,36;13422765,49;15612414,82;
3027042;"Kawęczyn (2)";4090358,11;4775758,56;4895666,43;6092047,49;6240683,91;7429338,29;8010740,67;12090889,94;8791292,74;10598425,58;
3027052;"Malanów (2)";9890126,34;10195627,92;11351836,29;12907836,47;13992032,47;18642402,32;16333327,39;21641072,69;19949626,10;21592638,84;
3027062;"Przykona (2)";24149541,58;21341533,41;20233828,25;21440494,09;18432714,24;18524349,25;23260234,77;24228819,07;29466435,89;35098749,53;
3027073;"Tuliszków (3)";10081381,35;10099305,14;11000402,74;12564686,08;15222842,30;14374716,66;14495001,16;19994534,33;22737160,86;24320110,48;
3027082;"Turek (2)";12587654,54;13610409,81;14725743,64;17631934,09;24722645,25;20921673,01;20829233,55;25201841,80;28814268,08;30136893,41;
3027092;"Władysławów (2)";10022081,09;10444162,00;11036743,20;12088027,65;13024884,52;17148130,94;16271446,05;20890537,22;15352917,56;20059168,91;
3028000;"Powiat wągrowiecki";107856911,99;119619569,86;130317729,14;130783658,76;149961848,58;158693102,52;177553304,55;206394579,67;209529517,24;228223310,96;
3028011;"Wągrowiec (1)";40453946,37;45990173,07;45450942,51;49930083,21;57266100,96;56601520,05;71565301,27;65999806,40;85793751,87;89568445,49;
3028022;"Damasławek (2)";8225177,25;8707528,69;9124293,45;9592299,75;10751860,84;13668907,59;11679091,88;16398446,97;16672091,34;18762667,60;
3028033;"Gołańcz (3)";13674339,62;13343248,35;20957989,06;13425158,17;15935418,26;16515798,84;16243255,56;29370637,69;18881764,23;20819253,14;
3028042;"Mieścisko (2)";9062405,44;9761614,21;11580661,22;11305576,89;13860921,34;16895078,46;19196072,26;19848966,76;19633372,86;;
3028043;"Mieścisko (3)";;;;;;;;;;19315765,12;
3028053;"Skoki (3)";18956264,44;22040706,46;22479296,56;24380762,95;25355353,10;26832670,30;28848512,90;37216042,75;36016992,48;38976756,41;
3028062;"Wapno (2)";3596061,18;3946903,10;4001367,36;4131239,05;4236859,46;5358965,28;5086303,68;8774284,58;5987761,93;6392628,44;
3028072;"Wągrowiec (2)";13888717,69;15829395,98;16723178,98;18018538,74;22555334,62;22820162,00;24934767,00;28786394,52;26543782,53;34387794,76;
3029000;"Powiat wolsztyński";84185730,70;88522134,93;96797162,77;104198839,49;112033997,80;116081325,19;132824862,94;142569626,10;141001680,52;185802696,70;
3029012;"Przemęt (2)";17398575,34;17313820,58;18048455,60;20436876,35;21423336,81;21578491,81;25646134,24;28670522,73;27971551,69;29895741,29;
3029022;"Siedlec (2)";16731373,77;18185183,47;20267609,21;21790115,38;24810446,00;24398468,80;26140584,82;33083071,36;28427642,96;36919107,51;
3029033;"Wolsztyn (3)";50055781,59;53023130,88;58481097,96;61971847,76;65800214,99;70104364,58;81038143,88;80816032,01;84602485,87;118987847,90;
3030000;"Powiat wrzesiński";143437104,07;131810033,22;149508319,35;157137339,50;201624125,84;217287155,07;211127286,83;247449390,97;234404895,55;269643729,12;
3030012;"Kołaczkowo (2)";6571790,94;7124440,57;7490029,58;7613949,46;8770063,64;11663635,75;11034861,80;16020012,95;13398155,81;14245704,88;
3030023;"Miłosław (3)";12341350,75;13722762,41;16053619,85;17515928,90;19562955,45;17136130,89;20309452,63;23602745,26;22441592,98;27114761,85;
3030033;"Nekla (3)";14475678,82;15919151,11;18305409,52;19021201,45;21407735,48;24589331,00;27488629,55;30891300,13;30404379,53;33674945,38;
3030043;"Pyzdry (3)";6721642,45;7344313,34;8145506,98;8095333,21;9800099,06;12787644,15;11917462,46;16610390,71;15813687,34;15527375,19;
3030053;"Września (3)";103326641,11;87699365,79;99513753,42;104890926,48;142083272,21;151110413,28;140376880,39;160324941,92;152347079,89;179080941,82;
3031000;"Powiat złotowski";95282034,89;101452493,51;103556586,21;110087333,15;124515233,90;133143209,62;149485019,05;166796242,46;169741057,96;203441461,41;
3031011;"Złotów (1)";31166911,32;32361482,25;35651313,74;36790778,74;40549873,81;42887811,55;55590141,55;50611656,99;53308705,09;69574605,03;
3031023;"Jastrowie (3)";14666755,45;15481876,74;17492631,19;17331989,49;21530627,64;20533093,21;22321541,45;26297300,22;27166304,32;32761473,53;
3031033;"Krajenka (3)";11174595,22;16435470,91;11096857,60;12406823,15;13804712,58;14242197,30;15105380,12;17729205,73;17499095,66;19576402,98;
3031042;"Lipka (2)";6414145,90;5577548,62;5873992,50;6502625,66;6591068,37;8865047,22;8954046,35;10847504,23;16619018,93;13642202,59;
3031053;"Okonek (3)";12295802,91;11888146,34;11897592,67;13489457,01;15520047,40;16747141,95;18533789,23;20982451,53;18282199,04;25683060,95;
3031062;"Tarnówka (2)";4361106,25;4560340,12;4533876,54;4971829,12;4896816,66;6164156,62;5502570,40;8567182,52;7301153,02;8371713,00;
3031072;"Zakrzewo (2)";4640467,16;5132386,45;6595534,26;6251803,70;6836327,20;8236345,04;8378117,59;11835629,49;9865748,62;10992948,10;
3031082;"Złotów (2)";10562250,68;10015242,08;10414787,71;12342026,28;14785760,24;15467416,73;15099432,36;19925311,75;19698833,28;22839055,23;
3061000;"Powiat m. Kalisz";239047909,72;269096960,08;286935129,10;314726758,52;343832946,43;366539406,33;422424335,23;420913688,53;392162210,10;481043583,61;
3061011;"Kalisz (1)";239047909,72;269096960,08;286935129,10;314726758,52;343832946,43;366539406,33;422424335,23;420913688,53;392162210,10;481043583,61;
3062000;"Powiat m. Konin";228048796,31;227759001,49;231477857,32;247805276,50;260903854,14;309766235,49;294532385,03;315345756,31;303112545,44;389156155,09;
3062011;"Konin (1)";228048796,31;227759001,49;231477857,32;247805276,50;260903854,14;309766235,49;294532385,03;315345756,31;303112545,44;389156155,09;
3063000;"Powiat m. Leszno";155257987,72;167928437,75;176533135,30;192376236,94;203560484,75;227964214,29;232668748,12;249993951,74;247841399,31;291560268,06;
3063011;"Leszno (1)";155257987,72;167928437,75;176533135,30;192376236,94;203560484,75;227964214,29;232668748,12;249993951,74;247841399,31;291560268,06;
3064000;"Powiat m. Poznań";2004613887,08;2127838158,93;2298017285,24;2451093457,91;2656515009,45;2664274756,55;2909553821,94;3300917103,18;3203657249,54;4119657147,39;
3064011;"Poznań (1)";2004613887,08;2127838158,93;2298017285,24;2451093457,91;2656515009,45;2664274756,55;2909553821,94;3300917103,18;3203657249,54;4119657147,39;
3200000;"ZACHODNIOPOMORSKIE";4203395626,68;4424038948,03;4658837964,49;4886692571,72;5124210693,47;5738794977,04;6134928161,72;6904977834,32;6724910903,83;7976710602,95;
3201000;"Powiat białogardzki";98000730,47;94723631,35;109460702,42;108083068,51;121505690,60;116636040,49;133001227,63;159832246,90;165187733,50;167892372,44;
3201011;"Białogard (1)";41859282,78;43398733,69;44894406,06;47632838,39;57411916,28;55140911,79;63724111,62;74444646,74;70148907,47;80015450,33;
3201022;"Białogard (2)";11751229,79;11947504,74;16438324,41;17365274,22;14410761,73;14986679,63;16596654,17;20272439,43;23347237,97;25796480,58;
3201033;"Karlino (3)";33529176,97;28562819,34;34066781,16;29156492,14;36197100,98;33010875,40;38152916,28;46588444,16;52862199,25;40991917,41;
3201043;"Tychowo (3)";10861040,93;10814573,58;14061190,79;13928463,76;13485911,61;13497573,67;14527545,56;18526716,57;18829388,81;21088524,12;
3202000;"Powiat choszczeński";75218509,50;78564981,44;79202678,20;84707753,88;97427590,30;103632172,06;104949984,35;135775302,14;118108678,67;134321632,10;
3202012;"Bierzwnik (2)";5866913,93;6428411,18;7006643,59;7329791,11;7325273,77;9069718,29;10512262,20;12454335,97;12496997,72;13749752,17;
3202023;"Choszczno (3)";37588863,94;38154732,17;38180635,40;38212282,40;51494142,85;44314943,56;45609372,19;46780289,99;48959717,15;61083720,80;
3202033;"Drawno (3)";9473884,91;8307705,15;8021641,61;10126411,88;9798224,14;13381692,86;13388542,49;15504291,02;14420015,61;14027174,92;
3202042;"Krzęcin (2)";5964319,09;7060025,37;7327068,29;7738205,84;6472002,97;7511975,22;8564263,86;12732536,78;11006183,66;11884856,65;
3202053;"Pełczyce (3)";9694158,43;11035359,88;10892693,58;12727746,99;13492068,28;17402470,87;15403502,69;31111222,29;19605402,37;19623688,83;
3202063;"Recz (3)";6630369,20;7578747,69;7773995,73;8573315,66;8845878,29;11951371,26;11472040,92;17192626,09;11620362,16;13952438,73;
3203000;"Powiat drawski";126595465,82;126920826,87;133367922,59;140768707,43;150985247,20;158354462,80;167750541,59;187509015,15;191511831,47;220230699,16;
3203013;"Czaplinek (3)";20956212,44;19846002,16;22631024,78;23298564,60;28423577,20;29920205,13;28187011,63;33528957,34;33623895,31;36293213,98;
3203023;"Drawsko Pomorskie (3)";38778758,82;41221737,11;40188770,67;41644844,34;48824379,99;52224227,84;53823157,30;59514630,94;63984398,03;73747391,34;
3203033;"Kalisz Pomorski (3)";29586398,12;27937662,42;28113849,62;32238934,26;31969361,54;30935909,79;33320141,61;37107684,53;37911105,79;45867717,15;
3203042;"Ostrowice (2)";3868512,44;3690722,04;3851918,92;4226214,05;;;;;;;
3203052;"Wierzchowo (2)";7358536,02;6584705,00;9822766,54;8829373,52;9118406,60;10469400,68;11055559,11;15055584,58;12942546,43;14311830,52;
3203063;"Złocieniec (3)";26047047,98;27639998,14;28759592,06;30530776,66;32649521,87;34804719,36;41364671,94;42302157,76;43049885,91;50010546,17;
3204000;"Powiat goleniowski";162067483,74;167312796,76;173854782,16;172497311,97;206583870,82;222845825,21;241316876,30;277815811,64;309688385,76;315338957,55;
3204023;"Goleniów (3)";91507053,73;100042382,51;106278857,46;102248743,88;122434038,61;130580923,67;146674987,43;157894795,03;198682293,88;188411044,77;
3204033;"Maszewo (3)";10187175,46;10738848,77;10858793,07;12223080,25;14687431,41;16630627,25;16743030,16;20326323,45;18862036,20;22775263,51;
3204043;"Nowogard (3)";36346709,13;32982173,74;34052859,93;34152386,54;42430628,51;43325213,94;48511469,62;49873094,39;54627731,31;61896610,89;
3204052;"Osina (2)";4641081,91;4637356,12;4220012,71;4917140,96;4857735,10;5920821,56;5724717,89;9301615,41;7934298,44;8525500,20;
3204062;"Przybiernów (2)";7728965,78;8077100,95;7688424,54;8602894,11;10762193,37;14228201,84;11274770,25;14094288,85;13382687,20;14380846,74;
3204073;"Stepnica (3)";11656497,73;10834934,67;10755834,45;10353066,23;11411843,82;12160036,95;12387900,95;26325694,51;16199338,73;19349691,44;
3205000;"Powiat gryficki";148895092,04;175084168,40;222153005,95;169061071,42;173055918,07;182471488,96;200732406,55;250122570,42;227862669,50;270385411,68;
3205012;"Brojce (2)";3224916,87;3493704,53;4211315,51;4354794,82;5325555,72;9387224,21;6807563,95;9876518,88;6754894,60;7736724,19;
3205023;"Gryfice (3)";44197261,78;45787423,34;50997569,79;51894133,23;54753983,10;60010907,10;63927868,42;70142175,62;69398405,89;82989261,15;
3205032;"Karnice (2)";9230848,04;7433233,72;10076829,01;9088598,14;9824379,16;10388990,79;9959188,35;18653986,90;19071241,24;17153244,87;
3205043;"Płoty (3)";11207288,09;11402192,88;13160808,64;13636892,17;16766393,75;20096698,32;19471120,31;20498458,45;19239947,78;23919655,10;
3205072;"Rewal (2)";47374090,84;70912746,36;97336713,40;46899057,37;45456697,38;41403552,47;48602650,01;57751779,28;60070211,93;71486100,21;
3205083;"Trzebiatów (3)";33660686,42;36054867,57;46369769,60;43187595,69;40928908,96;41184116,07;51964015,51;73199651,29;53327968,06;67100426,16;
3206000;"Powiat gryfiński";155200253,09;162394355,41;170757260,59;180786639,78;193146772,96;239055205,59;224483598,06;262006450,00;248895998,38;293849515,77;
3206012;"Banie (2)";8801011,68;9872119,57;8586078,25;9968322,95;9601714,73;15345833,53;14470046,13;15090761,54;17058372,58;18579997,14;
3206023;"Cedynia (3)";9277355,88;10601970,18;10040667,96;10479455,44;12298930,81;17598223,46;12749906,65;15664154,20;14250407,60;14562358,32;
3206033;"Chojna (3)";18015430,05;19859687,72;24129611,23;26402510,54;28089594,23;38011888,22;32960804,91;36241783,42;32171860,03;38998779,93;
3206043;"Gryfino (3)";77202122,98;82177114,57;84489639,34;90218932,68;98771342,76;111398080,09;113729384,59;125040548,89;125356451,13;148869280,69;
3206053;"Mieszkowice (3)";12210506,52;10841164,27;13743948,93;13177843,36;12166777,44;16735155,68;13605730,29;18325073,91;15687306,65;18203996,85;
3206063;"Moryń (3)";5695519,12;5043129,26;5486130,09;5747310,78;5923989,43;8227652,63;7480216,17;10585765,72;8407745,37;10391676,00;
3206072;"Stare Czarnowo (2)";8925187,14;8674904,99;10171664,29;9919255,85;10106963,12;11452913,25;10795434,74;14013632,26;12619001,62;15595430,48;
3206083;"Trzcińsko-Zdrój (3)";7444157,59;7465055,19;7368620,81;7100836,36;8085998,15;9741893,01;9469676,19;13500305,96;10905107,45;13003108,94;
3206092;"Widuchowa (2)";7628962,13;7859209,66;6740899,69;7772171,82;8101462,29;10543565,72;9222398,39;13544424,10;12439745,95;15644887,42;
3207000;"Powiat kamieński";125184346,47;142379936,70;150207524,35;154669368,65;144129236,80;183269847,09;215763712,64;242769420,16;242456562,16;270052263,37;
3207013;"Dziwnów (3)";22908718,65;29479513,04;34248259,09;36861194,93;28607206,93;34529443,48;34498486,87;44042492,51;36741008,78;41714121,63;
3207023;"Golczewo (3)";8578716,90;10753161,90;9088940,61;10497865,91;12284748,07;16468962,08;12654231,35;15692288,53;16854234,32;18867237,62;
3207033;"Kamień Pomorski (3)";26266836,94;29339574,86;27634177,92;28843030,47;30401688,18;32769134,42;39167856,82;48795500,60;37116501,24;44799801,77;
3207043;"Międzyzdroje (3)";35131355,70;43460598,38;44867437,39;42994316,65;40531242,65;52385275,71;72270163,00;67714747,41;96405171,38;105099796,33;
3207052;"Świerzno (2)";5225731,68;5437911,84;4761581,15;5450144,27;7081405,22;8084384,83;9922915,35;13136180,72;10986962,49;12133658,19;
3207063;"Wolin (3)";27072986,60;23909176,68;29607128,19;30022816,42;25222945,75;39032646,57;47250059,25;53388210,39;44352683,95;47437647,83;
3208000;"Powiat kołobrzeski";230048227,79;239896222,27;296646966,05;274089600,43;298464923,43;329304940,51;353903983,00;447127844,49;389002743,60;474049969,71;
3208011;"Kołobrzeg (1)";126505165,55;136465869,18;164439974,21;162358714,91;160923353,30;167882093,49;199008152,49;233740408,22;229868347,12;289775920,91;
3208022;"Dygowo (2)";12054267,16;11636540,57;20613296,10;13265351,52;14191326,91;26914045,04;15452413,31;25767214,19;17683148,40;19193629,58;
3208033;"Gościno (3)";14724566,45;13302816,17;17230018,87;14329289,23;20341513,81;25829822,83;17672916,88;26110815,46;19285787,72;19041544,69;
3208042;"Kołobrzeg (2)";36476255,06;37088197,16;49485531,29;42614185,58;51825338,06;50313184,87;52440056,72;84849075,28;58034721,31;71567420,32;
3208052;"Rymań (2)";10073236,99;10632099,22;9832602,24;8959764,21;14074733,63;19259277,86;22067934,57;19409592,73;14784761,87;24735039,61;
3208062;"Siemyśl (2)";6919255,71;6620038,94;7357595,51;8390074,29;8075281,52;9684136,62;11242739,05;12511164,85;12114550,18;14702202,09;
3208072;"Ustronie Morskie (2)";23295480,87;24150661,03;27687947,83;24172220,69;29033376,20;29422379,80;36019769,98;44739573,76;37231427,00;35034212,51;
3209000;"Powiat koszaliński";157185242,86;167617992,65;162894461,43;188236768,82;196562702,58;213529381,13;234460042,86;278533649,39;252078577,76;337873962,41;
3209012;"Będzino (2)";19524381,93;20831705,78;21723130,81;22286171,13;27201466,72;25597800,70;27433362,54;33125538,81;29373740,76;38862138,23;
3209022;"Biesiekierz (2)";16416971,83;18731557,67;20192116,80;22432862,25;23621927,77;28509814,12;29411522,18;34034765,53;31250607,02;42092354,64;
3209033;"Bobolice (3)";17498630,23;16583832,83;17059655,00;21608044,09;18608661,68;19018535,06;19962842,93;24802740,09;20316737,91;24556314,35;
3209042;"Manowo (2)";14797445,73;12470319,27;12212989,26;19692150,40;16655728,51;15435529,98;17136274,50;22186728,17;16749504,22;19367884,37;
3209052;"Mielno (2)";33904991,29;38590760,73;;;;;;;;;
3209053;"Mielno (3)";;;36716532,07;37692325,45;41018680,08;41506722,97;50487486,46;59925611,54;57298604,85;63146316,37;
3209063;"Polanów (3)";14934951,80;16733359,07;14907834,13;17590107,11;20832535,20;18225391,31;25262745,94;27747936,20;25382219,20;56913174,26;
3209073;"Sianów (3)";23314444,72;28010944,26;23389821,95;26145161,95;27291387,74;37671941,29;36518951,28;42567794,84;41326124,43;52548399,39;
3209082;"Świeszyno (2)";16793425,33;15665513,04;16692381,41;20789946,44;21332314,88;27563645,70;28246857,03;34142534,21;30381039,37;40387380,80;
3210000;"Powiat myśliborski";135164035,95;138446718,06;151031947,04;155267568,53;167763108,68;186404334,92;208237287,12;224244498,69;244565718,29;261898754,47;
3210013;"Barlinek (3)";41392135,73;38979705,65;45278102,85;41063338,08;46514657,29;51269067,32;55847166,55;56190805,64;79713446,04;69224452,23;
3210022;"Boleszkowice (2)";6380248,80;6969619,13;6939668,01;8092907,35;5981654,57;7724502,84;7686654,75;17234824,54;9694116,57;12183926,72;
3210033;"Dębno (3)";50215576,74;53778326,36;56448000,39;60979922,91;64529677,99;67462025,66;77459249,67;77000397,68;78735497,00;96120977,50;
3210043;"Myślibórz (3)";32343692,88;33578002,04;37320960,26;39954647,92;44603472,98;51015544,94;59381809,55;63686779,91;66064453,06;74237182,38;
3210052;"Nowogródek Pomorski (2)";4832381,80;5141064,88;5045215,53;5176752,27;6133645,85;8933194,16;7862406,60;10131690,92;10358205,62;10132215,64;
3211000;"Powiat policki";220087701,33;227968810,82;256567564,58;277748827,51;309635728,39;319580017,86;365581835,25;370881591,76;385686178,07;513359845,10;
3211012;"Dobra (Szczecińska) (2)";59793746,80;63099583,44;80877380,89;86402031,15;99252313,53;105479803,28;113307008,35;126343975,37;142299610,38;170731955,38;
3211022;"Kołbaskowo (2)";32104823,75;39843763,44;40365581,35;49479177,23;56964460,95;62457995,94;87275758,04;73130284,18;69086998,89;88864583,80;
3211033;"Nowe Warpno (3)";7618493,51;4940237,72;4199832,70;4391212,51;5169676,56;5883878,23;5608000,76;8477322,16;6734477,79;15630453,92;
3211043;"Police (3)";120570637,27;120085226,22;131124769,64;137476406,62;148249277,35;145758340,41;159391068,10;162930010,05;167565091,01;238132852,00;
3212000;"Powiat pyrzycki";59944735,72;61372383,26;63033761,62;67766744,83;75149501,68;86133990,30;85140304,49;124353379,22;94804416,87;113251019,39;
3212012;"Bielice (2)";4139744,44;4268286,11;4518282,27;4407538,86;4501218,80;6166734,75;5152532,31;10372280,92;6304316,23;7736056,57;
3212022;"Kozielice (2)";5662492,40;6742764,25;5764529,74;6436455,37;7006772,81;10889574,33;7051462,31;29971202,86;7666538,06;10945134,00;
3212033;"Lipiany (3)";6694672,39;6378932,78;6825255,27;7253029,46;8071369,38;8850181,53;8849080,30;13870527,11;10802828,46;11090089,91;
3212042;"Przelewice (2)";9956733,69;10110728,18;10088698,03;10521299,31;11698654,79;12727508,59;12826221,11;15295110,97;15277396,11;19895463,13;
3212053;"Pyrzyce (3)";29859819,87;29910792,98;31347643,69;34845246,03;39435912,15;39223503,24;45254991,52;46521615,20;48330400,01;54364374,94;
3212062;"Warnice (2)";3631272,93;3960878,96;4489352,62;4303175,80;4435573,75;8276487,86;6006016,94;8322642,16;6422938,00;9219900,84;
3213000;"Powiat sławieński";147950978,66;144840682,85;164273839,04;181123920,25;188089221,77;188129386,90;219521571,82;282308479,09;223990497,00;232547917,50;
3213011;"Darłowo (1)";30834680,58;36969002,58;41049608,36;38534187,45;51634234,45;51775211,24;63388765,33;63005226,02;56790115,01;51197725,67;
3213021;"Sławno (1)";22329380,67;23383024,25;23950857,63;25369688,38;26773505,39;30771044,03;29076043,37;37989890,57;28153282,45;33503344,82;
3213032;"Darłowo (2)";37570704,95;29107456,70;34820458,63;56076693,83;33031221,84;36800535,00;44973454,63;69136297,47;43423577,56;49212997,09;
3213042;"Malechowo (2)";17242307,85;14458068,41;16375793,19;15210089,60;18132623,31;16059716,43;21207927,17;29445784,49;21090541,19;23117941,95;
3213052;"Postomino (2)";24566871,98;25898689,77;29059190,58;29489219,16;42098365,93;34412299,85;41843716,18;52775244,01;51440069,71;46623248,63;
3213062;"Sławno (2)";15407032,63;15024441,14;19017930,65;16444041,83;16419270,85;18310580,35;19031665,14;29956036,53;23092911,08;28892659,34;
3214000;"Powiat stargardzki";211297972,31;221386555,24;246627070,57;267313147,12;276216864,66;309212996,17;335860293,78;449256598,14;408518129,26;498595795,00;
3214011;"Stargard (1)";130635317,73;144331584,20;155551506,28;174082759,38;175931367,11;186299614,86;204106640,54;272712980,26;253105227,53;310404510,28;
3214023;"Chociwel (3)";8121293,64;8383790,32;9413873,58;8853293,69;10725854,77;11235400,82;12991886,92;15586450,84;15318299,13;16316146,88;
3214033;"Dobrzany (3)";5493393,58;5474441,86;5368058,08;6194487,48;6935504,17;8923915,24;7996406,73;12521256,52;9578329,61;12983356,10;
3214042;"Dolice (2)";9962017,18;9002660,30;9062430,68;9723626,09;11098793,40;12680392,48;16316120,56;19791145,87;17301724,79;21304725,63;
3214053;"Ińsko (3)";5678898,35;5490825,23;5968071,78;6191468,17;7082336,71;7122745,02;7948750,37;11269584,53;8289127,39;12842391,15;
3214062;"Kobylanka (2)";16436249,74;13625546,15;16104947,24;18107146,90;20351460,60;20835308,05;24163413,84;36352030,08;28749933,41;37855022,46;
3214082;"Marianowo (2)";3391397,73;3045585,47;3229391,98;3334488,00;3723421,68;7382059,45;5265727,89;7830198,45;5546087,78;6422135,10;
3214092;"Stara Dąbrowa (2)";7624435,62;6843851,79;7791771,38;7268263,42;8055528,14;10981759,50;12640641,87;13737136,14;10747892,24;11730080,90;
3214102;"Stargard (2)";16259578,29;19075345,55;24707653,73;25646680,80;24629962,19;33748376,37;34585033,93;43480366,31;48724296,15;55783295,83;
3214113;"Suchań (3)";7695390,45;6112924,37;9429365,84;7910933,19;7682635,89;10003424,38;9845671,13;15975449,14;11157211,23;12954130,67;
3215000;"Powiat szczecinecki";138166254,26;140892429,93;159918261,14;168057395,38;168018962,76;182087451,42;199076318,70;218588662,82;226699907,33;279536123,74;
3215011;"Szczecinek (1)";78413871,80;84109993,79;95670325,28;86096777,77;94079772,33;99501179,36;113896945,40;112696156,04;115983419,86;160694580,15;
3215023;"Barwice (3)";12347123,20;11721614,66;11635798,70;14153023,87;14291954,66;15515281,56;20386878,48;20948869,33;19816623,22;23315301,97;
3215033;"Biały Bór (3)";12143445,14;10680362,67;10290739,59;14342302,86;12448471,28;12692709,40;13787365,13;17177194,72;21330718,22;23696537,97;
3215043;"Borne Sulinowo (3)";16780938,47;15974337,81;17592521,68;24385117,51;21992399,79;23039217,03;23459427,54;28786519,74;28795962,76;32216444,88;
3215052;"Grzmiąca (2)";7080881,57;7025901,18;7969881,69;9880876,57;8494727,00;9099337,05;9089278,00;12493820,03;10334266,93;11888249,35;
3215062;"Szczecinek (2)";11399994,08;11380219,82;16758994,20;19199296,80;16711637,70;22239727,02;18456424,15;26486102,96;30438916,34;27725009,42;
3216000;"Powiat świdwiński";81864659,44;82230168,25;87734428,48;98915831,52;97367534,67;108381107,03;111384970,91;132769060,89;128686026,54;150139449,57;
3216011;"Świdwin (1)";28906330,44;31004968,59;30694830,43;33641256,82;35023473,02;36092789,78;43393766,16;43982438,87;48259789,17;53733518,23;
3216022;"Brzeżno (2)";3619946,31;4008239,45;6794092,41;6232065,87;4558201,04;5505818,09;5071730,17;11422910,28;5587650,30;6528965,53;
3216033;"Połczyn-Zdrój (3)";29239627,56;27398593,66;29433245,88;30059505,01;33870345,74;36638560,04;35565603,10;41508609,48;43857034,68;47858943,44;
3216042;"Rąbino (2)";4644619,83;4700954,51;4893388,04;6949841,60;5415503,78;8643910,23;5723208,99;9114415,71;7449196,32;11259666,33;
3216052;"Sławoborze (2)";6518427,21;6626209,65;7137567,85;10570400,19;8513598,00;10876047,06;8632593,33;11695518,90;9574020,59;11227080,09;
3216062;"Świdwin (2)";8935708,09;8491202,39;8781303,87;11462762,03;9986413,09;10623981,83;12998069,16;15045167,65;13958335,48;19531275,95;
3217000;"Powiat wałecki";98125837,27;103732816,79;98840504,41;109068661,79;122101943,88;127098500,78;150768186,06;166971143,86;162414562,03;198703184,60;
3217011;"Wałcz (1)";47542508,36;56875330,18;50102998,92;54465654,71;60239907,97;63292176,11;76334281,46;79215939,29;81538791,44;104598788,09;
3217023;"Człopa (3)";7665564,48;7057219,55;7712084,70;9190175,92;11557488,39;9665654,97;10142481,64;13183315,73;11277936,92;13267767,19;
3217033;"Mirosławiec (3)";12008479,04;11760420,79;11780263,31;13950378,22;16810758,23;15826611,94;21173189,49;23489954,12;20526022,93;24534862,95;
3217043;"Tuczno (3)";6572993,53;6935877,42;6932325,36;7237515,33;7994986,70;8345749,39;11631614,73;14173137,98;12571823,92;14817395,05;
3217052;"Wałcz (2)";24336291,86;21103968,85;22312832,12;24224937,61;25498802,59;29968308,37;31486618,74;36908796,74;36499986,82;41484371,32;
3218000;"Powiat łobeski";63770673,20;61357433,16;66353639,06;70362338,42;81754776,76;96577334,36;81383178,87;105979429,12;91597469,71;113665499,66;
3218013;"Dobra (3)";5408797,52;5288715,48;5237194,33;5209126,50;6239716,97;6725398,51;6489236,17;10571355,70;8126025,13;8352409,47;
3218023;"Łobez (3)";27025529,45;26463185,55;29333802,88;30334774,64;38481267,58;38893283,85;34770910,05;41836473,47;38212073,25;47604608,88;
3218032;"Radowo Małe (2)";5404139,27;4745424,32;4845266,15;5172929,88;5839368,55;6502936,88;6132666,57;9269392,99;7618440,38;8086722,98;
3218043;"Resko (3)";15235131,79;14485827,17;16110914,14;17632406,33;17600375,04;19416276,72;19933462,33;23342765,76;20880695,63;29888597,94;
3218053;"Węgorzyno (3)";10697075,17;10374280,64;10826461,56;12013101,07;13594048,62;25039438,40;14056903,75;20959441,20;16760235,32;19733160,39;
3261000;"Powiat m. Koszalin";269728090,01;289123479,62;305404783,68;324561342,99;343231636,15;384069371,20;415977405,26;409357624,72;390352465,97;503765977,71;
3261011;"Koszalin (1)";269728090,01;289123479,62;305404783,68;324561342,99;343231636,15;384069371,20;415977405,26;409357624,72;390352465,97;503765977,71;
3262000;"Powiat m. Szczecin";1350327365,11;1372045811,51;1343421823,40;1431825735,70;1545380665,16;1739014167,19;1833288635,55;1919464414,12;1934733097,41;2309166461,14;
3262011;"Szczecin (1)";1350327365,11;1372045811,51;1343421823,40;1431825735,70;1545380665,16;1739014167,19;1833288635,55;1919464414,12;1934733097,41;2309166461,14;
3263000;"Powiat m. Świnoujście";148571971,64;225746746,69;217085037,73;261780766,79;167638796,15;263006955,07;252345800,93;259310641,60;288069254,55;318085790,88;
3263011;"Świnoujście (1)";148571971,64;225746746,69;217085037,73;261780766,79;167638796,15;263006955,07;252345800,93;259310641,60;288069254,55;318085790,88;
