"Kod";"Nazwa";"gminy łącznie z miastami na prawach powiatu;wydatki majątkowe inwestycyjne;2015;[zł]";"gminy łącznie z miastami na prawach powiatu;wydatki majątkowe inwestycyjne;2016;[zł]";"gminy łącznie z miastami na prawach powiatu;wydatki majątkowe inwestycyjne;2017;[zł]";"gminy łącznie z miastami na prawach powiatu;wydatki majątkowe inwestycyjne;2018;[zł]";"gminy łącznie z miastami na prawach powiatu;wydatki majątkowe inwestycyjne;2019;[zł]";"gminy łącznie z miastami na prawach powiatu;wydatki majątkowe inwestycyjne;2020;[zł]";"gminy łącznie z miastami na prawach powiatu;wydatki majątkowe inwestycyjne;2021;[zł]";"gminy łącznie z miastami na prawach powiatu;wydatki majątkowe inwestycyjne;2022;[zł]";"gminy łącznie z miastami na prawach powiatu;wydatki majątkowe inwestycyjne;2023;[zł]";"gminy łącznie z miastami na prawach powiatu;wydatki majątkowe inwestycyjne;2024;[zł]";
0000000;"POLSKA";26420644694,45;18361878547,50;25473300823,85;39474631016,06;37089004573,14;34774071757,61;35677904813,96;45237572194,93;65433481577,43;60254138722,47;
0200000;"DOLNOŚLĄSKIE";2092537796,06;1564870017,43;2107745343,06;3560104476,23;2667484211,80;2449523854,70;2871518216,26;3862790541,69;5374209593,54;4707715294,52;
0201000;"Powiat bolesławiecki";50651102,96;36786701,97;65967202,61;126275971,67;68775484,30;35885841,07;66913053,36;79065713,49;154505081,95;178277580,39;
0201011;"Bolesławiec (1)";22294164,58;11364485,50;21039778,87;44833090,98;10950224,96;5393080,53;30276796,26;26649029,60;76135395,19;91720509,14;
0201022;"Bolesławiec (2)";10639825,77;8799550,08;17921677,70;14238430,77;22652106,57;13330017,21;10627077,55;8538953,01;14703715,52;15036041,41;
0201032;"Gromadka (2)";3677982,87;5432200,26;5872656,16;21525035,77;7482636,43;6191788,77;15767619,16;17986464,35;14415737,22;26446287,38;
0201043;"Nowogrodziec (3)";8631426,70;4279106,12;9539624,90;25730563,45;14882269,26;5618699,97;4210440,72;13940679,55;16965396,24;10069404,81;
0201052;"Osiecznica (2)";2139906,70;4479122,43;6134216,88;12568689,15;9095071,85;2097465,06;2857807,90;4461491,61;22220522,91;18907431,48;
0201062;"Warta Bolesławiecka (2)";3267796,34;2432237,58;5459248,10;7380161,55;3713175,23;3254789,53;3173311,77;7489095,37;10064314,87;16097906,17;
0202000;"Powiat dzierżoniowski";52647240,90;36964778,15;42941459,05;98804787,40;67997041,53;58828007,39;63418667,99;116565795,82;173654620,20;152658003,58;
0202011;"Bielawa (1)";19472152,03;10553873,72;8622096,46;27038433,46;16078962,19;21505077,85;14988858,40;40072544,60;52157857,57;44859180,41;
0202021;"Dzierżoniów (1)";13333791,51;15974166,56;18613417,26;34954798,24;25151354,51;18430116,83;18110332,29;29868497,82;48960831,28;39409053,76;
0202031;"Pieszyce (1)";4190819,86;;;;;;;;;;
0202033;"Pieszyce (3)";;2417501,29;3815866,16;13841719,57;5500574,57;4504575,31;6777471,55;12182380,63;11201697,73;21427123,53;
0202041;"Piława Górna (1)";3345324,79;1822874,19;3448263,38;5874750,83;6695462,87;1904068,50;7537151,87;7138523,78;9720313,61;5823630,58;
0202052;"Dzierżoniów (2)";8158297,35;3645637,50;3265552,21;11321661,20;9027018,07;4911695,20;7221959,60;5297616,28;18466030,28;10304567,21;
0202062;"Łagiewniki (2)";2582841,51;1233813,60;3760162,11;2083832,11;1575242,74;3224998,47;3686794,80;13236135,28;17927475,05;13728598,71;
0202073;"Niemcza (3)";1564013,85;1316911,29;1416101,47;3689591,99;3968426,58;4347475,23;5096099,48;8770097,43;15220414,68;17105849,38;
0203000;"Powiat głogowski";49188653,52;59249584,93;74238022,57;103799982,84;119582461,41;75626068,76;72514441,34;106395755,52;176682760,14;151558097,46;
0203011;"Głogów (1)";26742428,18;41468628,90;48210903,93;59260004,68;88805350,00;42033790,67;46232375,52;48991873,41;84343115,37;92431635,99;
0203022;"Głogów (2)";2907454,35;2404845,76;4321193,57;10375154,47;6820107,21;7527217,47;10204522,02;12799071,67;21705761,82;10021568,77;
0203032;"Jerzmanowa (2)";9138753,66;9654266,62;12232925,76;19957259,50;16161549,93;20440438,05;7170557,35;16839223,07;18288893,80;12591501,99;
0203042;"Kotla (2)";3701384,54;1951741,88;5210956,37;7004690,58;2374439,94;1703297,34;2193301,88;9151820,84;12822816,05;18501621,09;
0203052;"Pęcław (2)";4722911,29;99831,00;529467,73;733895,54;381256,55;1037293,24;372573,92;6100652,55;11235476,21;7294160,83;
0203062;"Żukowice (2)";1975721,50;3670270,77;3732575,21;6468978,07;5039757,78;2884031,99;6341110,65;12513113,98;28286696,89;10717608,79;
0204000;"Powiat górowski";17813191,50;15450053,04;20372567,17;34766085,83;17552957,05;21748886,79;27668715,41;46732028,38;45494191,89;40340312,46;
0204013;"Góra (3)";9876432,04;10356465,23;15301391,57;22598939,32;11029561,75;12721276,39;12375863,67;22500604,47;22024262,09;13158288,52;
0204022;"Jemielno (2)";446612,57;404575,41;1029103,38;1325461,13;1459890,32;1385783,11;2022992,46;1061719,57;4481704,87;4620342,43;
0204032;"Niechlów (2)";1251806,26;1208091,53;1781376,42;3064306,33;4011295,57;3303062,65;4210101,68;4931156,52;6395991,25;17486937,78;
0204043;"Wąsosz (3)";6238340,63;3480920,87;2260695,80;7777379,05;1052209,41;4338764,64;9059757,60;18238547,82;12592233,68;5074743,73;
0205000;"Powiat jaworski";25977991,00;13737845,57;34087424,40;70582583,03;47545921,53;57398704,81;44716493,71;68390557,04;114944270,18;100746592,44;
0205011;"Jawor (1)";5609664,49;3323685,11;11748887,24;25996681,32;17560313,68;43093006,78;24327943,93;32350753,64;42892130,93;39510404,17;
0205023;"Bolków (3)";2072402,27;1809026,47;4806282,55;17845370,40;16970829,10;1893252,36;5452574,33;4487273,27;12046198,04;10744997,53;
0205032;"Męcinka (2)";2644675,94;1165298,91;5114132,44;9645417,12;5254320,29;2302723,60;5531146,61;15968497,64;19481866,22;22239203,43;
0205042;"Mściwojów (2)";12107751,42;3419949,67;4791889,08;6879809,77;2317933,07;2131509,47;4774285,50;5087877,04;21036076,08;8221665,98;
0205052;"Paszowice (2)";2256643,39;985478,72;1803121,68;605593,35;1067434,06;7021669,03;1966229,46;6488340,72;11861736,94;4383658,79;
0205062;"Wądroże Wielkie (2)";1286853,49;3034406,69;5823111,41;9609711,07;4375091,33;956543,57;2664313,88;4007814,73;7626261,97;15646662,54;
0206000;"Powiat karkonoski";40035063,02;19747361,65;56877048,11;90404133,22;61950525,52;41338145,81;44014939,84;93783369,37;198159524,34;162389179,04;
0206011;"Karpacz (1)";8267322,47;3917508,17;15780145,13;26566984,88;11145713,70;6064510,40;6674191,74;7623673,89;16220420,15;28209257,41;
0206021;"Kowary (1)";3687038,02;1510379,23;1816524,27;4534300,65;5375413,91;3298564,79;2826143,92;7941475,95;21228983,47;15324952,06;
0206031;"Piechowice (1)";2230864,80;1987828,98;2332801,58;4751231,51;4414798,64;3210951,60;4349118,94;8149342,75;17977146,35;16129493,00;
0206041;"Szklarska Poręba (1)";8722347,63;3518341,28;7882494,24;9205128,45;9927900,38;14518413,43;4136748,14;19213805,94;18379549,72;18422883,51;
0206052;"Janowice Wielkie (2)";1549562,10;1245245,03;483255,17;2420205,84;719130,51;377554,75;2890620,40;4075904,71;4930932,99;5172515,34;
0206062;"Jeżów Sudecki (2)";6542267,37;3608330,66;8218889,57;14329090,95;4409240,27;5097748,78;9381525,12;7518531,70;21475398,36;28235965,61;
0206072;"Mysłakowice (2)";2674330,52;691369,61;4927854,89;6369945,49;12797067,18;2133794,10;6051754,31;18229795,67;61014915,87;15496762,26;
0206082;"Podgórzyn (2)";1660943,01;2245578,19;10537553,97;16757093,02;11265133,23;4020405,26;6273789,51;13904773,91;26302185,76;20232491,37;
0206092;"Stara Kamienica (2)";4700387,10;1022780,50;4897529,29;5470152,43;1896127,70;2616202,70;1431047,76;7126064,85;10629991,67;15164858,48;
0207000;"Powiat kamiennogórski";15353143,48;12139021,45;32916501,39;45767913,05;41293187,94;33815756,94;29587571,69;31467319,49;38281682,87;65516621,42;
0207011;"Kamienna Góra (1)";1065121,32;1190630,63;7597099,57;13012953,00;28432642,94;21612119,93;12582140,64;13996586,08;17313258,17;31137834,88;
0207022;"Kamienna Góra (2)";3984995,24;3716168,85;7839466,47;12005253,37;8134563,76;6243097,75;9201069,73;12187094,01;14000707,58;18249331,18;
0207033;"Lubawka (3)";8827555,89;5067839,93;11540234,73;10487065,14;4289066,46;4374465,62;5039808,50;1854410,16;1737220,51;12043264,47;
0207042;"Marciszów (2)";1475471,03;2164382,04;5939700,62;10262641,54;436914,78;1586073,64;2764552,82;3429229,24;5230496,61;4086190,89;
0208000;"Powiat kłodzki";51869014,38;69373391,37;124918561,88;178335642,04;149321067,60;109865195,89;119789425,34;183086078,42;373420031,77;338837444,11;
0208011;"Duszniki-Zdrój (1)";3450135,85;14572781,95;6739044,41;3608249,11;3930763,52;5077997,59;1904707,95;3423945,07;19501839,33;9381732,94;
0208021;"Kłodzko (1)";3142623,11;6171838,02;5727868,65;26022126,82;15054673,92;14515988,40;13669781,52;12561933,13;63488672,25;21864951,86;
0208031;"Kudowa-Zdrój (1)";2590941,26;2770148,65;2987088,91;4233425,77;8748789,13;8904130,46;8176733,71;11058082,56;19737600,86;24095483,40;
0208041;"Nowa Ruda (1)";4092863,75;3996584,41;28330322,90;21657911,60;15265571,56;16353870,76;7528898,50;10381524,53;20951822,08;27402419,65;
0208051;"Polanica-Zdrój (1)";1840622,31;1814952,72;5587467,28;5344710,93;4176126,68;10260377,67;13753738,37;17519322,86;54189910,28;45810910,76;
0208063;"Bystrzyca Kłodzka (3)";5465305,55;7007377,16;21909502,62;15802701,14;18998399,75;6399672,23;14133415,37;16611367,32;33100186,75;31621841,62;
0208072;"Kłodzko (2)";9094556,53;11134928,00;8201280,27;16839185,14;12674667,09;14518778,04;9902371,17;27461892,06;23879107,24;30470632,31;
0208083;"Lądek-Zdrój (3)";2047432,64;2727409,80;8775551,87;17720952,62;24246504,36;8628038,53;4699951,99;8252582,64;24219540,34;18197451,51;
0208092;"Lewin Kłodzki (2)";703427,67;965855,18;2109464,07;8597545,95;5265160,68;5242772,37;4051159,96;6707006,18;24993362,29;15571062,39;
0208103;"Międzylesie (3)";1070433,01;2170787,11;1875738,57;4347763,27;2910705,93;2709103,38;3361923,70;9934973,37;13733562,80;21420733,42;
0208112;"Nowa Ruda (2)";6491560,33;5393550,76;14083828,28;19228124,67;16079892,50;5160150,84;7545419,32;21052490,49;23250704,69;28238062,21;
0208123;"Radków (3)";4183366,79;5637498,55;7506654,96;13198103,42;12196223,85;4278697,40;10445248,45;10731988,22;24403531,15;31234107,32;
0208133;"Stronie Śląskie (3)";6754980,13;3854857,60;7096241,51;13095589,93;5550229,95;5034835,83;13418858,96;19784266,48;17671071,56;18441153,35;
0208143;"Szczytna (3)";940765,45;1154821,46;3988507,58;8639251,67;4223358,68;2780782,39;7197216,37;7604703,51;10299120,15;15086901,37;
0209000;"Powiat legnicki";29970460,60;25201161,50;36240282,10;44795346,77;34193943,53;39795957,43;39105770,50;75612852,63;97360762,10;121642253,80;
0209011;"Chojnów (1)";6579908,77;3091378,99;6484427,00;7061445,44;4724337,70;3675281,45;4404250,16;8670396,85;7043364,77;7477347,20;
0209022;"Chojnów (2)";4558912,97;6657219,40;4501475,65;8875624,00;6981175,93;6965913,54;9427154,06;19884398,43;16424101,49;24247427,72;
0209032;"Krotoszyce (2)";1829802,73;774893,54;4295103,60;1321632,53;2011797,65;3233185,98;3449167,98;10720101,02;10904290,47;7825006,22;
0209042;"Kunice (2)";5808160,80;3792760,50;3964779,62;4747477,87;5530046,76;5449302,15;2751111,46;3551365,24;5151212,33;9974642,92;
0209052;"Legnickie Pole (2)";4794033,06;2900343,50;5589765,28;6964411,39;5577070,57;9861040,37;6832813,73;15224326,17;16261672,10;19872981,35;
0209062;"Miłkowice (2)";3161290,10;2320531,46;3590082,37;6651438,07;3916414,59;5303910,32;2867993,92;7442108,44;7879814,51;14003410,24;
0209073;"Prochowice (3)";1830285,69;3896950,48;7096777,60;9004137,01;5082370,27;4114250,94;8151466,58;6531901,20;27890426,66;23192195,52;
0209082;"Ruja (2)";1408066,48;1767083,63;717870,98;169180,46;370730,06;1193072,68;1221812,61;3588255,28;5805879,77;15049242,63;
0210000;"Powiat lubański";29712799,34;17590098,56;23827375,34;64909505,99;37432770,59;24695771,93;35319074,32;55185872,96;110296026,86;95868615,99;
0210011;"Lubań (1)";1786218,79;3770961,15;6056876,62;9374391,35;11427130,81;6589098,95;6551449,51;13876355,98;30406387,60;29376916,85;
0210021;"Świeradów-Zdrój (1)";6749090,93;4400024,43;7306700,72;44062098,45;13771630,76;3067970,08;9476268,66;11231283,93;18569944,72;15396116,72;
0210033;"Leśna (3)";6909606,08;2992461,46;4196914,23;2667941,73;3560748,89;1964074,84;6142461,28;13635011,69;23880626,62;17852586,28;
0210042;"Lubań (2)";6464832,08;2401802,37;1314533,28;5234410,51;3951397,82;5806137,18;7949866,01;7430504,68;12490794,39;8893670,22;
0210053;"Olszyna (3)";6682744,91;2797359,53;2159235,32;1829404,43;3340932,04;4816933,32;2131409,81;3254643,47;6271388,57;7798554,01;
0210062;"Platerówka (2)";287668,23;444257,64;381718,64;236890,76;379306,95;737968,70;468479,57;374135,41;5063826,11;8540707,00;
0210072;"Siekierczyn (2)";832638,32;783231,98;2411396,53;1504368,76;1001623,32;1713588,86;2599139,48;5383937,80;13613058,85;8010064,91;
0211000;"Powiat lubiński";48515981,27;44754666,58;81875924,07;127770631,11;66197402,03;47909182,43;131785871,24;196721920,45;253228433,48;153076017,49;
0211011;"Lubin (1)";25241608,74;18095240,39;38859893,16;64688202,40;28693692,86;13197810,22;34101553,80;112552583,29;87187716,14;68521426,32;
0211022;"Lubin (2)";7243888,40;12234985,58;25389058,12;23471562,87;14430132,02;9107142,70;17373643,92;17403922,02;23210912,84;37241570,94;
0211032;"Rudna (2)";8668127,95;5187366,97;6985380,27;12298527,15;10227781,92;5817535,73;7922870,32;11858534,99;32495240,18;32842757,76;
0211043;"Ścinawa (3)";7362356,18;9237073,64;10641592,52;27312338,69;12845795,23;19786693,78;72387803,20;54906880,15;110334564,32;14470262,47;
0212000;"Powiat lwówecki";19913502,56;11277751,96;28890374,97;80795140,57;51171774,72;25670487,04;22002111,57;47111651,97;77749065,16;85534367,15;
0212013;"Gryfów Śląski (3)";5378715,48;2907565,58;8836212,08;14470838,84;12783552,22;5079606,35;5132924,99;7315011,52;9730300,11;18326066,29;
0212023;"Lubomierz (3)";2142858,76;1398625,88;1766695,13;2252299,27;13117154,78;542428,62;4950361,32;8801687,97;15563699,76;19778566,59;
0212033;"Lwówek Śląski (3)";7289859,30;3403450,51;8126222,46;25048333,03;9772841,28;5985679,77;6398754,46;13219977,88;30215543,57;15142683,71;
0212043;"Mirsk (3)";1815540,37;1965561,10;8036631,37;31718377,03;6219890,87;7418766,86;2979799,46;9799825,35;15561913,58;15089681,35;
0212053;"Wleń (3)";3286528,65;1602548,89;2124613,93;7305292,40;9278335,57;6644005,44;2540271,34;7975149,25;6677608,14;17197369,21;
0213000;"Powiat milicki";26479065,28;20500008,18;14997581,76;32394611,28;26174269,97;20732557,79;24343811,20;30638157,72;55828961,82;42278353,20;
0213012;"Cieszków (2)";1480390,47;562043,48;1573143,79;1620675,00;1485740,26;2523995,08;3572063,28;3459654,87;13369033,93;6214201,83;
0213022;"Krośnice (2)";13820669,25;12234154,34;4177125,74;6622403,22;9838723,88;3702663,47;7274681,51;6463905,35;15824671,81;19476747,33;
0213033;"Milicz (3)";11178005,56;7703810,36;9247312,23;24151533,06;14849805,83;14505899,24;13497066,41;20714597,50;26635256,08;16587404,04;
0214000;"Powiat oleśnicki";59261804,45;45296342,40;70655613,68;93872798,93;75033231,13;69200048,82;76688219,13;129149723,54;218745726,12;164407599,07;
0214011;"Oleśnica (1)";19296424,57;18124002,81;23881146,10;28206020,13;27581837,18;29953355,18;30047578,90;33398242,41;48642234,82;45101641,77;
0214023;"Bierutów (3)";5562669,57;2873166,87;4760890,01;7687147,10;5308777,20;5046890,16;6566095,66;13562957,67;19467656,84;9284582,66;
0214032;"Dobroszyce (2)";1235737,72;4802628,46;11822016,26;5960265,08;8667829,67;4639385,90;8923083,02;27104313,31;22311954,17;16975234,35;
0214042;"Dziadowa Kłoda (2)";1391877,36;1001278,75;747920,00;1554719,91;1619092,29;1271954,20;3504502,92;11162376,87;13456533,77;14434351,87;
0214053;"Międzybórz (3)";3023651,69;1294627,50;1043750,83;7247481,22;4313625,17;1558181,90;5764724,95;1689181,56;20930092,89;13561788,94;
0214062;"Oleśnica (2)";4360200,60;3782692,02;6254102,75;9766126,22;12075414,36;10449284,15;7911345,86;11717918,80;15661628,57;19575397,24;
0214073;"Syców (3)";4032528,22;3511573,62;5041570,68;13056154,36;8991981,43;8404331,69;9364266,77;20132241,95;22873121,37;12664199,64;
0214083;"Twardogóra (3)";20358714,72;9906372,37;17104217,05;20394884,91;6474673,83;7876665,64;4606621,05;10382490,97;55402503,69;32810402,60;
0215000;"Powiat oławski";53117996,10;40320958,90;59256540,58;98087566,65;85614463,53;56208978,53;74236268,87;93099599,57;101761451,17;117022725,90;
0215011;"Oława (1)";12566997,33;16834971,48;18717929,71;37028519,50;29946375,60;17142002,66;29963372,59;35471421,65;28374769,83;31901384,72;
0215022;"Domaniów (2)";887908,00;852800,43;2053260,10;5035710,84;3352504,08;5005297,08;3115145,85;6722591,76;20831394,26;15693945,83;
0215033;"Jelcz-Laskowice (3)";14847298,07;11949005,06;21589693,92;22520562,26;23111873,63;22100869,90;29525683,06;29832929,86;25429695,41;46061709,60;
0215042;"Oława (2)";24815792,70;10684181,93;16895656,85;33502774,05;29203710,22;11960808,89;11632067,37;21072656,30;27125591,67;23365685,75;
0216000;"Powiat polkowicki";49641753,78;48655361,07;79686088,49;125962617,22;95307692,55;79223632,39;128819391,03;98135779,88;210964870,91;173607783,13;
0216013;"Chocianów (3)";6837678,02;8048973,82;9147611,00;3734259,09;2491015,52;5299844,32;5416811,74;16024501,45;45017915,82;23718966,45;
0216022;"Gaworzyce (2)";7759777,89;4391913,12;9129194,70;6675009,68;7994560,70;3641372,83;8866489,32;12939799,11;13027096,10;12423995,16;
0216032;"Grębocice (2)";5739195,82;9603080,11;16771559,81;16777315,51;16399833,18;9675127,70;24070624,40;15340143,89;28574103,23;41426729,21;
0216043;"Polkowice (3)";21410336,89;21501065,56;29741465,18;78352951,05;55149574,43;44783816,45;67980133,41;30114877,78;76662370,94;45977972,55;
0216053;"Przemków (3)";1713372,03;557152,62;2288807,07;2107132,73;3259181,94;2198597,68;4452882,29;3323700,56;12202627,83;25788332,49;
0216062;"Radwanice (2)";6181393,13;4553175,84;12607450,73;18315949,16;10013526,78;13624873,41;18032449,87;20392757,09;35480756,99;24271787,27;
0217000;"Powiat strzeliński";23994388,72;12525919,48;28062831,99;42416172,10;22506504,88;17738629,26;24530056,28;32884584,91;73547758,15;65754078,03;
0217012;"Borów (2)";3092928,29;2022891,14;2701429,93;10670102,51;1380625,18;1737838,43;5642528,28;7813234,76;12042187,24;8515973,07;
0217022;"Kondratowice (2)";2206235,18;496071,00;2884155,98;2837052,38;556988,96;624512,60;717842,51;2305287,13;6616686,97;10562220,24;
0217032;"Przeworno (2)";5344224,62;1270562,88;1012149,80;1485687,50;1271655,01;1376959,77;732862,75;3080465,19;5560251,87;1306808,34;
0217043;"Strzelin (3)";10960640,24;6685794,36;18806143,21;20708399,31;13714924,10;11688202,16;10112008,84;14925133,27;33132404,82;24603568,41;
0217053;"Wiązów (3)";2390360,39;2050600,10;2658953,07;6714930,40;5582311,63;2311116,30;7324813,90;4760464,56;16196227,25;20765507,97;
0218000;"Powiat średzki";35837958,30;38771809,00;55911685,32;95909886,95;49226802,31;41931034,68;58763067,13;100919320,07;133938363,64;120143632,06;
0218012;"Kostomłoty (2)";1720838,41;2685601,33;1863848,45;5917987,47;7636476,39;5188454,80;6017083,58;9062816,65;17947789,25;12005328,88;
0218022;"Malczyce (2)";4905591,38;1355033,82;2492979,07;17407188,01;3501617,60;2361093,84;6104925,31;3377220,46;13111614,34;12309979,08;
0218032;"Miękinia (2)";11582781,85;12979715,94;21629959,19;42861026,13;21906486,77;20720240,99;23989550,86;24542264,99;;;
0218033;"Miękinia (3)";;;;;;;;;33293153,59;46742921,51;
0218043;"Środa Śląska (3)";13191412,89;19767456,63;28556350,50;27486260,75;12296731,17;10633700,65;17425779,43;41919267,09;48974913,95;27990246,70;
0218052;"Udanin (2)";4437333,77;1984001,28;1368548,11;2237424,59;3885490,38;3027544,40;5225727,95;22017750,88;20610892,51;21095155,89;
0219000;"Powiat świdnicki";87341863,55;85252065,15;138046867,80;241165051,08;121837328,89;96057092,81;151921482,92;184290667,03;209878879,10;214667941,52;
0219011;"Świdnica (1)";36210535,34;39629708,44;59317638,53;83423398,40;36479053,02;28511944,84;57649498,95;55311597,23;30359870,17;46145330,70;
0219021;"Świebodzice (1)";12640379,63;5690523,32;9494303,55;15291326,00;7674825,30;7358300,66;8320290,13;10459052,07;13438444,36;22981496,11;
0219032;"Dobromierz (2)";2657157,32;1354608,24;2207058,00;17937542,14;6074709,37;14868508,68;16340175,60;6989286,28;11644363,12;14270537,66;
0219043;"Jaworzyna Śląska (3)";2359050,47;1811615,97;8956966,35;22403685,25;11106566,29;3786546,30;6925273,19;20420604,67;39330118,46;27100055,06;
0219052;"Marcinowice (2)";1694401,45;2140888,82;4920186,80;2976376,41;4051214,54;6411918,58;5487442,19;17370131,83;25747665,84;21651384,92;
0219063;"Strzegom (3)";15862751,91;15422849,39;22008911,46;46251473,49;25106202,05;14149815,97;18901629,59;42269713,26;37627568,50;28307330,20;
0219072;"Świdnica (2)";7973583,88;7604682,77;19075751,07;31780774,41;13651407,58;9922175,32;28256018,59;19620280,88;31204844,09;35026218,88;
0219083;"Żarów (3)";7944003,55;11597188,20;12066052,04;21100474,98;17693350,74;11047882,46;10041154,68;11850000,81;20526004,56;19185587,99;
0220000;"Powiat trzebnicki";59781746,15;26979955,48;73898225,83;127670959,19;84174786,28;47822351,54;64006817,72;121453924,93;149613410,87;135479665,44;
0220013;"Oborniki Śląskie (3)";16366484,82;3500020,82;16171706,04;22801205,09;17647305,92;14100009,43;11469536,97;25922444,94;20761424,72;19027241,04;
0220023;"Prusice (3)";15147546,70;7633627,95;3670281,22;14641983,38;17727478,39;5577278,51;10597858,19;9388918,76;32703817,03;26512044,77;
0220033;"Trzebnica (3)";15474730,30;6617139,55;32698650,05;31130269,01;21208762,11;14429745,38;16284629,62;30807340,67;23771135,52;34946790,59;
0220042;"Wisznia Mała (2)";5519917,84;4944736,02;6660906,39;18321086,72;8715874,51;7652367,44;10369320,05;8716485,76;18050328,26;18836616,45;
0220052;"Zawonia (2)";1745603,91;757833,82;2231379,37;11811649,03;12668240,88;1789771,13;3316634,15;5904020,63;15253362,76;19807182,48;
0220063;"Żmigród (3)";5527462,58;3526597,32;12465302,76;28964765,96;6207124,47;4273179,65;11968838,74;40714714,17;39073342,58;16349790,11;
0221000;"Powiat wałbrzyski";34159128,82;23554819,69;43036168,30;74593393,76;48654141,92;47415424,77;51314543,86;77329970,53;145529447,90;149784995,10;
0221011;"Boguszów-Gorce (1)";4628683,22;4229656,91;10661758,24;9954250,12;0,00;6260844,93;3046375,03;8301480,67;13756065,26;22668544,40;
0221021;"Jedlina-Zdrój (1)";3113429,55;1785971,36;6520311,58;9354203,35;4680590,56;5387366,67;5992038,31;5754765,54;18097193,36;18060188,43;
0221031;"Szczawno-Zdrój (1)";6233143,26;6268026,28;4529820,55;6921724,27;9738673,99;12487833,84;11468398,72;18180534,82;24851719,68;14951983,91;
0221042;"Czarny Bór (2)";5464456,46;5261866,71;3576028,77;20173323,46;6956372,36;7115789,26;4308775,64;3862892,63;28206672,94;18617948,23;
0221053;"Głuszyca (3)";2033092,99;1779646,04;7472472,31;9003933,97;8499005,24;5789791,49;3491309,42;5861662,12;7242621,53;25553971,75;
0221063;"Mieroszów (3)";1871887,07;531394,69;3611912,45;6258271,35;6192678,00;6045070,91;14764700,12;14899984,92;17346661,01;26088242,70;
0221072;"Stare Bogaczowice (2)";2137647,85;1383272,91;1716411,94;6855040,34;3748552,24;2147511,76;3709448,75;14233090,67;26687039,60;6039943,02;
0221082;"Walim (2)";8676788,42;2314984,79;4947452,46;6072646,90;8838269,53;2181215,91;4533497,87;6235559,16;9341474,52;17804172,66;
0222000;"Powiat wołowski";23333738,92;20136504,99;32087989,14;48762384,22;46622855,30;46370667,24;52030354,64;52178047,86;80671410,80;94136141,20;
0222013;"Brzeg Dolny (3)";8247040,64;7400683,57;9617899,29;13068016,36;13712870,62;17353075,86;15489461,84;13701657,84;19994811,91;12931117,35;
0222022;"Wińsko (2)";2620366,66;1987068,83;4718796,48;7389066,78;10433026,53;17941398,80;10201305,54;11499832,69;18511678,21;17138932,97;
0222033;"Wołów (3)";12466331,62;10748752,59;17751293,37;28305301,08;22476958,15;11076192,58;26339587,26;26976557,33;42164920,68;64066090,88;
0223000;"Powiat wrocławski";164156983,05;132134348,62;170832214,71;284403789,39;249873428,11;272797074,60;229330762,68;312221579,10;387946111,85;405657238,96;
0223012;"Czernica (2)";8954565,58;7443872,06;20707524,66;27880429,19;13517830,85;25164534,61;22066092,65;31781608,27;25936474,56;25280941,57;
0223022;"Długołęka (2)";33764948,58;27870658,43;40708980,28;59533816,27;40054527,91;68127988,28;56191012,72;75889065,04;95943760,36;90048251,78;
0223032;"Jordanów Śląski (2)";424485,75;346191,45;539994,70;2779079,16;1310649,40;1716493,98;5108123,31;4539735,11;7744585,24;1874786,70;
0223043;"Kąty Wrocławskie (3)";23665359,30;24073636,80;34705973,10;51710285,90;46954890,62;39472416,91;31483905,73;43240521,15;73668027,01;76737056,25;
0223052;"Kobierzyce (2)";53145596,65;47977622,36;44188964,31;96276149,87;93905990,70;79626050,49;56164248,04;54646630,25;64783987,47;84132735,24;
0223062;"Mietków (2)";1726454,54;1815657,24;937164,87;3469888,97;1307544,52;374883,89;1435943,11;2335470,08;2986410,14;2322448,49;
0223073;"Sobótka (3)";6869498,51;5186828,95;6517124,32;13933737,42;19046375,76;10559395,51;6666500,05;29824864,76;34596687,35;29104487,65;
0223083;"Siechnice (3)";26190900,73;12228738,64;16985508,78;21289029,62;17605028,21;30182940,73;41136312,96;51134216,34;64875410,21;66130474,84;
0223092;"Żórawina (2)";9415173,41;5191142,69;5540979,69;7531372,99;16170590,14;17572370,20;9078624,11;18829468,10;17410769,51;30026056,44;
0224000;"Powiat ząbkowicki";17605482,20;17992942,14;23479054,02;70767817,28;56456003,20;54927159,37;68132463,23;133557226,16;182959291,59;131736159,03;
0224013;"Bardo (3)";1065417,10;1137676,59;5684047,20;14799641,90;4570307,15;4730558,92;5242757,38;16297160,13;6789119,35;9802805,26;
0224022;"Ciepłowody (2)";419582,88;460294,06;785361,96;1358727,16;2442967,35;209394,38;4464516,05;6518193,35;7480880,55;8807226,32;
0224032;"Kamieniec Ząbkowicki (2)";3569946,90;5670119,11;3122608,46;14887732,08;7375651,84;12299218,86;;;;;
0224033;"Kamieniec Ząbkowicki (3)";;;;;;;17243823,38;28856952,20;31212737,53;15321901,96;
0224042;"Stoszowice (2)";1911104,20;1736360,33;2159769,14;8394959,99;8511528,00;1278629,53;6648987,35;13949601,20;40290098,64;6631935,44;
0224053;"Ząbkowice Śląskie (3)";6271091,34;4594248,66;6432619,77;15906095,91;21696551,58;22608870,95;16436380,61;35149887,16;34181433,93;29427001,06;
0224063;"Ziębice (3)";2070308,58;2798084,78;2111275,66;6391814,46;4656761,79;10660401,54;9590106,97;17493432,15;53930972,57;39941141,40;
0224073;"Złoty Stok (3)";2298031,20;1596158,61;3183371,83;9028845,78;7202235,49;3140085,19;8505891,49;15291999,97;9074049,02;21804147,59;
0225000;"Powiat zgorzelecki";38590358,88;27695302,58;29655714,50;94644232,60;41201448,83;38251046,45;46788434,85;68819259,18;123043891,93;114184045,56;
0225011;"Zawidów (1)";196829,39;2278798,07;1149242,72;2928724,43;617309,30;1925504,98;1007113,95;4432543,10;10957616,40;15561693,21;
0225021;"Zgorzelec (1)";11403312,11;4339340,39;7874911,59;28255035,52;13987445,67;5785760,12;8339266,96;15163296,15;22492933,40;21784875,32;
0225033;"Bogatynia (3)";10991733,01;6074930,07;4750517,38;22261772,01;2636582,20;1948878,32;8318426,56;13529102,04;40199372,76;28075745,57;
0225043;"Pieńsk (3)";2720260,42;2653804,29;5015670,56;15324660,59;6409218,25;9461907,91;9827541,76;14344241,40;16407893,01;6424716,15;
0225052;"Sulików (2)";957519,88;1191153,33;3999950,95;5864510,77;1866505,33;1144366,45;1276947,74;3589402,23;11456312,84;14214053,44;
0225063;"Węgliniec (3)";6575773,30;4944106,25;3498865,49;7073585,74;5094582,67;9809007,41;10941068,49;10425196,89;12710851,56;19216195,81;
0225072;"Zgorzelec (2)";5744930,77;6213170,18;3366555,81;12935943,54;10589805,41;8175621,26;7078069,39;7335477,37;8818911,96;8906766,06;
0226000;"Powiat złotoryjski";16712353,43;10628808,35;23972328,12;44829217,73;28377648,48;26945217,93;32208535,76;61668938,42;89600115,92;83040269,88;
0226011;"Wojcieszów (1)";2228623,65;1540290,47;1427364,43;6860398,31;2951664,33;1226543,32;4085081,38;14972501,26;12708482,68;3804334,30;
0226021;"Złotoryja (1)";2311536,43;1938571,86;7565199,48;5089691,44;4511191,64;11872723,45;11769822,94;19382164,42;14298383,37;28476550,51;
0226032;"Pielgrzymka (2)";1447112,90;1457003,25;2286340,28;5388189,33;3964508,42;3184838,59;2948800,18;8227558,09;9568932,54;14077752,60;
0226043;"Świerzawa (3)";2491785,30;1222107,40;5333347,26;17071598,77;7254480,91;2699110,96;7373243,20;9976917,23;19566740,88;15657001,28;
0226052;"Zagrodno (2)";4009410,00;1839835,82;3536871,89;7191949,30;3203016,58;2851057,19;3199167,87;1840098,86;13835723,87;8032014,28;
0226062;"Złotoryja (2)";4223885,15;2630999,55;3823204,78;3227390,58;6492786,60;5110944,42;2832420,19;7269698,56;19621852,58;12992616,91;
0261000;"Powiat m. Jelenia Góra";19953270,86;18623950,04;15254561,00;77834264,64;65036101,94;54481728,11;39334325,22;50291785,83;109134253,99;82250843,39;
0261011;"Jelenia Góra (1)";19953270,86;18623950,04;15254561,00;77834264,64;65036101,94;54481728,11;39334325,22;50291785,83;109134253,99;82250843,39;
0262000;"Powiat m. Legnica";61294210,38;43445142,74;62120439,56;65336512,98;73685965,13;80288766,04;60895392,71;123947685,83;150883216,59;113015890,80;
0262011;"Legnica (1)";61294210,38;43445142,74;62120439,56;65336512,98;73685965,13;80288766,04;60895392,71;123947685,83;150883216,59;113015890,80;
0264000;"Powiat m. Wrocław";714782909,91;525394021,38;482957768,36;771839831,22;586556379,17;631371673,35;864244120,53;944268856,29;979062339,63;680772795,14;
0264011;"Wrocław (1)";714782909,91;525394021,38;482957768,36;771839831,22;586556379,17;631371673,35;864244120,53;944268856,29;979062339,63;680772795,14;
0265000;"Powiat m. Wałbrzych od 2013";174844638,75;64689340,51;80680926,24;102605645,49;148130622,43;195182764,73;127094032,19;147816519,30;157323640,62;173330051,78;
0265011;"Wałbrzych od 2013 (1)";174844638,75;64689340,51;80680926,24;102605645,49;148130622,43;195182764,73;127094032,19;147816519,30;157323640,62;173330051,78;
0400000;"KUJAWSKO-POMORSKIE";1421003106,27;875224439,50;1222290107,30;1978059839,72;1958058570,83;1741851268,71;1770553116,90;2286429124,96;3242787947,12;3104220604,39;
0401000;"Powiat aleksandrowski";36649993,65;21473005,68;35576812,14;43062940,19;33310180,55;30998394,19;47785757,00;57327700,30;127078312,47;103016711,28;
0401011;"Aleksandrów Kujawski (1)";3799206,17;2349009,17;3088649,76;2880633,59;1079820,42;7632626,31;8495453,44;12974877,95;14790796,37;4934672,44;
0401021;"Ciechocinek (1)";11416928,41;8271859,46;9129046,51;5420031,16;13459005,91;9341899,46;16618506,79;7704958,92;21818415,27;11209381,85;
0401031;"Nieszawa (1)";697364,06;376645,82;3526754,99;1007498,46;288844,27;88656,93;132149,26;1898049,22;5688463,14;7516237,77;
0401042;"Aleksandrów Kujawski (2)";9144518,16;2092028,45;5431789,92;14021726,58;9642048,66;3684591,81;5835336,35;3332968,43;17274989,91;26748823,21;
0401052;"Bądkowo (2)";3410491,17;2450299,54;2394775,86;5334094,78;2140262,41;3489866,81;4220289,70;7467961,21;10473939,27;9890468,91;
0401062;"Koneck (2)";1291227,22;479432,87;1185856,84;3645030,65;3005257,35;3032939,08;4654986,60;6863010,53;25139072,11;5364009,96;
0401072;"Raciążek (2)";2563002,80;2439495,57;2108506,13;6635003,07;243336,18;201057,74;437661,41;471397,65;5788808,45;5747220,15;
0401082;"Waganiec (2)";3327418,15;1210637,51;5653563,68;1621814,64;2386792,20;2564784,48;6107846,06;9784395,62;21511956,22;15960804,33;
0401092;"Zakrzewo (2)";999837,51;1803597,29;3057868,45;2497107,26;1064813,15;961971,57;1283527,39;6830080,77;4591871,73;15645092,66;
0402000;"Powiat brodnicki";36487898,21;28732206,65;40216493,55;74485400,57;38944362,52;42999879,65;63458569,98;75294475,12;175390368,98;147714770,04;
0402011;"Brodnica (1)";16136853,85;5588179,86;6815204,03;22443547,03;8758035,98;2671224,69;13458733,34;24137223,46;27361609,80;36824928,17;
0402022;"Bobrowo (2)";1582311,30;3536963,23;6406769,47;12320904,36;4728646,91;8401514,33;9856970,31;5072432,08;24820609,09;10836841,44;
0402032;"Brodnica (2)";3217027,02;5654060,52;6968168,96;9912121,77;4985314,23;14195917,64;12103939,18;10867981,49;15544650,55;17071944,44;
0402042;"Brzozie (2)";2194658,77;882832,35;779051,63;3327235,73;1502915,97;1895867,36;3357371,99;5200877,20;21178434,41;11662907,94;
0402053;"Górzno (3)";2674253,33;886943,34;2070886,82;3469598,86;4496566,76;3694220,18;2379784,30;2626388,16;14010448,43;2967222,35;
0402062;"Bartniczka (2)";1869102,14;1009679,16;3122823,69;7241546,81;3066509,20;871517,03;3780004,70;2838239,71;10651573,80;6612076,88;
0402073;"Jabłonowo Pomorskie (3)";1614325,36;5145388,13;7136374,83;3703367,22;4293012,16;6184286,03;4593388,84;4245946,30;19537956,92;38304750,24;
0402082;"Osiek (2)";1653666,52;2302399,29;3025822,55;2406255,51;893351,20;1438340,12;7700594,02;4989882,83;15513095,63;14762082,44;
0402092;"Świedziebnia (2)";650364,12;2627139,04;1169900,79;4508998,43;2336179,14;1400997,53;3628268,37;6409627,16;15676212,69;3223058,46;
0402102;"Zbiczno (2)";4895335,80;1098621,73;2721490,78;5151824,85;3883830,97;2245994,74;2599514,93;8905876,73;11095777,66;5448957,68;
0403000;"Powiat bydgoski";104253902,80;77669215,11;83676332,81;120199091,87;107298288,18;125490770,17;146463134,87;212256719,13;202836656,99;209675932,87;
0403012;"Białe Błota (2)";16891039,51;12138825,23;18287338,09;9825260,26;19559722,90;26036753,23;25403989,13;44459571,50;53234139,36;43089740,76;
0403022;"Dąbrowa Chełmińska (2)";5400751,38;2649709,13;2391163,61;4990326,32;7186039,25;6208650,96;7077119,30;10860808,42;11521435,55;7691973,08;
0403032;"Dobrcz (2)";5311217,90;6457599,95;5907526,71;9496184,45;4232427,00;5487424,44;7063386,71;17870061,66;12284064,53;25908575,50;
0403043;"Koronowo (3)";18230574,06;11261748,10;12509299,67;16033170,64;11698029,68;13927648,45;20201032,33;42107413,00;44944829,36;30460849,78;
0403052;"Nowa Wieś Wielka (2)";7630214,99;8354285,81;18668299,54;17583874,33;12679863,21;5100604,07;11186955,36;5955872,48;16926981,43;20002308,89;
0403062;"Osielsko (2)";18728413,05;19091951,29;17012387,10;38480238,67;33768580,87;40124978,61;39018594,92;48575903,92;36820262,38;38475245,32;
0403072;"Sicienko (2)";4040895,01;4384335,30;5939248,92;12173107,77;9359525,21;13997948,14;16946561,53;24255910,29;15680025,85;37198979,53;
0403083;"Solec Kujawski (3)";28020796,90;13330760,30;2961069,17;11616929,43;8814100,06;14606762,27;19565495,59;18171177,86;11424918,53;6848260,01;
0404000;"Powiat chełmiński";24694247,79;17207877,88;27357455,47;42432020,21;31515131,85;33685942,22;42997324,53;45929525,57;95093401,40;97501276,01;
0404011;"Chełmno (1)";7273965,86;3324129,78;6975226,52;10099117,48;5510939,24;10532789,44;11403037,82;13278517,21;18956643,84;10802476,29;
0404022;"Chełmno (2)";4861565,12;2024024,92;4382751,18;3655786,76;5323799,39;4697830,00;4779979,59;10392710,57;8391495,21;25917645,64;
0404032;"Kijewo Królewskie (2)";3896195,66;1988210,06;5250541,50;2408697,29;5080165,57;3886806,31;4963921,77;1680459,97;6823910,57;15121973,59;
0404042;"Lisewo (2)";1434094,04;2761643,70;2904542,76;7031861,12;5171036,83;1414287,20;6131241,46;3152369,37;18914598,28;13256350,95;
0404052;"Papowo Biskupie (2)";2255114,23;1976977,47;2045421,31;4379114,07;3584552,12;2933862,04;3695993,96;9370554,87;13132284,12;13863307,74;
0404062;"Stolno (2)";2271627,18;2760354,99;2884748,62;11302507,44;3260973,55;2971031,13;5085290,94;5811104,34;16051200,58;12182657,94;
0404072;"Unisław (2)";2701685,70;2372536,96;2914223,58;3554936,05;3583665,15;7249336,10;6937858,99;2243809,24;12823268,80;6356863,86;
0405000;"Powiat golubsko-dobrzyński";22937245,29;14901586,72;24305345,68;42687786,30;39736395,47;25833160,60;34947244,95;51652390,00;87677900,52;74983120,39;
0405011;"Golub-Dobrzyń (1)";3217041,63;1309241,72;771837,80;2838509,47;5201133,22;5073938,59;4171467,28;6623076,98;21392390,42;9229546,81;
0405022;"Ciechocin (2)";2585125,70;1284588,10;3554176,01;1857717,19;316515,95;1256565,69;5321698,93;2774725,10;10133250,98;10508724,47;
0405032;"Golub-Dobrzyń (2)";7020765,76;3708756,39;3079132,17;9425797,72;7248214,39;5742255,93;11052927,60;17487821,81;17011180,03;23039260,88;
0405043;"Kowalewo Pomorskie (3)";4974510,48;5471152,83;7907664,00;20153862,66;22147341,89;7442146,68;6161790,50;8680243,40;12317078,40;14049705,44;
0405052;"Radomin (2)";2632510,82;1640194,28;2308220,41;3720742,93;1555770,06;2273835,77;2576885,10;7873524,18;9965398,08;9101846,19;
0405062;"Zbójno (2)";2507290,90;1487653,40;6684315,29;4691156,33;3267419,96;4044417,94;5662475,54;8212998,53;16858602,61;9054036,60;
0406000;"Powiat grudziądzki";29425119,19;21099313,85;35400548,19;45170014,34;44327146,43;34139387,62;25583924,35;61973293,63;109483476,35;126019832,11;
0406012;"Grudziądz (2)";12081295,52;7465187,76;15533003,55;19065267,83;10135955,48;16327994,60;12577830,33;30597526,36;44933331,82;45238160,96;
0406022;"Gruta (2)";3742146,81;868962,64;2920413,57;4501522,11;6404513,25;2881396,48;5299907,16;6875060,00;24598562,07;21502794,01;
0406033;"Łasin (3)";7362234,07;5316628,18;5572639,91;10815801,67;9535347,16;9173871,16;2088247,16;12362535,42;9276419,42;18761335,12;
0406043;"Radzyń Chełmiński (3)";2005968,97;2906640,28;5789341,21;5972581,81;4375083,26;4391480,99;3321186,50;4293373,52;10325945,89;12799986,93;
0406052;"Rogóźno (2)";1776861,86;2920672,52;2590509,37;1054945,08;3323697,30;294869,09;322448,97;2060665,06;6694993,35;14882876,51;
0406062;"Świecie nad Osą (2)";2456611,96;1621222,47;2994640,58;3759895,84;10552549,98;1069775,30;1974304,23;5784133,27;13654223,80;12834678,58;
0407000;"Powiat inowrocławski";74236461,55;36647577,00;54765861,90;142869018,02;102896883,02;79669717,72;87260343,08;116800849,44;151037862,20;156074302,95;
0407011;"Inowrocław (1)";39939498,07;12559923,96;18504086,65;86869609,27;69173315,91;31500882,82;19348568,89;20861075,32;20056176,05;28092607,55;
0407022;"Dąbrowa Biskupia (2)";1713822,55;517768,25;975093,78;5804949,36;2727994,87;3204924,41;1669292,27;4322790,56;8552835,62;3316397,12;
0407033;"Gniewkowo (3)";6682919,36;3053139,44;4763722,59;7669657,95;1794221,17;6873528,87;11628495,84;20048078,29;27223846,55;10968509,63;
0407042;"Inowrocław (2)";6187574,06;6637793,68;8006870,53;11877522,14;8940582,36;8346228,08;10606117,51;15212908,89;13695272,92;16800763,37;
0407053;"Janikowo (3)";5653560,59;721334,56;2027390,42;4078512,10;2292273,97;5828856,83;7983005,89;8335291,12;12263326,43;21149335,14;
0407063;"Kruszwica (3)";4903862,38;6157704,63;9186699,70;9891881,18;7016789,99;10261418,75;19163085,60;15601105,89;24437026,22;15652596,73;
0407073;"Pakość (3)";3663620,61;1522345,77;4768086,41;7205445,48;3423260,91;3703956,81;3966538,42;12094674,64;17571913,76;15721043,19;
0407082;"Rojewo (2)";1754656,13;1303871,19;1285863,91;2543892,72;536509,79;2477614,05;6714286,06;3212705,64;1281763,22;25917302,16;
0407092;"Złotniki Kujawskie (2)";3736947,80;4173695,52;5248047,91;6927547,82;6991934,05;7472307,10;6180952,60;17112219,09;25955701,43;18455748,06;
0408000;"Powiat lipnowski";19524480,47;15014801,43;29610803,68;55850331,70;34048955,78;41574293,26;40318392,30;103365464,06;116536096,42;87743101,09;
0408011;"Lipno (1)";2534170,73;1337278,02;2411696,60;4669337,41;4737980,09;3560864,00;4024364,45;23634233,36;14892791,83;4573633,62;
0408022;"Bobrowniki (2)";974292,69;704569,45;777662,63;3623922,88;1534084,03;1753094,50;1627247,94;3186651,12;10631707,72;;
0408023;"Bobrowniki (3)";;;;;;;;;;7128243,58;
0408032;"Chrostkowo (2)";1206272,40;1529828,10;3578499,32;3821789,86;1671905,03;4077905,81;4789091,42;4237591,00;13666431,39;12634618,10;
0408043;"Dobrzyń nad Wisłą (3)";724177,23;1075666,44;7369805,48;11067164,45;2191022,82;6444507,84;10410567,29;13654440,77;14006766,86;2716837,65;
0408052;"Kikół (2)";3157936,25;859559,13;1264190,04;3564467,41;3053171,18;1028638,85;2667519,84;7444125,89;5589557,44;;
0408053;"Kikół (3)";;;;;;;;;;16967297,64;
0408062;"Lipno (2)";5327765,99;4170985,34;4495216,35;12094535,60;10352164,48;8319116,77;5461960,06;17329106,57;21024330,56;13499931,93;
0408073;"Skępe (3)";1634434,06;1555461,72;4668100,70;9976578,10;4588483,40;7932599,25;3588298,20;15052975,68;13593193,25;13270315,92;
0408082;"Tłuchowo (2)";1101570,65;1506936,48;1685700,40;3261386,44;2677936,85;4726942,36;4389399,18;7205053,43;14248937,68;10058486,22;
0408092;"Wielgie (2)";2863860,47;2274516,75;3359932,16;3771149,55;3242207,90;3730623,88;3359943,92;11621286,24;8882379,69;6893736,43;
0409000;"Powiat mogileński";15173469,57;15995082,64;11862826,99;22771342,78;26208295,89;29537798,61;46259724,87;49249637,85;83593167,80;56634877,30;
0409012;"Dąbrowa (2)";1740156,46;1441038,44;1730629,99;3532583,00;3705869,12;315804,89;1368054,28;6063095,50;5630459,74;8020477,82;
0409022;"Jeziora Wielkie (2)";1234005,03;884719,92;1084460,31;2701485,41;2053693,70;340801,37;4494374,66;11101950,33;29744149,40;1954388,09;
0409033;"Mogilno (3)";6214424,66;11417173,90;7062980,73;14820957,01;15749406,54;27393887,46;34419524,51;19596750,13;34959701,37;23227482,01;
0409043;"Strzelno (3)";5984883,42;2252150,38;1984755,96;1716317,36;4699326,53;1487304,89;5977771,42;12487841,89;13258857,29;23432529,38;
0410000;"Powiat nakielski";66901129,54;28656378,29;47857046,15;76982474,71;58202614,85;63133203,20;56539236,07;63587503,77;108185762,98;109206472,25;
0410013;"Kcynia (3)";5226669,19;3638326,58;4173899,77;3623558,10;3336519,78;4200337,15;4909657,81;13389581,41;25274331,24;5981930,35;
0410023;"Mrocza (3)";9240352,31;6272759,70;6934555,77;11664102,65;9406086,97;14591853,82;16032402,85;6574844,81;12817534,54;14939430,64;
0410033;"Nakło nad Notecią (3)";46153991,07;12186360,57;21154626,04;39889572,43;26567684,86;27291874,95;15803157,37;22274909,54;35263451,91;36042591,74;
0410042;"Sadki (2)";2369410,03;2518531,25;3134940,66;2374961,44;4075030,64;3484830,39;4598994,07;1831605,70;12721845,51;12841081,61;
0410053;"Szubin (3)";3910706,94;4040400,19;12459023,91;19430280,09;14817292,60;13564306,89;15195023,97;19516562,31;22108599,78;39401437,91;
0411000;"Powiat radziejowski";12530567,25;12697452,93;21036798,26;38715899,54;33496165,49;17298484,62;33633362,79;52479511,75;62331514,96;92966074,75;
0411011;"Radziejów (1)";2641038,50;2252741,08;2841485,26;7681278,50;5088633,33;1822323,01;6662967,15;8542264,04;5739422,02;10759279,23;
0411022;"Bytoń (2)";706461,61;1198080,80;557260,98;3226063,10;3765329,10;2051414,15;4356162,42;7071598,90;13539257,80;20200382,91;
0411032;"Dobre (2)";2604014,21;1150398,22;2486344,63;5633756,98;3709168,25;3375922,34;4954199,03;5652850,77;12005675,30;7501150,00;
0411042;"Osięciny (2)";2232319,14;2110151,93;3563172,83;3890785,34;4570985,87;2697360,16;3807254,81;4338613,23;9208134,53;12784665,53;
0411053;"Piotrków Kujawski (3)";2816204,80;3013999,20;5110536,33;6425242,14;8640330,06;3277367,26;4980063,56;9644434,89;11387386,06;8387238,22;
0411062;"Radziejów (2)";540884,16;1660276,05;4666517,69;7976183,93;5508500,48;1056827,12;3077314,94;4480396,83;8168759,52;18369646,67;
0411072;"Topólka (2)";989644,83;1311805,65;1811480,54;3882589,55;2213218,40;3017270,58;5795400,88;12749353,09;2282879,73;14963712,19;
0412000;"Powiat rypiński";18528814,48;16468921,49;25908568,43;40590631,51;27518430,40;29797926,22;36435666,17;67711326,86;77024924,56;80298877,53;
0412011;"Rypin (1)";5152064,20;4964307,94;5357615,37;14647855,76;7707626,27;3949389,51;12306631,27;12936705,03;18707150,48;22041910,18;
0412022;"Brzuze (2)";1555521,20;1432831,32;1767603,07;4346145,83;2164107,32;5901719,90;7954724,53;7926008,27;13722086,57;10128112,57;
0412032;"Rogowo (2)";3308032,78;3039199,67;3179095,56;4510048,16;4786634,61;2134361,87;1989175,81;3508615,42;9115278,94;11490098,99;
0412042;"Rypin (2)";4072611,12;2394114,31;3831651,38;6187711,34;5871017,63;6596620,67;7426845,40;20958433,23;17296995,04;17986572,75;
0412052;"Skrwilno (2)";3529951,49;2430828,26;6758177,67;4621376,26;4522119,93;2570089,46;3756083,11;8278140,99;9134430,30;10429088,80;
0412062;"Wąpielsk (2)";910633,69;2207639,99;5014425,38;6277494,16;2466924,64;8645744,81;3002206,05;14103423,92;9048983,23;8223094,24;
0413000;"Powiat sępoleński";25704638,62;10450542,44;14595392,49;35305926,13;28128764,83;21834602,36;30052077,45;29482276,09;54771460,69;72655384,66;
0413013;"Kamień Krajeński (3)";2473714,50;1807967,18;1959591,20;6929467,25;3918140,95;2030624,65;1176756,74;7838917,18;8181476,38;13223869,34;
0413023;"Sępólno Krajeńskie (3)";17365187,89;4748560,70;7345414,10;14240318,58;7047465,89;11999036,70;16037645,25;11427636,08;20249647,71;21369242,95;
0413032;"Sośno (2)";1475668,54;1067994,11;1687582,54;7173518,49;4861220,22;795299,36;2184354,18;3904497,64;3697798,19;16935165,54;
0413043;"Więcbork (3)";4390067,69;2826020,45;3602804,65;6962621,81;12301937,77;7009641,65;10653321,28;6311225,19;22642538,41;21127106,83;
0414000;"Powiat świecki";77101546,66;55005232,37;74597785,29;93884251,35;90879619,66;84844493,87;101819219,30;127443005,91;167695683,36;176353589,59;
0414012;"Bukowiec (2)";8363531,49;3316328,61;3546522,43;8311362,64;5456650,69;3760677,35;8383223,79;4571643,35;20429191,79;25306076,40;
0414022;"Dragacz (2)";3240470,10;3529434,35;5738249,85;8629483,47;6929116,48;6483356,20;6811373,36;8603496,07;14902503,08;11252181,18;
0414032;"Drzycim (2)";1752720,03;1447685,69;1043139,24;1974125,74;4346962,96;5760688,54;8548222,04;14084691,16;12216448,44;14896521,26;
0414042;"Jeżewo (2)";2506197,43;2259288,33;3368762,76;9232355,32;8681611,51;4468240,78;11027584,41;18229344,14;14254646,37;13463580,32;
0414052;"Lniano (2)";2108437,59;4239565,05;6174310,46;6741057,95;971965,19;2395847,36;4686652,99;4150285,03;6705311,94;11236719,04;
0414063;"Nowe (3)";2647899,23;2431986,69;2773600,26;5940389,50;2934464,61;15373376,02;7231897,49;5456528,70;11596435,79;18491771,22;
0414072;"Osie (2)";5019660,17;3496700,79;2469530,91;12789608,25;7311666,82;3123480,00;4756526,03;5662336,98;14902003,39;6863099,18;
0414082;"Pruszcz (2)";5207788,39;4071963,80;6412269,92;7959262,18;10057739,55;9608206,44;4251936,00;;;;
0414083;"Pruszcz (3)";;;;;;;;7596977,67;16468625,57;19010038,33;
0414093;"Świecie (3)";41436512,53;27363343,46;36707884,60;24815759,25;31435660,38;23313795,20;31697260,65;40225112,15;37647730,96;43761841,27;
0414102;"Świekatowo (2)";2100097,03;1672060,24;3058123,18;2926509,97;4129281,07;3535553,75;8054734,50;4889828,49;12361462,91;7439884,92;
0414112;"Warlubie (2)";2718232,67;1176875,36;3305391,68;4564337,08;8624500,40;7021272,23;6369808,04;13972762,17;6211323,12;4631876,47;
0415000;"Powiat toruński";77833249,01;44899366,20;77823723,74;121902982,68;105576269,64;109097701,22;109538017,85;126357000,46;206467321,95;187324515,44;
0415011;"Chełmża (1)";2480843,34;1234985,50;3852774,72;10046827,40;19799743,94;20553038,72;16197312,44;10264886,97;28138836,95;14898362,13;
0415022;"Chełmża (2)";10432996,21;7878301,48;5656520,49;12646703,58;11354257,62;9970009,98;14409135,17;18781094,24;33202631,51;18319061,25;
0415032;"Czernikowo (2)";7833013,59;1540599,46;4051551,73;13745189,82;2317789,36;12834344,66;9615488,46;13512472,85;26777800,47;19916015,64;
0415042;"Lubicz (2)";8709715,59;4326860,37;8500648,87;18689390,00;17078053,72;15970308,24;14841275,60;25288280,31;18798295,62;23468094,72;
0415052;"Łubianka (2)";3038864,07;2816434,62;7308146,72;14471676,85;13500245,87;7720067,02;10770607,31;7712636,41;29522947,97;17848403,60;
0415062;"Łysomice (2)";14414212,05;12054263,79;22543356,46;25165049,42;17186510,55;16504434,89;11525278,69;13629941,59;28991167,85;12425245,82;
0415072;"Obrowo (2)";7506569,25;8535612,08;11804685,44;12441038,44;9367328,20;10536561,94;12135802,07;13500456,81;17752492,61;34431451,12;
0415082;"Wielka Nieszawka (2)";11628649,98;2372721,96;6744849,72;6996566,15;6276433,48;1868274,55;7075851,32;8065360,60;6591704,93;23210927,47;
0415092;"Zławieś Wielka (2)";11788384,93;4139586,94;7361189,59;7700541,02;8695906,90;13140661,22;12967266,79;15601870,68;16691444,04;22806953,69;
0416000;"Powiat tucholski";33320758,22;18162122,74;27607258,44;78714476,00;41430804,87;34875410,67;42058226,95;59254792,65;105350597,29;82540095,00;
0416012;"Cekcyn (2)";8252939,65;3144320,40;7061122,15;17439799,82;8054408,75;5536462,06;9844498,66;5847058,44;22267123,27;25681994,61;
0416022;"Gostycyn (2)";3163676,06;2604529,10;4707654,98;10086256,26;4074251,20;3457050,82;4116864,00;8458389,60;14374214,74;8081193,86;
0416032;"Kęsowo (2)";4340208,02;1536876,96;1821222,91;2299813,31;3659732,65;2466560,28;3157205,75;6726852,78;11049706,81;7293117,95;
0416042;"Lubiewo (2)";7307901,02;2859207,58;3472870,16;14362745,05;4127032,09;3814707,29;5669150,43;6115084,29;9090690,08;17683170,51;
0416052;"Śliwice (2)";3932188,69;2576926,87;5302365,87;8364829,42;11378425,39;5231664,03;6500391,71;16082021,30;18980440,84;13674770,38;
0416063;"Tuchola (3)";6323844,78;5440261,83;5242022,37;26161032,14;10136954,79;14368966,19;12770116,40;16025386,24;29588421,55;10125847,69;
0417000;"Powiat wąbrzeski";29526697,86;16368375,03;19626667,45;35175822,70;49277982,24;30539417,59;47620854,44;43772886,55;91950514,74;59533388,01;
0417011;"Wąbrzeźno (1)";6452665,58;4015802,25;6258265,27;12486193,87;12928870,49;9428097,65;14223138,92;3713720,22;16661721,18;14168082,44;
0417022;"Dębowa Łąka (2)";659431,03;1585563,98;2406705,65;3391967,13;5222481,56;6218461,98;3876206,13;5562355,39;12824780,85;4930430,26;
0417032;"Książki (2)";662994,47;2274599,06;1406147,98;3439530,56;5393420,37;6544745,25;7755503,61;9842435,45;12615756,71;7975718,26;
0417042;"Płużnica (2)";15964456,07;4099796,90;4419503,54;6904325,36;10977317,86;3767461,52;11777893,28;8658691,53;22930642,61;7492022,47;
0417052;"Ryńsk (2)";5787150,71;4392612,84;5136045,01;8953805,78;14755891,96;4580651,19;9988112,50;15995683,96;26917613,39;24967134,58;
0418000;"Powiat włocławski";77427365,97;52638619,64;80195320,64;115724479,84;80678671,01;93751855,55;121286500,54;184863327,38;214116179,09;243641668,61;
0418011;"Kowal (1)";583603,05;1354788,13;2592512,26;1589026,68;649435,32;999262,75;4969815,86;3118364,52;12975727,52;12555661,18;
0418022;"Baruchowo (2)";8176550,29;3318176,22;4318029,05;4858397,03;5210421,68;4817973,63;5496917,94;14149441,38;14399423,76;10090153,25;
0418032;"Boniewo (2)";5498836,30;1170181,05;7418696,69;3752224,05;2453618,93;2825814,19;3207359,04;7338404,72;13792379,45;13006264,62;
0418043;"Brześć Kujawski (3)";15152238,98;6107741,67;9125071,40;14084619,34;15055420,05;31451141,76;28802822,01;26265423,94;33472791,96;58662803,35;
0418052;"Choceń (2)";8902338,67;3442926,35;6343815,14;7424158,49;7156562,84;6530216,17;8931309,28;17478076,47;20395759,93;14617090,47;
0418063;"Chodecz (3)";2476398,22;7155282,99;13225288,58;20600472,32;6490219,64;3538799,24;8501791,14;14080216,62;11330280,81;10648360,19;
0418072;"Fabianki (2)";7517227,23;6192147,92;7466761,89;10666735,55;4068734,27;5683968,95;7761373,41;11526263,16;9983403,41;13063649,70;
0418083;"Izbica Kujawska (3)";6148373,01;2687840,25;4807653,88;10743629,41;6597932,13;7202319,82;9660320,00;19947135,89;12802125,81;19376165,15;
0418092;"Kowal (2)";3385535,11;1633158,92;771215,52;3988312,83;2689998,91;2993901,00;4265726,71;7121392,33;10410619,26;15299915,28;
0418102;"Lubanie (2)";2122183,15;2288966,76;2090456,79;6170060,96;1583175,28;3691620,19;5792776,13;8402954,84;3831020,86;13743939,85;
0418113;"Lubień Kujawski (3)";5293664,08;7636727,14;7715567,65;13384670,72;14624324,60;6017501,96;11170663,63;25750779,22;32522615,28;12557632,89;
0418123;"Lubraniec (3)";9290716,78;7147560,93;8508748,17;11891285,81;7425416,09;6489987,92;9716195,32;12050914,02;20221406,58;21585209,78;
0418132;"Włocławek (2)";2879701,10;2503121,31;5811503,62;6570886,65;6673411,27;11509347,97;13009430,07;17633960,27;17978624,46;28434822,90;
0419000;"Powiat żniński";25508314,79;20231714,76;31094580,69;37447017,66;56666120,31;30678477,13;56103046,62;74870500,93;86657255,09;89084162,88;
0419013;"Barcin (3)";8304786,95;3580922,89;5631730,24;6848822,16;17601568,43;3566829,22;12733790,99;18248633,78;18444341,23;20289922,94;
0419022;"Gąsawa (2)";1366613,58;1332807,54;1483378,32;2608313,17;3635930,86;4994832,56;7775038,54;5672451,71;8980394,61;;
0419023;"Gąsawa (3)";;;;;;;;;;14632924,59;
0419033;"Janowiec Wielkopolski (3)";3168015,98;1748510,09;4385034,80;8787513,14;3926964,89;4294543,59;4470379,15;9100564,21;17619799,97;7247472,51;
0419043;"Łabiszyn (3)";5866360,89;3305986,88;5237427,24;4172229,77;5617537,35;2510266,98;7665174,11;6395057,09;7031681,20;10326246,45;
0419052;"Rogowo (2)";2593359,59;1727363,13;1836817,05;1528783,53;8238958,84;6327919,72;9696317,51;11961460,14;22890647,63;13071496,35;
0419063;"Żnin (3)";4209177,80;8536124,23;12520193,04;13501355,89;17645159,94;8984085,06;13762346,32;23492334,00;11690390,45;23516100,04;
0461000;"Powiat m. Bydgoszcz";236547477,07;174261834,81;220413709,43;388696275,37;578883011,52;396425556,89;248725477,91;258966280,82;449341702,85;313279054,37;
0461011;"Bydgoszcz (1)";236547477,07;174261834,81;220413709,43;388696275,37;578883011,52;396425556,89;248725477,91;258966280,82;449341702,85;313279054,37;
0462000;"Powiat m. Grudziądz";54874714,11;17252438,30;22088845,96;33898127,25;51922812,10;41568281,44;82315529,82;146623754,79;110744729,44;118315447,91;
0462011;"Grudziądz (1)";54874714,11;17252438,30;22088845,96;33898127,25;51922812,10;41568281,44;82315529,82;146623754,79;110744729,44;118315447,91;
0463000;"Powiat m. Toruń";271364092,68;97786144,33;150787686,39;222454915,19;227901007,66;261017686,97;158753366,67;169903075,05;210173193,20;265391193,36;
0463011;"Toruń (1)";271364092,68;97786144,33;150787686,39;222454915,19;227901007,66;261017686,97;158753366,67;169903075,05;210173193,20;265391193,36;
0464000;"Powiat m. Włocławek";50450921,49;61604629,21;65884243,53;69038613,81;69210656,56;83058826,94;110598118,39;107263826,85;149249863,79;154266755,99;
0464011;"Włocławek (1)";50450921,49;61604629,21;65884243,53;69038613,81;69210656,56;83058826,94;110598118,39;107263826,85;149249863,79;154266755,99;
0600000;"LUBELSKIE";1367724258,36;808745789,56;1214816463,99;2137477226,31;1941718051,39;2024309986,45;2073133508,56;2521707428,51;3537987261,71;3645165678,13;
0601000;"Powiat bialski";74691090,14;36997464,25;68002941,00;159166149,46;99942534,41;93284126,49;110997693,20;133907546,71;301341227,77;302069032,96;
0601011;"Międzyrzec Podlaski (1)";1354359,47;3073334,89;4734930,89;21258997,18;11149502,76;9141990,54;6639538,96;10206599,85;40375171,24;25482857,59;
0601021;"Terespol (1)";6151066,27;2330500,48;1022543,22;3123563,38;3736093,57;7006478,43;9308217,26;10355155,58;11209959,49;7622856,89;
0601032;"Biała Podlaska (2)";3547711,07;3695082,95;5411632,05;16586736,65;3390308,09;5729459,08;10089056,29;8708972,67;21749451,33;15682115,54;
0601042;"Drelów (2)";4164269,34;890051,55;2452952,40;14045677,31;8439153,65;5305088,05;5173451,86;6147205,33;20933729,21;6091482,50;
0601052;"Janów Podlaski (2)";10467929,53;4918665,84;5006900,98;12281835,77;7242536,56;8384927,04;6715287,94;7067050,84;13015861,39;16906991,46;
0601062;"Kodeń (2)";8893568,95;238675,57;1579905,44;8139615,13;2048548,26;4368070,16;2919156,94;2226581,06;18166503,05;13767623,77;
0601072;"Konstantynów (2)";9820435,72;1330864,88;2649118,25;8749684,33;2493205,79;3817057,81;2699901,67;3463612,15;15515010,16;20181951,15;
0601082;"Leśna Podlaska (2)";1410566,46;1598691,33;1337707,15;6191077,76;2001783,85;5255994,77;3180655,23;8379803,73;5826785,97;17589688,25;
0601092;"Łomazy (2)";1069078,78;2253536,79;3362338,93;4142469,72;8501540,83;4723516,99;6626004,55;6626991,79;27091059,66;7116242,00;
0601102;"Międzyrzec Podlaski (2)";2700987,16;1868411,76;8537593,02;16188436,07;18106389,28;11034798,29;15779884,73;19315656,98;17730498,87;41873871,51;
0601112;"Piszczac (2)";5828666,38;2360310,84;6092444,29;14520425,75;3837602,70;5116969,39;8781552,25;9799548,04;18951987,05;;
0601113;"Piszczac (3)";;;;;;;;;;10025943,57;
0601122;"Rokitno (2)";3033175,00;446668,53;2596381,30;2675331,44;1909288,77;2966493,11;1310908,43;3758829,63;1796860,53;16390649,88;
0601132;"Rossosz (2)";4379235,36;596919,82;5176458,37;2742971,92;3205122,61;778894,30;1058751,48;2611101,33;5819024,91;13200611,81;
0601142;"Sławatycze (2)";484497,16;141366,23;184448,18;402844,41;3608059,87;4474958,91;3091741,13;6548105,94;4433224,00;10527871,61;
0601152;"Sosnówka (2)";828215,42;361286,91;1814154,92;1702561,90;1920773,69;223126,26;2580355,50;2023715,66;7894095,86;15705942,14;
0601162;"Terespol (2)";5785160,89;7657104,90;5485180,17;13157793,48;7272628,79;740507,60;4161212,33;10780202,52;28571885,37;23506549,48;
0601172;"Tuczna (2)";678930,66;433712,67;460769,05;4295711,21;3349063,82;2582292,99;4171057,53;3029718,12;13090871,68;13936388,77;
0601182;"Wisznice (2)";2833987,38;620192,40;6288798,43;4762538,28;6261493,06;7944504,11;11664865,44;9528031,77;16319991,25;14159629,88;
0601192;"Zalesie (2)";1259249,14;2182085,91;3808683,96;4197877,77;1469438,46;3688998,66;5046093,68;3330663,72;12849256,75;12299765,16;
0602000;"Powiat biłgorajski";117903771,65;50939525,88;62048890,80;100238512,32;105542421,80;101116121,04;81557730,27;132287555,04;206362986,21;206272069,94;
0602011;"Biłgoraj (1)";62684319,54;13182477,53;13186080,39;18730313,12;26636611,23;29409154,58;8740474,34;29422114,49;42945089,29;26846820,89;
0602022;"Aleksandrów (2)";745513,33;852380,39;3337198,45;4885757,51;629551,76;2477673,02;2079419,74;2863692,37;1774359,33;9931009,58;
0602032;"Biłgoraj (2)";14525328,69;11736056,63;6059588,67;8279312,05;14724834,55;12856345,47;16989395,92;12207431,62;14543727,39;23826664,26;
0602042;"Biszcza (2)";3887363,60;3912451,40;2458875,81;13021841,84;2606974,35;3503595,15;4839548,48;5992828,51;15566719,07;19174261,42;
0602053;"Frampol (3)";1909328,82;1241084,21;3318029,37;6433556,59;3378837,41;2083586,46;6828745,03;9235691,20;15110778,49;9167681,25;
0602062;"Goraj (2)";5725196,64;2594064,15;3013700,29;6687855,44;7687894,17;3582078,89;;;;;
0602063;"Goraj (3)";;;;;;;2019701,82;5326477,48;10120034,56;13644988,83;
0602073;"Józefów (3)";4051544,48;2845864,01;10730518,61;8547792,46;3183441,59;7449644,86;5017953,29;6340317,44;13627529,90;10967147,67;
0602082;"Księżpol (2)";4704878,32;4671676,05;2660734,46;5087791,20;11489598,58;12965518,88;6227846,25;11331464,82;17432584,81;17134882,29;
0602092;"Łukowa (2)";1755021,90;2700225,87;3528052,44;4929794,84;8058155,40;2019064,27;3538844,83;7088388,12;20170101,70;7754161,96;
0602102;"Obsza (2)";8398973,53;680116,75;1850308,07;3446234,60;6105452,54;6570437,33;6325859,36;6048357,33;10123598,47;8595604,21;
0602112;"Potok Górny (2)";1490618,35;2256731,46;4005552,18;2005935,63;5569449,09;1669634,70;7035110,18;14680920,98;8905533,75;21383109,27;
0602123;"Tarnogród (3)";5802444,75;1225800,06;5840664,14;5484229,65;9141361,08;11481489,09;4875685,87;12614026,46;11334444,54;14320549,24;
0602132;"Tereszpol (2)";329186,12;1558789,57;968637,35;6499939,74;2710165,08;1503169,56;4445167,57;4652583,64;7049336,52;13821896,61;
0602142;"Turobin (2)";1894053,58;1481807,80;1090950,57;6198157,65;3620094,97;3544728,78;2593977,59;4483260,58;17659148,39;;
0602143;"Turobin (3)";;;;;;;;;;9703292,46;
0603000;"Powiat chełmski";52035016,89;26087644,97;38407439,28;80396949,51;69484114,25;65506562,22;64945527,55;102345318,72;170879927,19;174643083,19;
0603011;"Rejowiec Fabryczny (1)";4477465,82;533227,54;743923,20;2308762,10;2963898,87;8447062,58;4895041,38;2848863,44;5427970,68;4995233,50;
0603022;"Białopole (2)";632980,97;437447,95;1722975,98;2602489,79;2666497,14;809103,48;1611783,96;4603815,76;17560045,15;6883952,63;
0603032;"Chełm (2)";19731820,84;3884430,24;12394908,84;19676535,49;16767410,26;11144105,90;11064675,80;16526825,39;32281992,06;15734432,71;
0603042;"Dorohusk (2)";3291679,62;2697786,27;2671535,85;8284084,33;10224969,20;2479199,48;7186268,13;8357305,84;11501234,58;16979234,48;
0603052;"Dubienka (2)";97781,26;77558,49;74530,64;327447,88;449016,78;848780,64;137939,37;1641795,92;8238826,53;2815289,67;
0603062;"Kamień (2)";2679334,54;937923,26;1851210,54;2219406,57;2859526,23;2856489,29;4431532,79;8679349,17;8495710,72;11367931,91;
0603072;"Leśniowice (2)";6988991,07;2593975,66;987209,52;4725340,97;3700550,77;2863089,58;3213929,54;12643198,17;12631578,70;11448476,04;
0603082;"Rejowiec Fabryczny (2)";997309,15;2036333,05;1726759,10;2320867,70;6339268,06;6822281,58;2323507,85;7497983,46;11195304,72;14932553,80;
0603092;"Ruda-Huta (2)";1820518,90;1928772,18;1679628,87;6348195,19;2679275,14;6864237,53;1687914,97;1924794,84;11385213,06;8391239,63;
0603102;"Sawin (2)";316533,47;2431998,11;1842697,05;3839372,35;730552,59;929280,92;1080574,30;6132655,84;10278237,03;7366268,94;
0603112;"Siedliszcze (2)";3862483,63;;;;;;;;;;
0603113;"Siedliszcze (3)";;2686060,80;3075793,80;5194142,08;3237013,62;3506147,28;3350347,39;7807811,95;9136031,47;23920235,03;
0603122;"Wierzbica (2)";1762762,98;712338,28;4150975,40;6558115,97;3169169,09;10689810,52;15510972,06;10317855,20;4664893,28;10361418,12;
0603132;"Wojsławice (2)";1951118,06;639184,86;652084,59;7467860,96;6771247,00;1529123,41;1782641,33;6668406,24;2655277,97;7562018,26;
0603142;"Żmudź (2)";1399012,26;237121,49;689686,57;2115265,37;2215955,93;788295,33;3320402,57;2985861,62;15244635,69;20365427,65;
0603152;"Rejowiec (2)";2025224,32;4253486,79;;;;;;;;;
0603153;"Rejowiec (3)";;;4143519,33;6409062,76;4709763,57;4929554,70;3347996,11;3708795,88;10182975,55;11519370,82;
0604000;"Powiat hrubieszowski";36605940,23;15419404,50;17340774,93;44390363,22;25128511,16;48593282,60;43118476,48;66914379,40;95028809,26;100676115,65;
0604011;"Hrubieszów (1)";15176827,05;6224074,53;4768434,81;10753108,35;6762062,39;22617696,86;21264230,96;19276038,22;13982870,54;22203226,42;
0604022;"Dołhobyczów (2)";5867267,17;1918846,02;2835611,99;9543283,26;3227223,75;4641048,08;5591377,18;8894490,26;8110318,35;3279553,66;
0604032;"Horodło (2)";2541789,11;920537,26;1522799,73;5867250,97;5072615,74;2885653,03;1700465,47;6798936,92;11950736,64;4290143,09;
0604042;"Hrubieszów (2)";1110885,33;2136685,38;2520595,85;5893991,45;1921780,88;5249373,66;4496896,62;9856926,01;12118090,95;33618269,71;
0604052;"Mircze (2)";2740866,78;2961040,19;1944759,80;3104304,17;2524977,97;5525066,03;4368697,27;6669214,28;12760966,62;3957626,82;
0604062;"Trzeszczany (2)";274615,18;180526,97;518551,08;1585915,10;1310398,93;1324509,82;1960423,87;6372544,94;14122054,71;11997363,85;
0604072;"Uchanie (2)";390278,29;341597,64;358171,82;1418795,46;2359971,10;1023060,13;899089,02;4207600,08;9659935,67;8690050,51;
0604082;"Werbkowice (2)";8503411,32;736096,51;2871849,85;6223714,46;1949480,40;5326874,99;2837296,09;4838628,69;12323835,78;12639881,59;
0605000;"Powiat janowski";45070225,26;13023894,95;33654381,40;61143289,94;28095202,84;27444062,99;35745646,45;74554850,51;88093578,04;109144421,42;
0605012;"Batorz (2)";3770075,97;1405845,60;2687826,66;4049551,21;741314,49;2921995,24;3013954,54;6740775,30;6977333,13;2176393,58;
0605022;"Chrzanów (2)";3332188,09;1159164,42;1421784,50;1583242,46;1385545,16;3474561,65;4060451,00;14133453,64;6454620,35;8579539,52;
0605032;"Dzwola (2)";6241763,79;1569862,80;1497556,64;12055381,05;1087160,25;4004095,11;5632750,22;7869331,68;17598451,53;21297754,32;
0605042;"Godziszów (2)";5276135,80;1495499,12;3836346,89;9147498,48;3223812,98;2035963,67;8734170,50;2221724,78;4273121,12;18679962,43;
0605053;"Janów Lubelski (3)";16119218,34;3148325,80;14956401,63;12239269,73;11224270,93;11066807,47;8717018,99;30323590,24;27368289,19;22790366,87;
0605063;"Modliborzyce (3)";5183232,27;1807829,93;2604651,27;15675400,18;7355908,11;1337591,12;2486925,26;3090707,28;9143777,28;24790567,06;
0605072;"Potok Wielki (2)";5147611,00;2437367,28;6649813,81;6392946,83;3077190,92;2603048,73;3100375,94;10175267,59;16277985,44;10829837,64;
0606000;"Powiat krasnostawski";41488158,24;24987032,19;31124610,22;41256757,71;69194017,80;44244326,26;47039210,92;55214266,50;121741635,63;145213553,89;
0606011;"Krasnystaw (1)";10305584,47;7932265,51;7115883,83;5875941,55;10875541,87;11335480,51;8004023,85;8348516,18;16249763,51;36879947,85;
0606022;"Fajsławice (2)";1532767,32;1863514,59;750673,16;9677077,29;4954506,08;1561705,80;2644695,58;13110388,30;17981201,95;10297729,68;
0606032;"Gorzków (2)";1326432,60;1556284,75;2367207,52;2871576,52;3102739,22;1354182,73;3307314,09;3715430,49;12904641,50;10232524,67;
0606042;"Izbica (2)";5145246,50;3502761,63;4005265,94;6546996,67;7489867,09;3014581,59;4105700,66;;;;
0606043;"Izbica (3)";;;;;;;;4660356,27;4916646,80;6702212,43;
0606052;"Krasnystaw (2)";6045151,25;1696232,56;2326320,14;2824871,73;12492415,35;5852986,73;4542916,74;5219624,37;13215645,09;16831348,23;
0606062;"Kraśniczyn (2)";276341,52;1875601,25;2556096,15;754441,14;2592660,56;2817773,69;1316757,67;2568840,26;4518808,81;9065343,43;
0606072;"Łopiennik Górny (2)";9575533,10;3635388,17;1658948,65;2788801,43;12731548,14;3619025,49;10175363,62;4807553,52;9855609,00;10510178,97;
0606092;"Rudnik (2)";501542,61;521734,12;2644710,44;2806576,85;1172394,46;3736013,17;3298352,31;4445732,73;10172415,97;17624993,25;
0606102;"Siennica Różana (2)";4767295,58;1504936,96;3388310,08;4340855,88;5663886,05;3873670,71;5949292,32;1993998,58;11191606,87;14263786,61;
0606112;"Żółkiewka (2)";2012263,29;898312,65;4311194,31;2769618,65;8118458,98;7078905,84;3694794,08;6343825,80;20735296,13;12805488,77;
0607000;"Powiat kraśnicki";55332062,75;23972606,30;40408248,12;89805402,56;64106296,36;59214076,42;67836361,09;74337127,17;133686531,89;103767005,35;
0607011;"Kraśnik (1)";17170785,79;7722791,00;13500484,96;23408600,03;14666256,85;17126492,65;29945569,03;28963528,86;15532374,34;6373175,97;
0607023;"Annopol (3)";10970181,44;2271873,69;3410398,05;3673490,85;4579819,10;11415968,43;7318139,24;6025924,52;9587345,64;13585501,25;
0607032;"Dzierzkowice (2)";1864479,00;1385674,70;4502178,09;14500417,68;4686135,71;4089973,02;587203,64;8812474,70;11662724,66;9584847,38;
0607042;"Gościeradów (2)";520113,08;533238,30;2180403,75;9217232,41;5507087,61;2853228,27;3913749,58;4092434,00;3100578,89;7675657,62;
0607052;"Kraśnik (2)";4696915,74;944278,90;1520693,34;7163501,50;5093617,35;1936244,83;1334415,72;3158672,70;12012160,87;6024658,79;
0607062;"Szastarka (2)";4645138,00;826366,99;3512399,72;3573836,21;1099714,68;635772,61;4159490,50;4214734,60;16848402,57;4740792,95;
0607072;"Trzydnik Duży (2)";1342136,96;818812,51;1837205,91;3823559,49;5104947,31;6542636,99;2329345,93;2488722,81;13345072,54;16719900,86;
0607082;"Urzędów (2)";9502018,83;;;;;;;;;;
0607083;"Urzędów (3)";;3058302,46;4125043,84;9439417,45;4233372,81;5124438,05;4889517,83;4143484,27;23487768,76;10591465,20;
0607092;"Wilkołaz (2)";1700809,07;5049622,86;4645075,87;9362119,48;14393161,63;5961825,73;8410714,20;3493667,14;10155318,76;15015094,16;
0607102;"Zakrzówek (2)";2919484,84;1361644,89;1174364,59;5643227,46;4742183,31;3527495,84;4948215,42;8943483,57;17954784,86;13455911,17;
0608000;"Powiat lubartowski";64054738,09;33622234,94;49524824,72;106528419,98;93096180,63;101810525,09;73964682,80;88390124,80;161291404,54;194965519,38;
0608011;"Lubartów (1)";18333275,04;8649131,25;6772237,89;15677894,28;22762155,49;29915996,31;12591674,11;11212814,75;8252224,22;28971511,67;
0608022;"Abramów (2)";2938145,36;1002061,88;2063758,53;3420226,55;2757287,96;2042831,09;6172763,07;1737144,58;7066004,38;7284334,78;
0608032;"Firlej (2)";5742371,64;1318419,36;2505055,79;7784672,72;3361888,15;7451745,01;7724131,32;9942127,77;7180770,43;13727716,31;
0608042;"Jeziorzany (2)";4799741,86;3574248,33;1702753,18;6876310,76;2589363,18;1277364,34;2539307,18;1837763,90;8036335,23;6112167,88;
0608052;"Kamionka (2)";3256999,21;728039,41;2027935,92;9691078,62;6190942,76;9092489,83;;;;;
0608053;"Kamionka (3)";;;;;;;3443472,00;3306970,22;7870615,26;21124685,23;
0608063;"Kock (3)";3342468,08;2019744,48;6442938,41;8909165,29;8932337,35;5296723,06;8815952,02;8293392,45;7998282,41;13608983,21;
0608072;"Lubartów (2)";7911976,68;7526152,25;14443450,16;25106988,98;19125453,82;17238121,67;7263717,43;16771946,00;20493427,06;13833527,96;
0608082;"Michów (2)";1991287,39;2228028,33;2640414,30;4930170,58;5894518,43;1926869,94;969843,12;12093680,52;5815561,54;8222623,70;
0608092;"Niedźwiada (2)";4424234,30;847794,14;3746641,78;4507495,21;1337106,98;4643675,43;6897534,65;5014865,09;42059093,93;12684849,46;
0608103;"Ostrów Lubelski (3)";3068375,11;3070647,03;1184098,29;6448805,13;8289698,08;9814787,29;4446297,55;2274273,10;14577120,87;22852452,95;
0608112;"Ostrówek (2)";4413126,33;823421,96;1570099,76;2966301,43;1124950,02;717918,72;1768126,81;2332706,03;6429460,21;10512665,18;
0608122;"Serniki (2)";1641529,16;1537120,23;3391515,09;6906665,10;2544196,17;9782606,82;9115442,32;7922533,98;4299935,12;28284397,26;
0608132;"Uścimów (2)";2191207,93;297426,29;1033925,62;3302645,33;8186282,24;2609395,58;2216421,22;5649906,41;21212573,88;7745603,79;
0609000;"Powiat lubelski";81291273,89;55252424,49;103582640,20;221723303,01;169304683,97;188076969,62;152091064,12;219128782,58;287225581,41;349789052,38;
0609013;"Bełżyce (3)";1731792,97;2784178,64;4305249,20;1592747,07;2871871,32;11836193,11;8157326,03;20362069,78;8720635,00;24227177,73;
0609022;"Borzechów (2)";1149890,50;624909,45;4879191,98;3136930,71;2740764,66;1868871,98;2009719,66;6182822,30;4297581,00;6541756,53;
0609033;"Bychawa (3)";2825225,00;3781966,35;6974127,16;13902847,65;7071426,40;6816169,19;10555467,08;10442529,15;28525395,36;28528769,27;
0609042;"Garbów (2)";9056611,63;2940876,75;5172236,96;9855315,15;11102658,46;10831223,66;8100188,07;11041489,57;8344016,29;20587791,30;
0609052;"Głusk (2)";7164194,54;4242335,61;13462519,14;36807011,69;24835106,41;25491426,67;17464852,52;24060485,84;21737250,89;25758426,07;
0609062;"Jabłonna (2)";5884427,52;2564886,85;5507352,10;13211351,47;13038348,60;14949012,91;7206623,01;9103306,81;21216312,66;22160939,53;
0609072;"Jastków (2)";12368391,80;9867703,20;15035211,30;28095632,76;25727464,14;12376593,40;18739787,75;20841993,00;23983778,97;21397153,51;
0609082;"Konopnica (2)";9798969,54;6853913,04;8189939,50;16713697,37;13811341,34;17121995,32;12525244,64;16039251,45;35548424,57;24638533,85;
0609092;"Krzczonów (2)";2283655,75;1760884,87;4990907,11;5824816,06;5972720,59;4628734,82;3476616,74;8830251,80;9456544,24;25454398,44;
0609102;"Niedrzwica Duża (2)";2054711,37;2765915,75;6686435,89;24673167,43;11632465,79;19530548,31;14478974,36;13161503,24;28508723,83;17151392,41;
0609112;"Niemce (2)";14976653,83;5089680,41;10835395,37;25898391,52;14959895,08;17113796,60;5669768,16;15381741,94;26189502,44;27846279,27;
0609122;"Strzyżewice (2)";2835400,75;4791663,41;3857488,21;15682215,64;6143068,49;16017449,29;6939092,01;20553065,26;12259543,71;21157318,99;
0609132;"Wojciechów (2)";980236,28;947452,03;1183441,01;5427235,32;4717222,75;2334133,02;10151004,66;5575170,52;7705857,23;22993727,77;
0609142;"Wólka (2)";6938782,58;2870041,72;6670981,60;6331936,73;20499750,02;19447777,01;17034128,93;25455237,64;31694051,28;34714466,64;
0609152;"Wysokie (2)";226736,49;546323,55;3414190,62;9218809,57;3367903,55;6130691,43;7633984,74;8381479,44;13814326,26;17422890,57;
0609162;"Zakrzew (2)";1015593,34;2819692,86;2417973,05;5351196,87;812676,37;1582352,90;1948285,76;3716384,84;5223637,68;9208030,50;
0610000;"Powiat łęczyński";27053335,09;24482402,94;31354486,32;52524037,60;46673659,26;48983042,80;65984624,87;78303780,93;82400082,37;84054431,44;
0610012;"Cyców (2)";3866479,28;4884690,49;4644636,54;10371547,31;12197670,65;6175851,79;13284368,14;9620300,28;16568751,20;12477828,19;
0610022;"Ludwin (2)";2620204,35;848610,04;1765166,50;1557162,12;2216815,92;5247845,31;8471971,36;4692664,94;8761803,69;19090892,70;
0610033;"Łęczna (3)";11672720,51;8510341,99;14628039,34;10679373,30;11078240,25;11379955,36;12184424,86;20500471,79;15527098,95;17406585,24;
0610042;"Milejów (2)";2248255,34;2100731,20;3020099,84;14851216,18;14057269,67;17552217,75;13848700,11;25055617,00;16173407,77;17600243,73;
0610052;"Puchaczów (2)";5432070,56;5792453,48;3858607,70;8263601,13;3988730,13;5549186,07;13658010,95;10760488,82;13368446,62;8425369,15;
0610062;"Spiczyn (2)";1213605,05;2345575,74;3437936,40;6801137,56;3134932,64;3077986,52;4537149,45;7674238,10;12000574,14;9053512,43;
0611000;"Powiat łukowski";31222824,89;42556786,25;44930235,44;71222117,89;69210776,44;83996017,24;93126652,65;129383074,42;163688468,53;148153134,89;
0611011;"Łuków (1)";7163108,74;9102660,52;11762718,78;17460329,51;7179370,23;20470848,86;10276659,82;8999406,99;14878885,06;24759268,63;
0611021;"Stoczek Łukowski (1)";1504817,35;1548782,06;184492,82;267941,29;2228109,09;3310850,22;2984776,28;5065157,00;6668315,29;6802151,54;
0611032;"Adamów (2)";1769301,19;1698344,83;1936124,82;5138916,52;5285788,50;6361122,53;2239132,95;6802209,05;19151585,25;5641928,22;
0611042;"Krzywda (2)";3203406,59;5690462,24;4864140,00;4907438,20;5112052,25;5848488,04;9885855,96;8545974,31;12054295,14;11976482,10;
0611052;"Łuków (2)";5232716,49;6856500,03;8424111,29;14727199,59;23549225,70;12531646,84;23194764,19;30281999,46;14185710,83;26891920,38;
0611062;"Serokomla (2)";2179737,37;812582,22;2335314,28;1447537,60;5003341,30;2429177,61;2331547,64;4708130,11;8270805,67;9150452,49;
0611072;"Stanin (2)";4115732,33;5658360,64;2800190,26;5552998,45;3453302,49;9478907,43;11732306,08;9076621,32;18706228,44;21439839,60;
0611082;"Stoczek Łukowski (2)";2200940,04;3834629,29;6545499,56;10873853,74;8897747,11;5275027,39;6379625,60;16128539,74;10872812,83;17889851,67;
0611092;"Trzebieszów (2)";1903215,05;3795635,64;1921310,57;6343050,16;5410623,90;8237110,92;8180805,34;7239870,62;21961710,35;7247766,06;
0611102;"Wojcieszków (2)";1309904,75;1145918,14;1105317,60;1480160,94;1277843,84;7214394,60;13533775,83;29599592,98;26518651,10;6015812,63;
0611112;"Wola Mysłowska (2)";639944,99;2412910,64;3051015,46;3022691,89;1813372,03;2838442,80;2387402,96;2935572,84;10419468,57;10337661,57;
0612000;"Powiat opolski";24332268,14;17045875,78;30642711,58;45113654,87;63460526,48;59757000,81;64394315,00;59617308,61;86480382,13;91123716,40;
0612012;"Chodel (2)";866489,73;3186079,27;4200467,66;3073700,12;6398978,32;4072620,49;10980836,01;7009876,80;23002227,69;9137494,23;
0612022;"Józefów nad Wisłą (2)";1862357,30;697178,69;2237757,03;;;;;;;;
0612023;"Józefów nad Wisłą (3)";;;;6990773,26;1882252,80;6716809,41;5356338,56;5025955,21;5839626,20;8945085,05;
0612032;"Karczmiska (2)";4880063,24;1228771,38;1453759,65;1910955,98;3535729,71;2057241,49;5099065,06;4452490,98;7883227,52;15879834,43;
0612042;"Łaziska (2)";889364,87;1836503,46;1073639,05;979465,24;8083916,82;3471588,50;1446175,45;5457886,99;4688142,04;7058277,62;
0612053;"Opole Lubelskie (3)";12167422,87;5353186,52;13567511,80;19741495,61;20296857,25;27145395,30;21899802,07;13058739,86;17773285,71;13377628,13;
0612063;"Poniatowa (3)";3524469,40;3562871,76;5689603,76;9839572,58;21341012,22;9749597,55;17704681,64;18319281,89;26250844,33;23896566,48;
0612072;"Wilków (2)";142100,73;1181284,70;2419972,63;2577692,08;1921779,36;6543748,07;1907416,21;6293076,88;1043028,64;12828830,46;
0613000;"Powiat parczewski";28157791,33;6636542,35;21107714,66;31132246,65;31618035,31;22164096,80;31366624,71;38806289,22;79558856,40;103232068,14;
0613012;"Dębowa Kłoda (2)";1587863,56;544456,88;435361,36;5189880,75;3560597,50;4482015,62;3169585,87;1066631,70;4299873,52;20134812,39;
0613022;"Jabłoń (2)";2452194,20;471122,66;1494545,90;6325297,75;8561470,31;5006756,77;7673592,14;4779143,56;14621908,30;15885932,11;
0613032;"Milanów (2)";7652045,70;1689797,01;10056831,86;4328077,96;1725868,93;580810,61;1213573,31;8795496,98;11053635,90;18595929,44;
0613043;"Parczew (3)";8125932,40;1747953,90;6773212,48;10258062,51;7706587,53;5918562,89;12666014,64;6552185,97;20927749,50;29134568,02;
0613052;"Podedwórze (2)";1876104,17;99061,76;23130,30;1262294,11;258903,62;1199579,94;1717531,80;2949109,73;3913841,28;5013334,88;
0613062;"Siemień (2)";6157519,12;1665002,47;976882,17;422245,67;6155208,59;259114,09;698423,64;10972421,32;21622659,67;8753586,60;
0613072;"Sosnowica (2)";306132,18;419147,67;1347750,59;3346387,90;3649398,83;4717256,88;4227903,31;3691299,96;3119188,23;5713904,70;
0614000;"Powiat puławski";93180530,57;67824376,82;63383614,23;111438997,76;142426000,29;166307834,67;86941596,65;134089568,94;160460488,77;216247560,77;
0614011;"Puławy (1)";53780546,36;26144464,04;18570014,59;39787212,96;77941040,05;95241707,91;26983605,94;37884482,13;28840299,20;43459951,88;
0614022;"Baranów (2)";1960546,15;1555452,31;2201752,72;3431505,33;3915164,35;5574576,76;4435102,75;11714475,80;4647076,22;19525205,87;
0614032;"Janowiec (2)";6374693,25;1353858,70;1028955,45;2937894,46;3789198,73;1357668,97;1814921,34;3779706,13;13809641,61;11134703,76;
0614043;"Kazimierz Dolny (3)";9956222,36;15339996,19;10227445,29;7256103,98;2144988,45;4006648,16;3997304,62;13231369,88;7284573,73;14796706,41;
0614052;"Końskowola (2)";2800346,07;3807053,37;5089525,01;12630593,70;10451261,13;12928744,92;5698542,43;11178029,39;14855853,42;15652784,13;
0614062;"Kurów (2)";854213,62;1072666,57;2149492,01;8700465,91;6752056,15;5148373,80;4719203,33;13656667,51;17894991,00;17331187,69;
0614072;"Markuszów (2)";353697,82;722999,75;1814567,64;5208142,87;2400228,21;2996067,39;1977589,46;4625470,17;7581685,14;7918158,20;
0614083;"Nałęczów (3)";2875030,40;3149519,50;5183880,95;11051085,32;8188037,88;15347470,79;14409336,93;17911403,53;18683676,36;23719488,70;
0614092;"Puławy (2)";4007363,59;11339493,37;9885784,07;7558160,26;8340833,99;11349750,66;10119601,29;9782884,59;17135194,29;34580327,89;
0614102;"Wąwolnica (2)";277888,60;379961,36;2404773,33;3074619,73;4845156,87;4134923,28;6664681,93;5398378,15;14112713,02;4300577,49;
0614112;"Żyrzyn (2)";9939982,35;2958911,66;4827423,17;9803213,24;13658034,48;8221902,03;6121706,63;4926701,66;15614784,78;23828468,75;
0615000;"Powiat radzyński";30048102,15;14610933,11;31657173,73;58815068,12;28854890,13;48379322,95;40048243,52;69485114,15;106847170,61;104431121,68;
0615011;"Radzyń Podlaski (1)";9357760,75;2478751,26;8006084,83;12443603,21;5008545,63;5229824,17;8550307,72;20453092,61;18763943,04;9968051,37;
0615022;"Borki (2)";2967526,90;1193007,14;3229392,65;7575165,28;3853619,57;9766976,62;4676392,15;8279252,48;8202930,37;14323367,43;
0615032;"Czemierniki (2)";1602542,82;1284409,35;4585277,21;3794966,59;2863507,82;4944468,30;3691491,48;4424925,58;8673024,21;;
0615033;"Czemierniki (3)";;;;;;;;;;13474566,49;
0615042;"Kąkolewnica (2)";4218424,18;3768805,47;4079769,89;4460574,15;7609670,48;5363457,13;3230883,50;12762335,91;16511692,78;19725373,63;
0615052;"Komarówka Podlaska (2)";1700234,44;352702,57;3417695,87;4828261,98;2426327,42;3952459,30;4320156,73;2897656,60;18013719,62;7132397,68;
0615062;"Radzyń Podlaski (2)";4457808,88;1201523,30;2556454,14;6957320,61;2980440,94;11825071,06;6833722,49;4966532,53;11602578,54;16031168,86;
0615072;"Ulan-Majorat (2)";3168775,89;1704262,87;2863408,43;10195872,34;2805452,94;5496107,06;5117984,35;9213554,75;4316754,70;18326673,70;
0615082;"Wohyń (2)";2575028,29;2627471,15;2919090,71;8559303,96;1307325,33;1800959,31;3627305,10;6487763,69;20762527,35;5449522,52;
0616000;"Powiat rycki";11019882,34;13996730,66;25657317,05;51794808,44;32276409,12;48694151,21;53333794,43;70648642,39;107549262,22;85290693,43;
0616011;"Dęblin (1)";3067523,22;3670401,56;6208350,79;9032865,46;9643935,65;13739460,29;5780317,29;3204635,44;12719432,38;14368181,18;
0616022;"Kłoczew (2)";1454807,02;2160414,36;3683473,50;9087103,33;6253656,42;3495787,48;6116566,98;21328821,75;29174235,39;19093124,33;
0616032;"Nowodwór (2)";1218677,96;1459972,51;1056715,23;7481222,95;1656338,95;1606808,75;2442258,33;8057101,97;8855432,96;10418102,26;
0616043;"Ryki (3)";3274538,05;5488626,13;8659236,91;17454259,16;7964425,84;27659752,32;33077760,30;24150535,37;34802904,64;31276762,41;
0616052;"Stężyca (2)";1723719,43;582433,27;2742527,59;4223880,46;2463063,05;719251,27;814682,05;5746824,63;11981873,01;3365781,60;
0616062;"Ułęż (2)";280616,66;634882,83;3307013,03;4515477,08;4294989,21;1473091,10;5102209,48;8160723,23;10015383,84;6768741,65;
0617000;"Powiat świdnicki";33569156,87;25045770,22;32853577,75;70965419,04;105321297,36;121478899,72;80666254,84;78681403,67;134702860,41;126277055,81;
0617011;"Świdnik (1)";11121847,13;14456141,12;14093095,26;32807769,70;76582613,84;84062755,45;48143561,00;30206972,99;49832091,32;43773757,55;
0617022;"Mełgiew (2)";6881818,37;4401008,80;7120537,33;4841998,92;8864309,18;10849402,05;6722395,86;14179449,25;38812409,74;24978155,61;
0617033;"Piaski (3)";11291161,05;3236479,18;7493420,59;23495252,53;13244654,69;10585119,09;7577320,93;19562779,45;20404469,51;24816870,26;
0617042;"Rybczewice (2)";2002360,22;1570667,79;2789088,68;6469669,69;4777694,75;8658106,12;7646067,19;3539114,47;11524090,75;19720768,73;
0617052;"Trawniki (2)";2271970,10;1381473,33;1357435,89;3350728,20;1852024,90;7323517,01;10576909,86;11193087,51;14129799,09;12987503,66;
0618000;"Powiat tomaszowski";46319239,25;31470724,72;48710923,22;76457698,36;76861305,52;76976338,75;74569679,21;94996378,30;168398930,18;177216245,21;
0618011;"Tomaszów Lubelski (1)";16632762,26;7247452,56;5159390,13;14801839,53;29683337,50;25261527,82;12541694,39;12895908,40;16733489,89;24946192,60;
0618022;"Bełżec (2)";5303458,30;364290,50;1128751,44;2535583,12;4978029,37;3733812,29;3297792,64;3674726,35;18875781,16;7082011,04;
0618032;"Jarczów (2)";541802,12;884433,30;1041270,30;2931353,16;2546123,50;1888944,41;1887316,47;7381582,14;12945041,58;3596168,90;
0618042;"Krynice (2)";1513569,02;1203202,91;2241860,51;3492690,90;4839480,42;5360691,65;2350474,19;6622548,21;13482446,33;12069833,23;
0618052;"Lubycza Królewska (2)";6120000,01;;;;;;;;;;
0618053;"Lubycza Królewska (3)";;1288905,77;2817380,20;5105455,64;1577389,72;1338264,65;4492958,66;7146051,13;20815460,42;11261249,72;
0618063;"Łaszczów (3)";1483951,04;1085303,19;1081858,35;3715017,74;215118,44;1406650,91;3120657,48;5933987,00;7381332,55;2531420,40;
0618072;"Rachanie (2)";269496,67;669410,34;818748,68;2526121,64;2060921,81;4112935,64;7738796,73;5631557,08;16338094,89;20087006,45;
0618082;"Susiec (2)";3246513,19;3368103,04;7675955,16;9589709,57;7383523,02;4758214,18;6031052,62;3887199,15;9251200,99;8921647,45;
0618092;"Tarnawatka (2)";1685652,40;2726617,38;7958264,56;6754002,08;2086330,03;3147701,20;5610624,53;6799713,57;7446251,60;15516710,73;
0618102;"Telatyn (2)";1513025,96;1311389,01;1935444,67;4883331,66;1997715,17;6642611,32;2981173,34;6901192,81;10352924,76;21797604,94;
0618112;"Tomaszów Lubelski (2)";2068571,50;6056689,00;8453981,12;10740758,42;14916155,28;11326921,05;17215700,11;12168278,00;14690219,62;27939368,98;
0618123;"Tyszowce (3)";1665248,00;1958093,16;3060319,71;4560914,07;3585185,71;7459265,01;6052699,80;5525463,87;8386870,35;15988438,24;
0618132;"Ulhówek (2)";4275188,78;3306834,56;5337698,39;4820920,83;991995,55;538798,62;1248738,25;10428170,59;11699816,04;5478592,53;
0619000;"Powiat włodawski";32640465,64;7938747,66;11826495,87;29562829,55;39886880,98;41781025,79;37166908,48;41480358,91;109924516,65;77951838,26;
0619011;"Włodawa (1)";3579249,22;1340258,88;2931805,25;5238286,80;8847544,89;5675786,48;13279205,36;4028927,41;20892829,64;9666502,13;
0619022;"Hanna (2)";9455683,53;675439,13;1126970,38;6073587,45;6378501,10;3677697,26;2006425,41;3614914,94;10516030,09;7325949,26;
0619032;"Hańsk (2)";4244439,14;1256355,65;1694508,84;6167139,46;2933331,60;6386827,82;1875849,42;6007442,22;9736369,96;12182520,04;
0619042;"Stary Brus (2)";1184320,40;172652,41;171798,69;442225,68;1744191,02;2120984,40;488990,74;1445626,05;10277620,14;3355383,80;
0619052;"Urszulin (2)";5606159,01;1931248,85;2659648,72;5581174,30;9396573,64;10835211,18;10856758,11;8974104,68;11724294,16;10279256,72;
0619062;"Włodawa (2)";3235613,38;1795460,36;869728,68;3332872,95;4077688,36;5646936,45;4624478,49;6992714,95;14880165,27;15060993,89;
0619072;"Wola Uhruska (2)";4591446,59;622943,81;1761212,94;1444291,90;4647222,95;5621627,74;2597240,48;5197102,33;13319334,57;4583730,77;
0619082;"Wyryki (2)";743554,37;144388,57;610822,37;1283251,01;1861827,42;1815954,46;1437960,47;5219526,33;18577872,82;15497501,65;
0620000;"Powiat zamojski";52135187,68;32243102,47;60014746,99;87681164,58;109155285,11;80177783,36;71772295,11;124771971,85;192772852,18;215198249,78;
0620012;"Adamów (2)";2817584,35;3375671,63;4069475,67;9399600,41;5677050,19;3375602,70;1966745,69;5873074,74;11091422,11;4481835,95;
0620022;"Grabowiec (2)";382900,62;613843,47;2491549,93;2895162,95;1715306,55;1627259,52;106404,80;8608913,92;5142291,81;9834284,29;
0620032;"Komarów-Osada (2)";2092373,20;779505,64;2530145,86;3252041,82;2193904,82;1514503,51;5011928,68;4788185,85;1031554,25;12273489,51;
0620043;"Krasnobród (3)";4104645,19;1492078,35;2183397,36;1334600,04;8392570,24;7198214,50;5971291,78;6361356,68;19577684,35;21363163,39;
0620052;"Łabunie (2)";2773971,74;461585,04;3056955,13;9463694,60;858853,60;4492334,10;1986764,82;9474128,13;18127684,67;9820746,12;
0620062;"Miączyn (2)";929044,28;718944,73;1096791,87;993041,78;4886674,62;1431573,08;2233119,97;10150648,56;12736937,83;19774188,23;
0620072;"Nielisz (2)";3156554,51;3686263,72;5201213,09;3435183,00;6473565,78;4480356,51;5914180,17;4482341,16;11341591,76;15240808,33;
0620082;"Radecznica (2)";1786652,25;1996601,38;3535726,51;5523757,86;8669879,77;10663945,94;5199445,82;11319523,50;12716914,41;13919322,14;
0620092;"Sitno (2)";6390461,54;981624,84;1987600,37;2041795,05;5629883,58;3406270,40;2642975,97;2760535,25;9910801,78;10059792,36;
0620102;"Skierbieszów (2)";1134136,05;1243332,83;6060371,56;2830635,28;8052518,13;7145865,13;4327302,62;4748802,50;5586028,43;8382111,10;
0620112;"Stary Zamość (2)";683570,66;824154,54;2409471,14;2579934,87;7916897,00;6105576,18;4913383,76;4297156,97;7152836,70;15487759,34;
0620122;"Sułów (2)";5297447,00;2198021,05;1511046,65;11656426,99;4406078,26;2317779,15;8200947,51;7232111,03;9232806,24;10297820,75;
0620133;"Szczebrzeszyn (3)";3112024,90;3986168,52;5402914,96;6837376,67;18492147,89;7010779,90;6945221,44;17233310,28;15012990,29;28213220,47;
0620142;"Zamość (2)";10438597,92;7367508,00;14871610,39;23241785,57;21859954,87;13656527,78;12496099,10;19501571,17;33756668,79;23408161,91;
0620153;"Zwierzyniec (3)";7035223,47;2517798,73;3606476,50;2196127,69;3929999,81;5751194,96;3856482,98;7940312,11;20354638,76;12641545,89;
0661000;"Powiat m. Biała Podlaska";13472640,24;9535897,74;13122550,37;36697752,30;52853968,36;63633999,52;49077783,92;97023790,89;48568098,41;86572828,04;
0661011;"Biała Podlaska (1)";13472640,24;9535897,74;13122550,37;36697752,30;52853968,36;63633999,52;49077783,92;97023790,89;48568098,41;86572828,04;
0662000;"Powiat m. Chełm";8680612,08;9281829,34;15792448,63;23678139,27;26269267,82;107375178,92;124245473,30;48481459,53;66366289,10;53189372,08;
0662011;"Chełm (1)";8680612,08;9281829,34;15792448,63;23678139,27;26269267,82;107375178,92;124245473,30;48481459,53;66366289,10;53189372,08;
0663000;"Powiat m. Lublin";339861689,94;193978728,44;314136279,70;433141045,51;306698609,34;248065033,62;425101453,28;335401332,40;312301459,82;306389848,71;
0663011;"Lublin (1)";339861689,94;193978728,44;314136279,70;433141045,51;306698609,34;248065033,62;425101453,28;335401332,40;312301459,82;306389848,71;
0664000;"Powiat m. Zamość";27558255,01;31795108,59;25531437,78;52603098,66;86257176,65;77250207,56;98041415,71;173457002,87;152315861,99;83297659,33;
0664011;"Zamość (1)";27558255,01;31795108,59;25531437,78;52603098,66;86257176,65;77250207,56;98041415,71;173457002,87;152315861,99;83297659,33;
0800000;"LUBUSKIE";448565064,54;430719496,99;658441253,31;1143727819,10;960336391,65;854806647,92;923572355,49;1143964603,30;1708105799,35;1704691426,36;
0801000;"Powiat gorzowski";41079401,33;29924868,24;61920862,72;86292226,29;61807068,09;54916852,08;71712851,18;78363156,26;107171065,94;189002297,40;
0801011;"Kostrzyn nad Odrą (1)";14227068,87;5696582,51;12006180,52;19273896,93;13857283,53;9391015,43;11920149,40;19727942,79;26935529,96;38664863,92;
0801022;"Bogdaniec (2)";7286761,41;1194617,33;5041292,82;6156193,13;3983861,24;5859340,40;8529546,08;6990556,81;8572210,22;18913402,12;
0801032;"Deszczno (2)";3498629,32;7764646,09;16239810,86;13470531,17;9922498,25;9088730,37;7084550,33;16053126,71;17877929,32;29198417,83;
0801042;"Kłodawa (2)";5351653,04;7327300,53;7033178,63;15254635,19;14148341,71;12368835,01;17650235,32;12003991,24;11073914,75;17286511,85;
0801052;"Lubiszyn (2)";3786458,73;3588012,97;5303417,30;7021727,69;5393921,57;7395875,32;10443385,45;11260867,98;17708144,69;24161271,52;
0801062;"Santok (2)";1578584,48;1351676,10;8245033,71;20298489,18;9397940,41;6843965,16;4789640,71;7389914,46;9053403,46;21473500,92;
0801073;"Witnica (3)";5350245,48;3002032,71;8051948,88;4816753,00;5103221,38;3969090,39;11295343,89;4936756,27;15949933,54;39304329,24;
0802000;"Powiat krośnieński";12980148,34;14676877,45;26072917,09;46241881,04;39032432,89;25935705,22;20356402,05;44692568,16;62710584,31;99398527,37;
0802011;"Gubin (1)";1467614,21;3105323,91;6874806,99;12232459,05;9677584,56;8427401,73;3463697,74;10661491,99;6721170,89;18178969,27;
0802022;"Bobrowice (2)";1879240,96;2286084,74;3322870,61;2838002,45;2077950,27;4275311,40;4695997,30;6366655,14;4981492,32;20292454,55;
0802032;"Bytnica (2)";651937,86;215497,21;471553,70;43913,51;763559,77;255680,17;686980,78;1454037,95;4719132,73;9578759,08;
0802042;"Dąbie (2)";2779134,90;1008509,73;2187335,28;3535663,83;1984569,96;681419,88;1499155,13;3878774,20;6225685,29;15373206,27;
0802052;"Gubin (2)";896912,65;983709,43;1219892,92;4757992,41;4402331,75;3603190,40;2328026,17;5415921,24;13557124,57;24402958,86;
0802063;"Krosno Odrzańskie (3)";4575256,91;6341538,35;9228434,69;20060138,19;18168079,72;7732161,19;5301312,27;15377777,70;20905882,73;9947599,83;
0802072;"Maszewo (2)";730050,85;736214,08;2768022,90;2773711,60;1958356,86;960540,45;2381232,66;1537909,94;5600095,78;1624579,51;
0803000;"Powiat międzyrzecki";34605681,98;22564589,42;37194056,74;65865326,09;38350728,85;33948277,40;42047631,36;71242974,67;95821278,25;79961483,03;
0803012;"Bledzew (2)";962873,62;482695,21;1069242,30;4661793,34;1795168,15;2298279,42;11788958,04;3262301,97;2746959,30;4630597,96;
0803023;"Międzyrzecz (3)";9201802,36;9543801,32;14186840,32;18023157,73;8620941,42;19415287,06;9295622,23;17345152,31;28614380,72;22981674,37;
0803032;"Przytoczna (2)";9892464,48;2601922,60;2618697,26;13918395,02;3396218,02;3037296,58;2520855,45;8448705,76;9596464,33;13739773,12;
0803042;"Pszczew (2)";7306216,90;2106894,56;4410092,17;7374165,39;6708183,49;2189264,64;3026174,75;14280327,95;10381785,52;10181359,25;
0803053;"Skwierzyna (3)";4884488,77;6177328,21;12333692,77;14594972,99;9523160,89;3353776,48;9067325,45;19485389,60;23830526,23;13311715,66;
0803063;"Trzciel (3)";2357835,85;1651947,52;2575491,92;7292841,62;8307056,88;3654373,22;6348695,44;8421097,08;20651162,15;15116362,67;
0804000;"Powiat nowosolski";54234328,72;42510346,76;66035870,34;104826844,86;89028262,73;94728646,34;112573659,34;97474715,69;169965094,65;161776493,54;
0804011;"Nowa Sól (1)";27466917,19;20429745,85;25849153,72;52612445,31;40871307,13;55473149,96;54725325,45;43616069,15;43742345,00;49895790,26;
0804023;"Bytom Odrzański (3)";8273895,32;2518091,37;5354044,08;10500517,98;11142112,52;7604037,62;10765726,04;7407533,59;36533247,37;16978951,26;
0804032;"Kolsko (2)";945131,93;914595,12;689492,52;2786317,55;3295277,05;1717945,62;3496005,45;7541469,95;5375097,08;9046150,28;
0804043;"Kożuchów (3)";8910799,71;6068439,78;11878329,22;8179690,98;10141049,57;11822407,59;4832184,79;8646803,87;12339790,71;10012489,87;
0804052;"Nowa Sól (2)";2593016,69;5810677,13;11072556,40;14021716,38;9039016,90;10529421,15;18860688,39;7201496,91;26432417,75;22056997,47;
0804063;"Nowe Miasteczko (3)";1254317,00;2363126,75;1963757,18;3580404,71;4878379,49;1745735,35;5176675,75;8762251,12;13828085,04;15152339,31;
0804072;"Otyń (2)";4105693,51;4147389,44;8044785,04;;;;;;;;
0804073;"Otyń (3)";;;;9481383,60;6622247,98;4016290,77;14183194,89;7900813,42;22411842,43;27030963,55;
0804082;"Siedlisko (2)";684557,37;258281,32;1183752,18;3664368,35;3038872,09;1819658,28;533858,58;6398277,68;9302269,27;11602811,54;
0805000;"Powiat słubicki";23524756,40;20238264,31;25489771,80;47692686,04;47048891,59;51236886,65;48432759,90;39999097,48;81928017,44;79688662,47;
0805013;"Cybinka (3)";4588914,04;3787080,91;4855793,30;5308853,59;2154354,03;2864818,10;2628583,57;2152040,98;9727902,20;17079891,44;
0805022;"Górzyca (2)";2351813,19;1224980,69;1271851,52;2844644,26;2704159,54;1058516,36;2156937,48;7116845,21;11025431,35;11436992,91;
0805033;"Ośno Lubuskie (3)";3500580,41;2257317,34;3341459,73;9573658,06;9520310,45;15694636,20;5443870,65;5741977,59;20304163,96;10734208,60;
0805043;"Rzepin (3)";2829510,00;3817010,49;3343268,23;17812498,31;11414039,62;16573657,99;6486299,98;4709844,49;17680230,88;14702411,96;
0805053;"Słubice (3)";10253938,76;9151874,88;12677399,02;12153031,82;21256027,95;15045258,00;31717068,22;20278389,21;23190289,05;25735157,56;
0806000;"Powiat strzelecko-drezdenecki";19388582,54;23750975,86;28219349,84;33864765,39;37843255,67;46880231,43;42979487,97;69999353,79;101086795,35;80349415,23;
0806013;"Dobiegniew (3)";1519104,72;1159979,88;2311234,75;3486203,82;4126258,63;17146034,09;11160344,39;15492534,24;41814707,11;16645217,50;
0806023;"Drezdenko (3)";11399709,90;8083790,48;13998893,69;12030349,64;17206535,07;13608002,27;16389837,83;22667773,01;17787436,20;18597390,66;
0806032;"Stare Kurowo (2)";428104,88;3667044,00;1312599,28;4816198,83;2207198,29;4102462,74;5816686,59;8145022,94;7065599,43;13204634,89;
0806043;"Strzelce Krajeńskie (3)";5171284,17;9263602,97;8694210,23;8866424,53;12054316,22;9823852,03;6974223,37;19774858,35;14197478,14;17457832,21;
0806052;"Zwierzyn (2)";870378,87;1576558,53;1902411,89;4665588,57;2248947,46;2199880,30;2638395,79;3919165,25;20221574,47;14444339,97;
0807000;"Powiat sulęciński";10034186,56;8810527,24;17406699,60;33241456,01;29394447,25;52116457,71;35064634,69;54731707,05;81354181,65;61627790,23;
0807012;"Krzeszyce (2)";1837415,91;566071,55;669375,23;3330002,43;2195683,71;3406709,64;7318268,04;6790150,34;7514071,89;13073276,85;
0807023;"Lubniewice (3)";2401600,81;1368299,12;2090696,21;8026106,27;2584970,52;36150,00;2347771,23;1885463,91;8400830,89;4991716,95;
0807032;"Słońsk (2)";1159425,75;2346111,08;2897209,38;8073707,63;9306505,75;9358081,53;6743318,51;11003142,59;22306756,81;20799851,31;
0807043;"Sulęcin (3)";4276575,20;3872333,20;10623346,36;13117659,84;13622449,90;37729449,94;16651656,75;20821083,53;34066675,31;11272402,73;
0807053;"Torzym (3)";359168,89;657712,29;1126072,42;693979,84;1684837,37;1586066,60;2003620,16;14231866,68;9065846,75;11490542,39;
0808000;"Powiat świebodziński";22250667,33;21776514,75;38364358,72;39657881,37;48730962,67;67412056,98;46749159,25;68579710,74;88989339,06;120131292,78;
0808012;"Lubrza (2)";1710322,68;1748743,14;9177515,44;849670,17;3652902,26;1812221,12;3023040,25;6907799,45;9780127,64;10908514,23;
0808022;"Łagów (2)";5002502,65;1159116,08;1571443,83;6263438,30;2454316,75;4786289,51;1716476,47;11475571,20;10916138,79;24614940,12;
0808032;"Skąpe (2)";1888689,98;1656061,27;3516821,39;7821248,23;4787238,33;3567730,86;3270486,64;6207108,79;16146864,40;13600139,74;
0808042;"Szczaniec (2)";1225603,21;1470805,51;2534892,05;7439787,40;4413184,13;9912447,85;6376255,70;5161341,65;15646722,81;8291327,16;
0808053;"Świebodzin (3)";6400039,34;9533404,56;14409663,22;11919761,67;15914005,17;22645689,02;25947826,15;25033815,54;24542188,51;44550425,18;
0808063;"Zbąszynek (3)";6023509,47;6208384,19;7154022,79;5363975,60;17509316,03;24687678,62;6415074,04;13794074,11;11957296,91;18165946,35;
0809000;"Powiat zielonogórski";34850482,14;27348599,57;49995327,42;66866368,29;73151334,06;48894922,90;63987541,87;70286527,62;110004258,41;132891822,90;
0809013;"Babimost (3)";4401587,93;3916265,24;5316646,91;8134656,48;10949246,13;2296071,48;7040758,70;6572040,51;8885649,88;15662054,67;
0809022;"Bojadła (2)";5713406,91;1096864,85;1002735,81;1002404,73;540187,56;1136437,29;1115118,29;6378302,77;4199663,06;5454208,56;
0809033;"Czerwieńsk (3)";2403631,46;2276515,18;10663969,71;15053532,88;7245461,53;3051770,57;4999464,94;6646803,97;14146731,64;14222530,97;
0809043;"Kargowa (3)";2685178,94;4380382,79;3381185,53;4804999,96;6941602,69;2128921,65;3364232,78;6710207,93;9491897,86;7595675,65;
0809053;"Nowogród Bobrzański (3)";5045568,32;3550039,15;7865152,47;3693066,80;3924740,11;7050743,33;7208747,81;5842134,04;12229571,84;15648845,05;
0809063;"Sulechów (3)";6081277,84;5356764,42;12520672,65;16757523,15;20364523,18;14287297,88;16192049,50;19164487,88;31876321,21;22465619,04;
0809072;"Świdnica (2)";4628793,21;1118868,63;4272126,02;6005400,35;11603591,36;7393379,86;17204706,94;6157105,62;13958509,04;16526434,67;
0809082;"Trzebiechów (2)";2026801,43;1191858,74;2029744,85;5330325,06;7114924,70;4013391,42;303393,59;5959251,45;5101775,37;20234779,64;
0809092;"Zabór (2)";1864236,10;4461040,57;2943093,47;6084458,88;4467056,80;7536909,42;6559069,32;6856193,45;10114138,51;15081674,65;
0810000;"Powiat żagański";52773874,62;26549437,77;34460716,97;61492180,09;50613572,42;29803582,31;39856084,26;99364369,96;169336352,64;148345215,77;
0810011;"Gozdnica (1)";183797,71;1569060,59;1905293,71;9303080,81;7010889,84;1184060,02;1296021,38;2292476,29;6611546,67;5627072,47;
0810021;"Żagań (1)";5560962,34;5919651,43;5564767,33;21275926,90;10102425,06;7982682,11;5126972,82;11133369,65;31833869,31;22037490,16;
0810032;"Brzeźnica (2)";17418,77;303000,00;687855,45;487030,22;802393,39;984979,83;626827,86;2858355,90;4432962,13;10037114,83;
0810043;"Iłowa (3)";4572869,89;3794888,07;5210887,20;11646477,77;13431993,62;4550244,22;6355192,98;13628409,00;30308366,78;38416352,51;
0810053;"Małomice (3)";438699,73;1212128,47;3081067,38;1640464,90;1701753,25;498191,39;4214835,89;6019429,33;5588582,05;10121480,72;
0810062;"Niegosławice (2)";2088733,16;818572,57;2480435,32;3105561,68;3652877,94;4569462,07;4445731,32;7290340,81;12489165,54;7675884,70;
0810073;"Szprotawa (3)";37857443,95;8064669,15;10410219,21;10268548,44;4765251,07;5881687,02;8316991,14;36097584,29;62137734,75;30293037,10;
0810082;"Wymiarki (2)";289138,75;673447,25;339163,94;618776,41;4691510,89;560495,10;1900654,06;3050154,13;2963630,61;3972884,10;
0810092;"Żagań (2)";1764810,32;4194020,24;4781027,43;3146312,96;4454477,36;3591780,55;7572856,81;16994250,56;12970494,80;20163899,18;
0811000;"Powiat żarski";46127696,80;35073759,17;52915674,64;65125430,62;64935351,76;53749274,22;53582455,99;69693694,46;123183962,56;184565235,29;
0811011;"Łęknica (1)";269594,11;676403,62;1589997,15;9272484,70;5201747,65;5774223,73;1875340,06;2078878,72;1602450,91;10693032,09;
0811021;"Żary (1)";19545600,93;17917941,96;29332591,52;22078009,16;33282741,60;24101117,41;19313317,49;18254689,66;34673251,67;58152002,17;
0811032;"Brody (2)";620579,97;664939,79;3940467,99;4882513,70;251444,10;768227,43;288003,63;3334100,79;7058350,72;;
0811033;"Brody (3)";;;;;;;;;;2872235,68;
0811043;"Jasień (3)";370081,00;293282,58;539592,60;1146676,86;4549958,87;2045036,63;3134374,82;8113763,09;10062558,34;12098092,19;
0811052;"Lipinki Łużyckie (2)";1072131,04;1426692,85;1410748,79;878704,20;2024055,12;1153366,09;5963017,83;5499235,60;7918958,22;16951496,49;
0811063;"Lubsko (3)";19895132,37;5309181,01;5450945,00;7913625,37;767320,14;1742883,59;6164835,61;9385347,77;12575709,28;31540747,04;
0811072;"Przewóz (2)";370209,30;121776,46;189697,87;1265374,33;169827,17;362573,91;4239680,98;2714277,28;8993561,89;8453072,08;
0811082;"Trzebiel (2)";1084531,41;1966098,02;764839,37;2905800,61;4164920,91;1364136,93;1719699,30;7221178,55;10092856,51;13460635,26;
0811092;"Tuplice (2)";445229,97;330131,59;1452469,28;5630508,31;4715673,19;6305427,07;565496,69;1031782,65;3331717,76;2076220,42;
0811102;"Żary (2)";2454606,70;6367311,29;8244325,07;9151733,38;9807663,01;10132281,43;10318689,58;12060440,35;26874547,26;28267701,87;
0812000;"Powiat wschowski";10748919,85;5893349,34;11588275,49;22703932,86;13900242,43;21383495,31;13071967,09;21871934,71;52733717,24;36031859,70;
0812013;"Sława (3)";4780108,82;1831257,04;5859434,35;8500741,68;7157004,79;11974294,40;7961899,82;11245056,31;20372419,85;15186394,25;
0812023;"Szlichtyngowa (3)";816439,45;382119,48;1810755,10;3489555,94;910493,49;316717,53;546205,81;4588239,58;11145651,18;14956632,63;
0812033;"Wschowa (3)";5152371,58;3679972,82;3918086,04;10713635,24;5832744,15;9092483,38;4563861,46;6038638,82;21215646,21;5888832,82;
0861000;"Powiat m. Gorzów Wielkopolski";35064597,19;80626100,74;71237361,76;146743324,45;170862358,56;184324404,33;205050771,27;189983959,34;149896892,05;145075721,16;
0861011;"Gorzów Wielkopolski (1)";35064597,19;80626100,74;71237361,76;146743324,45;170862358,56;184324404,33;205050771,27;189983959,34;149896892,05;145075721,16;
0862000;"Powiat m. Zielona Góra";50901740,74;70975286,37;137540010,18;323113515,70;195637482,68;89475855,04;128106949,27;167680833,37;313924259,80;185845609,49;
0862011;"Zielona Góra (1)";50901740,74;70975286,37;137540010,18;323113515,70;195637482,68;89475855,04;128106949,27;167680833,37;313924259,80;185845609,49;
1000000;"ŁÓDZKIE";2095314141,93;1291653057,44;1552618050,68;2163673037,80;2349162462,22;2262442070,95;2311288977,86;3352085411,97;5701513101,51;4130139843,64;
1001000;"Powiat bełchatowski";129984140,61;90395163,41;136922169,30;206586560,61;141354660,18;147701688,99;149825308,39;183099056,18;280915828,55;278632120,60;
1001011;"Bełchatów (1)";24372605,89;22201987,56;23714079,15;35991684,45;29749298,38;28341936,32;25822086,17;19640422,31;53440665,81;43529719,71;
1001022;"Bełchatów (2)";4894556,64;5515640,46;4980787,29;6885383,39;6025951,25;4954246,21;11757518,50;43982395,42;56621261,67;66430883,39;
1001032;"Drużbice (2)";3129944,71;2018990,09;1591295,65;3646868,95;3745190,36;5197472,89;4642021,68;7833999,16;13625586,21;18687585,83;
1001042;"Kleszczów (2)";76746389,54;45445568,59;78359557,00;118815348,63;73701821,54;83690699,54;80188361,19;50123457,13;56536709,09;82042580,89;
1001052;"Kluki (2)";4245959,45;3457331,23;3316560,44;1926558,68;3425208,12;2159823,58;4185961,20;7130131,88;21559922,00;10776494,38;
1001062;"Rusiec (2)";701483,38;761343,33;3695781,38;5103510,55;1919970,84;2362734,47;3075195,65;13733547,55;20051210,68;8728484,76;
1001072;"Szczerców (2)";10892962,00;5791238,38;16070029,20;27178827,28;13599831,33;14598280,27;13842943,94;21861514,64;33242643,73;26328625,53;
1001083;"Zelów (3)";5000239,00;5203063,77;5194079,19;7038378,68;9187388,36;6396495,71;6311220,06;18793588,09;25837829,36;22107746,11;
1002000;"Powiat kutnowski";44675685,30;34739568,47;44575117,33;67636495,39;64584916,47;96522586,62;54811294,50;114383827,83;135163166,32;158786472,63;
1002011;"Kutno (1)";25508474,27;16089566,44;18798338,81;28106389,67;27585848,91;65379387,56;17838326,28;35139216,87;37359800,48;40135075,15;
1002022;"Bedlno (2)";323083,01;160369,59;1495511,50;3960850,33;959654,46;1884197,65;5702157,96;13159958,94;19318193,56;8889138,13;
1002032;"Dąbrowice (2)";3066283,00;868955,66;2170065,06;2097491,48;2206098,63;3756089,51;2013282,62;3598023,89;;;
1002033;"Dąbrowice (3)";;;;;;;;;557845,08;12286726,35;
1002043;"Krośniewice (3)";1711965,11;4509360,35;5514702,65;7468265,40;5787256,99;3149065,29;8136706,86;14250004,83;12727162,15;16666467,03;
1002052;"Krzyżanów (2)";3756695,21;3985902,45;3966382,51;3407757,40;9132516,45;2616304,09;137325,42;17518312,25;14848442,32;3706764,18;
1002062;"Kutno (2)";2297821,68;2945629,07;3330208,26;7582579,90;6591507,91;4948245,58;6112229,50;6431180,27;9020134,23;15183202,37;
1002072;"Łanięta (2)";15460,50;561462,51;147600,00;88727,18;213596,66;1045336,46;2900692,96;1091617,80;5590242,90;17436277,32;
1002082;"Nowe Ostrowy (2)";2363119,79;798673,25;759227,29;3422360,62;2241949,76;1836318,24;992769,57;10479364,30;10355457,82;15847504,80;
1002092;"Oporów (2)";1895264,62;939471,04;1453326,83;2580173,73;2783337,99;897416,29;2159576,60;995242,95;10830307,88;6001672,05;
1002102;"Strzelce (2)";1630660,08;849278,84;2154668,16;2161003,42;3994073,85;8052984,47;5065671,07;8420686,10;8705565,15;8090888,57;
1002113;"Żychlin (3)";2106858,03;3030899,27;4785086,26;6760896,26;3089074,86;2957241,48;3752555,66;3300219,63;5850014,75;14542756,68;
1003000;"Powiat łaski";23545854,58;22886313,57;35763220,76;42111448,19;39350467,48;37625607,57;45576128,73;49686350,78;91508388,40;111683085,92;
1003012;"Buczek (2)";5935785,37;7382635,02;5130429,03;3968846,13;4823985,26;808805,73;4393310,48;5491012,66;12705217,42;25102420,95;
1003023;"Łask (3)";12293280,43;11223632,35;15604092,69;23413107,61;26557103,90;16863160,00;19429522,94;20710228,45;30466525,64;38662589,08;
1003032;"Sędziejowice (2)";2642235,38;1160316,67;5759995,56;3364908,74;1635796,44;7487855,39;8783847,98;6332805,87;4890169,48;21397765,61;
1003042;"Widawa (2)";1924760,14;2141891,29;7369190,50;8250390,15;3270673,52;7218100,66;6384464,91;10041305,08;26259734,38;16749626,94;
1003052;"Wodzierady (2)";749793,26;977838,24;1899512,98;3114195,56;3062908,36;5247685,79;6584982,42;7110998,72;17186741,48;9770683,34;
1004000;"Powiat łęczycki";18435012,74;14726215,73;33586037,59;53037717,13;49801852,91;40246240,69;43035465,77;58778745,61;74697765,82;100145556,91;
1004011;"Łęczyca (1)";5131598,68;6229516,34;6935327,53;10741518,14;8623902,05;3617287,64;7384712,39;5527594,04;2835346,42;5182266,17;
1004022;"Daszyna (2)";3845297,84;2652471,48;10749323,96;19547127,51;17358509,13;6843258,55;12019438,15;5713071,01;9397738,53;10913201,35;
1004032;"Góra Świętej Małgorzaty (2)";952413,49;469360,12;2810675,15;4494037,05;2944516,39;5595573,30;3423524,54;2052966,89;10532158,15;7045911,44;
1004042;"Grabów (2)";2140704,11;803801,03;2864146,33;458074,38;1292517,75;1766948,81;1935476,40;14224109,71;12136919,85;;
1004043;"Grabów (3)";;;;;;;;;;19770397,56;
1004052;"Łęczyca (2)";1925072,85;1097469,84;2932451,17;4908012,38;9364085,17;13580241,40;8079178,01;14147608,52;10083377,85;28509902,65;
1004062;"Piątek (2)";1587755,66;169521,28;940324,71;7007867,22;5008380,96;;;;;;
1004063;"Piątek (3)";;;;;;5106525,86;4610195,49;8833463,04;11359918,26;10761097,31;
1004072;"Świnice Warckie (2)";1034031,19;949794,94;1686877,39;3540076,64;4095429,25;2438019,49;2841548,07;4151899,30;11715800,73;4161682,46;
1004082;"Witonia (2)";1818138,92;2354280,70;4666911,35;2341003,81;1114512,21;1298385,64;2741392,72;4128033,10;6636506,03;13801097,97;
1005000;"Powiat łowicki";46832544,45;28452157,50;40090408,12;53958278,69;76774704,87;89504137,68;62628213,51;122736492,68;142625740,72;153143549,77;
1005011;"Łowicz (1)";18396253,80;11612863,93;17585134,95;24722893,34;28987831,14;51058429,78;26064143,68;35313710,68;31135890,95;46644649,71;
1005022;"Bielawy (2)";1473807,11;583014,02;401475,37;5466769,57;1777269,04;1971324,77;898986,74;5828381,16;5966881,75;16401044,84;
1005032;"Chąśno (2)";712589,87;451424,66;1505623,63;1943320,02;2568803,45;1647486,46;1205260,64;10185268,94;5128978,95;6574880,37;
1005042;"Domaniewice (2)";3606071,42;2369291,07;2287610,23;2568288,28;2308466,03;3052578,90;3912744,80;4965561,03;16405552,97;11604343,62;
1005052;"Kiernozia (2)";796763,35;488128,53;819835,65;3322899,30;3600110,21;3097408,49;4001152,99;11628147,12;7303724,67;;
1005053;"Kiernozia (3)";;;;;;;;;;11524043,34;
1005062;"Kocierzew Południowy (2)";4374417,61;254958,62;1615729,39;1716264,26;2888722,79;2878395,94;2503031,79;15104348,20;8843905,65;6519303,17;
1005072;"Łowicz (2)";3761475,13;3510716,71;5746054,69;3720756,70;12470045,21;10914714,65;4524684,28;10904739,35;8885569,47;21109102,76;
1005082;"Łyszkowice (2)";2730423,87;2457706,89;6251993,79;3239176,04;7967817,05;5532769,07;4337135,39;4922112,05;5022443,01;10494542,87;
1005092;"Nieborów (2)";1615126,61;2429931,75;3212985,25;5084978,22;11152997,63;4715738,68;9176441,66;12379460,82;24659074,18;14674342,87;
1005102;"Zduny (2)";9365615,68;4294121,32;663965,17;2172932,96;3052642,32;4635290,94;6004631,54;11504763,33;29273719,12;7597296,22;
1006000;"Powiat łódzki wschodni";47472713,53;39828302,05;60153839,53;124585968,18;133928563,91;86731890,03;78997189,66;125681635,93;210961146,86;183201746,98;
1006022;"Andrespol (2)";6390995,93;6213929,07;5239149,37;19702789,81;18769411,26;20807914,60;15972124,08;43579994,73;49725929,50;30821588,25;
1006032;"Brójce (2)";6250042,05;2146415,31;2681413,70;3127385,47;8638411,38;9194766,75;6456751,54;12163683,03;21469930,77;24388087,82;
1006073;"Koluszki (3)";19610133,73;14758055,49;27897266,94;48952075,75;44181670,65;30130672,12;25754031,39;34096333,93;46408327,61;48313292,36;
1006082;"Nowosolna (2)";3085279,28;3711222,97;4261500,09;16490499,96;8966118,07;4528610,14;9758801,95;9977709,26;16478013,71;15755593,09;
1006103;"Rzgów (3)";6807659,36;9586004,39;14310886,88;30426654,83;46201348,60;12857012,92;12108618,42;17994453,90;15735893,35;23641539,00;
1006113;"Tuszyn (3)";5328603,18;3412674,82;5763622,55;5886562,36;7171603,95;9212913,50;8946862,28;7869461,08;61143051,92;40281646,46;
1007000;"Powiat opoczyński";30928509,92;24778903,12;46349708,17;60131335,35;41322521,31;45505116,31;76049437,32;77885480,86;191275256,70;164285463,69;
1007012;"Białaczów (2)";3081795,87;1637378,57;5000175,60;3656441,12;3767298,56;3385431,60;6869950,52;11592843,72;27599278,92;;
1007013;"Białaczów (3)";;;;;;;;;;13996649,46;
1007023;"Drzewica (3)";2359635,79;4485356,01;5526114,67;14061282,24;5111041,29;3496208,65;7476300,90;8926465,75;31615651,91;14962854,80;
1007032;"Mniszków (2)";4208690,75;689214,13;1031058,04;1970296,12;1142604,59;4383436,63;4136156,45;4373350,39;17997913,10;5753707,27;
1007043;"Opoczno (3)";7393281,17;11734674,40;12968095,97;14316589,01;10563832,26;12178412,08;40474522,71;23728932,58;34891429,72;84152858,61;
1007052;"Paradyż (2)";1323126,22;1584347,75;7231465,98;3685924,53;5918776,87;15114037,09;7717664,25;12469487,37;30771822,87;10479762,10;
1007062;"Poświętne (2)";1769152,17;735448,86;1093351,24;4304229,35;2062843,08;421586,09;858950,51;5878168,27;8820383,64;6016804,70;
1007072;"Sławno (2)";6309011,75;3306888,93;8788627,53;10401771,13;9478216,74;2342911,53;3084735,48;4969681,97;18291400,39;12156157,52;
1007082;"Żarnów (2)";4483816,20;605594,47;4710819,14;7734801,85;3277907,92;4183092,64;5431156,50;5946550,81;21287376,15;;
1007083;"Żarnów (3)";;;;;;;;;;16766669,23;
1008000;"Powiat pabianicki";31191324,46;34591294,46;53818165,78;80834690,39;92025901,76;66422119,37;129568116,96;152510198,30;244088592,26;175519668,62;
1008011;"Konstantynów Łódzki (1)";3485505,80;4491336,37;7136797,05;7483785,54;6822359,42;6008316,64;10781373,01;8707792,81;61344251,59;38017799,52;
1008021;"Pabianice (1)";5194645,51;14621635,26;19483545,84;23248148,58;42415108,76;29962454,03;77905900,74;103043366,46;76141248,83;30697528,31;
1008032;"Dłutów (2)";1976728,43;1217267,67;5143383,57;2879849,31;6785438,06;3768366,46;1823335,34;7529383,48;11781584,18;31820836,02;
1008042;"Dobroń (2)";1462850,22;1009451,92;3197661,02;22142015,21;6731271,02;10614794,31;4237364,07;11121160,99;19462359,90;20430584,53;
1008052;"Ksawerów (2)";6169177,68;4587864,56;7126558,22;11844330,19;9451344,64;8394752,93;22986128,99;8618414,69;16305294,50;17961496,89;
1008062;"Lutomiersk (2)";7598239,78;2700762,15;3279895,29;4519638,53;5578880,62;3881593,00;4707955,33;;;;
1008063;"Lutomiersk (3)";;;;;;;;5628051,24;28537616,14;23145213,72;
1008072;"Pabianice (2)";5304177,04;5962976,53;8450324,79;8716923,03;14241499,24;3791842,00;7126059,48;7862028,63;30516237,12;13446209,63;
1009000;"Powiat pajęczański";50583949,34;33179323,08;50221182,92;80846808,23;56247392,78;60293886,65;63944013,70;98159405,76;132643817,43;120504152,93;
1009013;"Działoszyn (3)";3258115,47;4793273,27;8931583,49;11139775,63;8561726,79;4185176,48;7816785,73;11798636,03;6768990,81;6537537,85;
1009022;"Kiełczygłów (2)";3521990,79;1241803,51;2349165,79;745710,70;1367818,99;1194848,92;2061532,78;4295868,79;6396460,61;9261215,93;
1009032;"Nowa Brzeźnica (2)";1844503,57;547150,67;1161380,02;3488188,71;3048876,56;2354245,40;1960101,76;1867323,81;8692721,75;8725400,23;
1009043;"Pajęczno (3)";2515539,89;2677617,43;3215095,96;3867507,52;3895463,38;6583706,68;7659331,73;8911264,08;14662615,32;16708401,05;
1009052;"Rząśnia (2)";10737335,44;17044985,19;23004894,58;28670209,99;16277544,02;24818160,98;21073915,55;19756915,71;36970008,43;18156342,35;
1009062;"Siemkowice (2)";569599,38;1599901,67;5223952,89;7598535,30;3354241,80;3287538,71;3525493,53;5487309,32;11977226,90;12863020,01;
1009072;"Strzelce Wielkie (2)";6122797,99;1170595,25;755118,68;1329323,28;3342828,03;1597995,00;2983085,93;7074489,67;11950667,54;13984372,96;
1009082;"Sulmierzyce (2)";22014066,81;4103996,09;5579991,51;24007557,10;16398893,21;16272214,48;16863766,69;38967598,35;35225126,07;34267862,55;
1010000;"Powiat piotrkowski";46063691,88;34247396,95;50746592,77;105664372,05;73892858,19;73586150,55;104331464,14;121473628,82;241892028,77;166485269,99;
1010012;"Aleksandrów (2)";3894976,16;1571930,51;993053,82;6837408,35;2937227,83;3810416,35;4129601,39;3534831,34;22452038,23;14833350,31;
1010022;"Czarnocin (2)";998441,87;2517623,88;5045169,09;5071785,41;3794661,27;3348206,24;5798292,46;8427018,41;17500911,99;25952296,27;
1010032;"Gorzkowice (2)";2358828,44;3165746,01;5881403,03;6659927,67;1549725,47;2441035,95;4983493,55;6047583,24;23847914,39;11271580,74;
1010042;"Grabica (2)";4248580,77;3680628,83;5555983,32;6577739,98;8208591,36;5101523,96;3798218,87;10739146,00;26365278,93;15502974,76;
1010052;"Łęki Szlacheckie (2)";1496213,23;950338,13;2411181,74;3016568,53;782564,25;2006028,77;912066,55;5910946,32;8428983,59;11608129,47;
1010062;"Moszczenica (2)";11447640,42;5970545,26;2225837,88;15908307,91;17236420,84;13876973,80;20287939,29;28355103,67;18818948,13;6322102,81;
1010072;"Ręczno (2)";1417464,73;1610576,59;1149247,48;4670901,92;2488834,55;330765,81;1531076,30;2286659,16;12846895,40;3758387,65;
1010082;"Rozprza (2)";2370584,06;884298,67;3925789,90;8561235,18;6051606,79;7487830,26;10601295,62;3358412,06;;;
1010083;"Rozprza (3)";;;;;;;;;22994312,76;10132363,52;
1010093;"Sulejów (3)";7022831,80;3547315,33;7587691,52;9795156,02;7229569,91;13626069,96;27091024,62;23956232,26;21679421,78;21801839,05;
1010102;"Wola Krzysztoporska (2)";8802536,14;8018862,45;9959074,96;23385259,18;8835846,25;10024086,88;9936670,72;15627742,63;31169891,81;26783375,51;
1010113;"Wolbórz (3)";2005594,26;2329531,29;6012160,03;15180081,90;14777809,67;11533212,57;15261784,77;13229953,73;35787431,76;18518869,90;
1011000;"Powiat poddębicki";56445527,36;16381957,62;34770341,58;49334364,99;138716084,29;89936772,02;63911824,15;94595967,22;168050144,19;91208453,80;
1011012;"Dalików (2)";3591762,16;707331,02;5572861,49;7851970,73;13806468,74;7139204,36;7167750,16;10498949,16;31478098,26;20350575,35;
1011022;"Pęczniew (2)";1403578,85;1013973,36;1677103,15;6486505,48;5177017,55;1744430,40;3060860,33;8269007,88;7053720,55;3072737,58;
1011033;"Poddębice (3)";11787064,28;4678952,26;10152620,40;7360988,51;53397188,96;53769375,45;13097032,00;24945987,73;30341139,86;26898466,02;
1011043;"Uniejów (3)";34063554,74;3651448,29;4948920,43;13238189,17;51406461,64;13112227,60;28718336,23;24922560,83;67345623,00;14443564,09;
1011052;"Wartkowice (2)";5221887,36;5825686,60;9385357,66;9216054,23;9086375,97;8839212,07;9492905,23;21867361,37;16170481,29;15592087,58;
1011062;"Zadzim (2)";377679,97;504566,09;3033478,45;5180656,87;5842571,43;5332322,14;2374940,20;4092100,25;15661081,23;10851023,18;
1012000;"Powiat radomszczański";44393240,08;32881696,46;51554018,06;68533533,19;117410054,17;82215401,93;118209996,07;149395881,94;320528390,50;252055281,88;
1012011;"Radomsko (1)";17919868,12;16528704,99;21139511,10;16753590,18;66330779,75;35862190,34;43574147,84;43783076,57;82334092,57;41785471,84;
1012022;"Dobryszyce (2)";1895309,68;773796,88;2497130,99;1533023,10;3712636,07;2376481,69;9289630,84;7600780,47;22911360,97;6774475,29;
1012032;"Gidle (2)";2747067,09;1310655,89;1022471,85;6236394,96;1307297,31;2311339,05;1860938,73;8763532,42;7827812,28;15660517,34;
1012042;"Gomunice (2)";915392,00;1253747,75;845089,58;3213054,69;3981399,02;6333319,81;11038999,98;10444685,67;25255867,42;36263308,37;
1012053;"Kamieńsk (3)";2654553,83;2429637,56;4357388,49;6890183,32;6401030,66;3909617,90;16829108,62;15444477,97;41612674,73;35910204,87;
1012062;"Kobiele Wielkie (2)";634333,42;586160,55;2445342,54;4613533,15;1432464,53;2110146,25;914371,55;2463488,79;13376778,53;2719297,01;
1012072;"Kodrąb (2)";2796473,99;1677544,42;2135206,32;2602658,68;5454801,76;2867125,90;6240296,35;2237465,01;17986865,30;15462192,86;
1012082;"Lgota Wielka (2)";3464434,53;1375230,78;3625962,20;5472193,61;5859416,84;4672644,14;7958193,77;5641239,68;15567660,23;16641884,07;
1012092;"Ładzice (2)";787051,60;391736,38;2177175,65;3792555,11;9074233,99;4314852,20;1612804,37;5200503,36;9699295,87;8323612,25;
1012102;"Masłowice (2)";3179724,13;1774958,22;2156128,25;2812236,51;2196620,86;4182338,80;1806043,97;5625292,05;9274474,21;11751459,25;
1012113;"Przedbórz (3)";3868273,20;2267609,87;3538572,28;5040504,36;5271255,76;4349513,64;4285255,88;10230468,20;24199812,97;21065235,31;
1012122;"Radomsko (2)";1159026,38;1499297,38;2600301,20;2028447,32;3232058,24;2995444,88;4993375,46;9869974,92;19474119,24;16663638,48;
1012132;"Wielgomłyny (2)";1376598,96;663262,54;1483123,95;3559652,91;2391178,13;3189936,33;2655532,26;9104578,89;18221849,40;14037472,32;
1012142;"Żytno (2)";995133,15;349353,25;1530613,66;3985505,29;764881,25;2740451,00;5151296,45;12986317,94;12785726,78;8996512,62;
1013000;"Powiat rawski";23888883,17;18620052,97;23670355,30;39828378,24;35406857,65;30463069,82;44454390,07;77602272,28;72151486,48;97594080,89;
1013011;"Rawa Mazowiecka (1)";7191497,43;5842725,55;9231471,45;14206736,23;15478339,85;13907304,57;22028436,29;27190444,99;23757670,29;28651352,06;
1013023;"Biała Rawska (3)";5029891,72;5921335,31;8398033,98;12531273,18;9912226,95;5607486,18;6660451,05;12014822,74;12234238,85;20196748,90;
1013032;"Cielądz (2)";928442,98;1502062,13;1036179,49;2840403,03;1013339,59;3914204,19;2346629,92;5554603,79;5789862,59;10987040,60;
1013042;"Rawa Mazowiecka (2)";6083915,94;3174931,65;3377436,47;7829490,23;6990357,83;4052116,39;9984478,83;19184471,47;15580866,89;16819926,69;
1013052;"Regnów (2)";277409,06;869415,06;274818,96;210565,33;385586,33;499617,21;837471,73;7285637,97;2862698,85;7642080,64;
1013062;"Sadkowice (2)";4377726,04;1309583,27;1352414,95;2209910,24;1627007,10;2482341,28;2596922,25;6372291,32;11926149,01;13296932,00;
1014000;"Powiat sieradzki";54906495,90;29210577,72;64706289,48;92551938,12;78008751,42;71471129,62;82769837,79;174366715,97;236606117,61;237235985,90;
1014011;"Sieradz (1)";18817329,36;12523947,46;24868817,57;38314162,55;23031129,00;21180188,33;28734680,70;39541375,79;39213029,73;40320195,81;
1014023;"Błaszki (3)";1201915,64;2899282,73;2940676,42;5696876,33;6079200,82;6971271,59;9647767,31;18919694,79;25431482,79;30152715,98;
1014032;"Brąszewice (2)";3974301,95;1362751,55;2271091,77;2196602,64;2636457,83;3034905,19;3683862,16;6726632,14;18979073,63;16392442,10;
1014042;"Brzeźnio (2)";7334497,12;1098887,30;2482353,78;6646101,76;7679096,96;4059617,02;572122,85;9564013,91;24941966,35;26925471,48;
1014052;"Burzenin (2)";1058656,87;1327997,20;4631306,97;3829651,86;1398830,57;5175958,68;4305786,14;5509617,74;12928631,43;23370225,92;
1014062;"Goszczanów (2)";6182347,61;447754,64;2631790,97;2272170,62;3324122,69;2861944,53;2894742,68;14945591,90;25887831,06;10082886,96;
1014072;"Klonowa (2)";383943,84;248211,50;1447598,71;1766555,13;1314748,12;3994761,43;2296107,54;6052586,14;9928924,24;28001746,57;
1014082;"Sieradz (2)";5195255,32;1367688,28;2854281,78;6481373,76;4099636,84;7476953,59;7249202,09;15045030,87;11559506,52;11659169,13;
1014093;"Warta (3)";3551771,06;2399613,85;9924434,49;12624122,63;21027795,42;6425175,53;13416548,22;32602890,52;18780473,88;22829692,75;
1014102;"Wróblew (2)";3907419,44;4291108,37;7617923,49;10870749,97;3623028,16;7958343,64;3003770,11;12991513,25;28799025,71;16830411,64;
1014113;"Złoczew (3)";3299057,69;1243334,84;3036013,53;1853570,87;3794705,01;2332010,09;6965247,99;12467768,92;20156172,27;10671027,56;
1015000;"Powiat skierniewicki";23860927,88;15084841,92;20088128,08;57030437,57;36616315,16;56133075,62;58474293,93;59232707,23;147199820,74;112615744,53;
1015012;"Bolimów (2)";7103556,84;1902143,77;3465826,40;3264593,21;1075315,16;3875941,29;5584833,24;;;;
1015013;"Bolimów (3)";;;;;;;;7622171,35;14950793,34;7496238,38;
1015022;"Głuchów (2)";2083824,14;2179336,21;5767333,60;12531660,93;1609544,86;3401480,53;12696147,97;14838812,17;20925236,42;14175517,53;
1015032;"Godzianów (2)";1886583,07;1867447,65;1054781,61;2441359,69;1206138,91;4366897,99;5761331,93;2711343,07;14243480,41;9902180,48;
1015042;"Kowiesy (2)";2268843,59;2392384,98;2409444,21;5562037,91;4723500,23;4900249,85;4408323,13;6856819,26;15464345,88;8601863,88;
1015052;"Lipce Reymontowskie (2)";1410363,76;470867,30;911738,53;6723866,87;3168109,03;6756466,84;7942031,85;5152826,76;4971470,94;14861637,65;
1015062;"Maków (2)";2959658,34;2234189,73;2502402,21;11112563,43;11143806,43;20234061,13;9367919,66;3980051,31;12807804,32;17031783,67;
1015072;"Nowy Kawęczyn (2)";1602265,13;1132668,89;1073222,71;2048225,01;2322435,46;2279551,67;3555838,05;3379530,79;14171245,45;10844165,50;
1015082;"Skierniewice (2)";3960455,53;2363805,38;1516298,24;4460792,03;7782843,01;9018442,39;8665591,69;12354210,17;25635129,47;23003492,17;
1015092;"Słupia (2)";585377,48;541998,01;1387080,57;8885338,49;3584622,07;1299983,93;492276,41;2336942,35;24030314,51;6698865,27;
1016000;"Powiat tomaszowski";61373687,57;65498419,57;142136221,03;123165529,77;138945307,83;128109116,25;101650028,86;126039603,82;307547591,09;230748123,17;
1016011;"Tomaszów Mazowiecki (1)";15768896,41;32605349,97;86379776,44;39577605,71;48174174,57;31173585,10;14066886,73;29126536,83;59686755,54;97923744,67;
1016022;"Będków (2)";540049,08;379384,41;1862614,12;1914214,70;563810,33;1163756,73;1076600,34;3752947,72;13896482,38;11660650,95;
1016032;"Budziszewice (2)";1691423,72;320319,70;1827803,03;6828811,75;1087892,57;2010476,00;915776,47;8018387,55;14916208,74;12093628,38;
1016042;"Czerniewice (2)";1501320,62;2133699,19;3897999,11;3180751,68;7423058,75;6645471,41;16308887,10;3470313,91;29142421,37;3355002,58;
1016052;"Inowłódz (2)";7146938,66;2742864,69;3679240,31;5559579,00;13457987,87;10333996,17;7187630,55;3083991,19;25383388,31;;
1016053;"Inowłódz (3)";;;;;;;;;;6689838,72;
1016062;"Lubochnia (2)";6930249,18;7274953,86;9287735,07;15428008,86;16481701,75;26432611,43;7697526,93;7533854,05;32842133,01;12033324,61;
1016072;"Rokiciny (2)";4950796,09;2219333,01;3395087,22;1711016,63;6674369,17;6459081,18;5416356,07;8031798,64;29142223,70;13932063,21;
1016082;"Rzeczyca (2)";4701261,44;2275838,12;3013441,10;4649190,98;11513875,28;7630838,19;5507747,29;15896847,70;31673652,18;12641693,53;
1016092;"Tomaszów Mazowiecki (2)";7449970,29;9941320,06;18157068,98;26356094,09;18974425,42;19563167,84;13788934,82;17063195,58;27007378,91;17858682,03;
1016102;"Ujazd (2)";4893615,97;4394841,37;7807296,11;12507961,01;9162344,76;11279382,04;23035280,46;23810130,34;;;
1016103;"Ujazd (3)";;;;;;;;;18058405,46;32341012,56;
1016112;"Żelechlinek (2)";5799166,11;1210515,19;2828159,54;5452295,36;5431667,36;5416750,16;6648402,10;6251600,31;25798541,49;10218481,93;
1017000;"Powiat wieluński";50704572,28;30270887,19;46875389,89;56481978,05;86876237,58;53003823,04;75276819,70;107545669,25;197304705,74;179775345,26;
1017012;"Biała (2)";1300929,76;1076007,69;1399918,38;2368980,29;5097249,47;4895398,55;8874913,66;10360960,94;14616320,22;13619071,27;
1017022;"Czarnożyły (2)";1417933,59;2214906,49;3878332,95;5442404,75;7290596,88;2405911,84;4534057,88;10471718,01;25505488,62;15633159,27;
1017032;"Konopnica (2)";1503585,53;1662058,24;1222942,32;2737687,28;3257606,32;860182,09;3681413,03;4869248,87;15820081,94;13898824,48;
1017042;"Mokrsko (2)";3130134,18;1642670,90;3171154,37;1475564,98;1503550,71;3090023,27;5136032,34;10118443,54;13466439,20;18822393,58;
1017052;"Osjaków (2)";1805056,90;1875883,30;4243737,52;6633866,54;7794232,53;2881695,69;5954171,03;11678796,58;26449161,40;;
1017053;"Osjaków (3)";;;;;;;;;;11837306,99;
1017062;"Ostrówek (2)";840790,09;807427,38;2012699,48;622803,04;1665615,07;1037092,12;3809447,15;15228268,30;7962021,95;20778039,79;
1017072;"Pątnów (2)";644368,51;1320607,97;5249638,61;9173833,97;8930141,76;4078799,15;3870617,03;11414931,04;20451999,54;9924343,36;
1017082;"Skomlin (2)";4520421,17;1127297,55;1561456,31;414371,34;351470,69;3696989,40;3277803,64;2790043,84;5572836,88;13077495,23;
1017093;"Wieluń (3)";29765226,52;15961123,43;22196567,81;21524934,83;34054944,21;25331310,77;29851995,34;25256687,21;51649241,92;46291350,55;
1017102;"Wierzchlas (2)";5776126,03;2582904,24;1938942,14;6087531,03;16930829,94;4726420,16;6286368,60;5356570,92;15811114,07;15893360,74;
1018000;"Powiat wieruszowski";14426987,85;18503580,23;20372193,53;27310513,09;50762074,17;26839865,96;34571986,54;45283988,44;64722815,19;101619658,38;
1018012;"Bolesławiec (2)";2799413,70;613190,53;842034,35;2259434,39;1850436,14;1018172,38;1454849,72;787155,89;3909237,74;;
1018013;"Bolesławiec (3)";;;;;;;;;;18523390,06;
1018022;"Czastary (2)";474416,76;928710,50;2618565,90;3126385,22;559503,40;1108896,53;2680690,09;11259442,66;2989289,46;6855795,82;
1018032;"Galewice (2)";1655586,14;2640347,12;5247998,05;3714795,12;11250265,94;7643791,20;12031311,02;7023154,64;16324103,38;19089849,64;
1018042;"Lututów (2)";387577,75;285584,92;706010,08;3011944,60;5946006,65;;;;;;
1018043;"Lututów (3)";;;;;;2583941,34;4568762,94;8830970,73;14811742,93;12683927,11;
1018052;"Łubnice (2)";1601963,62;612111,74;2714964,16;2239944,84;3911372,78;3053842,04;1377161,62;1081907,19;2398269,00;11774477,51;
1018062;"Sokolniki (2)";1252805,30;3579130,12;3028152,38;5052614,85;13482689,15;2189893,33;2141135,11;9109887,67;17104348,54;12289901,21;
1018073;"Wieruszów (3)";6255224,58;9844505,30;5214468,61;7905394,07;13761800,11;9241329,14;10318076,04;7191469,66;7185824,14;20402317,03;
1019000;"Powiat zduńskowolski";16800659,08;17981851,53;30383048,14;55902903,34;48107650,19;44711946,22;40671562,52;60990210,12;92332363,08;83574274,90;
1019011;"Zduńska Wola (1)";8670776,24;11217903,21;21229501,89;34795674,74;25237320,65;28202593,47;26576741,04;31415144,53;32493287,79;28045496,12;
1019023;"Szadek (3)";2857809,53;820917,02;1220194,02;1944781,33;2422781,04;4579922,63;5326002,67;6765603,19;14121129,06;21525656,55;
1019032;"Zapolice (2)";2253926,45;712436,16;2810055,67;4961038,50;8822563,28;3664454,25;4541592,38;6353691,85;13784792,80;18212696,50;
1019042;"Zduńska Wola (2)";3018146,86;5230595,14;5123296,56;14201408,77;11624985,22;8264975,87;4227226,43;16455770,55;31933153,43;15790425,73;
1020000;"Powiat zgierski";73346200,55;64474481,47;76251556,91;121364002,30;125332337,42;119967342,59;120480980,79;121212810,50;216558455,63;216953710,34;
1020011;"Głowno (1)";2185554,06;3197917,27;6429921,18;7792800,37;3902026,01;4905594,33;7329767,78;7998179,66;9600561,15;30465998,64;
1020021;"Ozorków (1)";4943831,37;4405902,04;9213113,43;9983834,40;18919464,03;13795301,24;9965464,85;10845166,80;11570408,08;10104428,81;
1020031;"Zgierz (1)";6372987,21;12562334,35;12513265,44;49092902,60;31132961,72;36633895,34;52459012,92;39376627,39;64334871,45;53155821,71;
1020043;"Aleksandrów Łódzki (3)";21238235,18;16814761,17;9102431,79;18986391,12;26858642,94;23717092,20;14879679,22;17212581,02;27321102,28;25576821,78;
1020052;"Głowno (2)";4205253,81;1667749,23;2309737,47;1065598,35;1430127,14;3066526,31;2411904,18;4869134,51;13243082,58;7179680,78;
1020062;"Ozorków (2)";1557851,47;2011643,57;2691192,94;4038019,18;3437254,83;2007262,28;1621351,00;3716821,64;10136476,07;11270724,63;
1020072;"Parzęczew (2)";2860573,89;3935906,51;4417546,49;7110025,65;5173417,78;2375130,59;2088815,89;7509430,24;21580616,76;;
1020073;"Parzęczew (3)";;;;;;;;;;21895940,00;
1020083;"Stryków (3)";22356055,33;13211097,49;16939325,17;14376378,66;20093372,73;23559424,18;19502600,71;9294228,72;31695919,87;31373629,45;
1020092;"Zgierz (2)";7625858,23;6667169,84;12635023,00;8918051,97;14385070,24;9907116,12;10222384,24;20390640,52;27075417,39;25930664,54;
1021000;"Powiat brzeziński";20931298,77;8215528,13;16701702,32;36958389,01;27522573,36;22735730,95;17019008,30;58245405,01;96839183,88;87047983,50;
1021011;"Brzeziny (1)";7799495,27;2543525,69;6215624,97;10565886,43;10312766,92;13839847,24;2670162,64;20364648,87;12921104,07;21729378,76;
1021022;"Brzeziny (2)";5897092,49;2954889,13;3897426,89;11237974,23;3708868,11;3286827,95;3176526,94;10549093,33;15586952,17;17569826,14;
1021032;"Dmosin (2)";2142005,88;1235969,09;1680363,39;3647647,24;5391129,05;1851628,63;2369565,94;10279405,14;14662530,34;17912580,95;
1021042;"Jeżów (2)";4409073,10;582221,40;1002847,88;971078,73;2169774,79;670587,19;2107865,63;8909568,07;;;
1021043;"Jeżów (3)";;;;;;;;;29987417,47;9212739,85;
1021052;"Rogów (2)";683632,03;898922,82;3905439,19;10535802,38;5940034,49;3086839,94;6694887,15;8142689,60;23681179,83;20623457,80;
1061000;"Powiat m. Łódź";1071742722,38;548951909,05;401346557,18;426500792,51;617786223,85;706839520,53;661966113,46;1050202448,27;1800999365,90;703113641,92;
1061011;"Łódź (1)";1071742722,38;548951909,05;401346557,18;426500792,51;617786223,85;706839520,53;661966113,46;1050202448,27;1800999365,90;703113641,92;
1062000;"Powiat m. Piotrków Trybunalski";71724446,92;39619956,07;37363132,22;81260998,00;48851599,04;58084875,71;31459040,69;49977613,86;125440082,70;83202281,48;
1062011;"Piotrków Trybunalski (1)";71724446,92;39619956,07;37363132,22;81260998,00;48851599,04;58084875,71;31459040,69;49977613,86;125440082,70;83202281,48;
1063000;"Powiat m. Skierniewice";41055065,33;28132679,17;34172674,69;52055605,41;29536556,23;27790976,23;51606462,31;72999295,31;109460846,95;41008189,65;
1063011;"Skierniewice (1)";41055065,33;28132679,17;34172674,69;52055605,41;29536556,23;27790976,23;51606462,31;72999295,31;109460846,95;41008189,65;
1200000;"MAŁOPOLSKIE";2283917756,54;1589300152,90;1936599853,35;3028479172,54;3143922010,52;3060451530,19;3420629366,79;4106973849,63;5631208720,69;4888342522,45;
1201000;"Powiat bocheński";39696851,54;28232554,41;47258192,14;95047279,33;105534631,73;80875605,49;95109408,32;111097862,19;157621110,27;207800467,55;
1201011;"Bochnia (1)";13915098,02;6045343,84;14894265,20;24445950,06;27582494,42;22510751,21;25783384,82;21977691,58;23314591,56;41859568,87;
1201022;"Bochnia (2)";5640432,71;6598634,45;8200613,05;17826057,59;15645886,78;14428807,12;15629727,32;13767129,75;29852771,40;59613265,40;
1201032;"Drwinia (2)";4361386,81;3628249,70;4825724,38;7888314,96;15803104,20;10574459,33;11203605,28;6137868,78;14838398,14;15787480,80;
1201042;"Lipnica Murowana (2)";1156724,79;585234,82;1947701,48;4483589,43;5239743,00;5751805,09;5651992,12;12267113,20;8270591,12;15277060,07;
1201052;"Łapanów (2)";6734114,99;1215872,25;2513500,19;1852220,02;7270070,70;3287082,81;2284829,99;12992963,24;7973816,14;7700070,24;
1201063;"Nowy Wiśnicz (3)";2286682,25;5210233,77;5837278,56;16307236,23;13242608,76;8135263,70;13424246,85;18094852,12;17129577,55;26097820,89;
1201072;"Rzezawa (2)";3216358,33;3456283,69;5674701,75;7585869,89;11399669,71;10820691,68;9446863,24;11749110,90;20091345,90;10641951,64;
1201082;"Trzciana (2)";1378297,83;748116,87;848829,71;6373657,15;6143827,60;4040030,00;4524296,15;7118791,72;23572715,43;22649067,50;
1201092;"Żegocina (2)";1007755,81;744585,02;2515577,82;8284384,00;3207226,56;1326714,55;7160462,55;6992340,90;12577303,03;8174182,14;
1202000;"Powiat brzeski";48328190,38;20823307,26;27423545,42;67120190,17;95430940,39;66154439,38;53669775,23;84346182,37;134442611,66;118988097,64;
1202012;"Borzęcin (2)";11461194,22;1059802,31;5509288,59;2601687,24;10204518,29;3952138,33;2390190,36;2899613,94;18308572,06;26270683,78;
1202023;"Brzesko (3)";8030712,36;5751318,12;5076295,93;10139937,23;14152215,18;9222064,69;14583303,13;17659095,55;29944324,83;24342985,06;
1202033;"Czchów (3)";1778284,56;2273165,22;2525081,30;9725685,78;7755469,89;4630728,98;7247605,60;5984653,42;6976992,35;11194341,57;
1202042;"Dębno (2)";14291131,54;5444029,16;5020374,62;12298932,38;12663829,08;13503407,13;10687190,89;15937878,45;23669242,80;15785952,44;
1202052;"Gnojnik (2)";5449114,70;2434790,37;4641831,86;8482827,80;20520108,20;15976973,92;9805572,44;8986904,49;20848188,93;11723071,53;
1202062;"Iwkowa (2)";2443135,99;2407869,89;1093169,74;12106993,55;17650524,02;7593088,47;2593724,59;13607768,15;16187004,24;13117639,73;
1202072;"Szczurowa (2)";4874617,01;1452332,19;3557503,38;11764126,19;12484275,73;11276037,86;6362188,22;19270268,37;18508286,45;16553423,53;
1203000;"Powiat chrzanowski";39057278,39;37669598,82;55628759,70;78906919,79;60526215,87;61246343,25;63637701,19;92784315,16;116803775,27;119663692,80;
1203013;"Alwernia (3)";1307988,30;1896866,26;2964807,78;4785994,95;4603646,12;5560791,19;7690707,29;4323385,61;14838680,27;22095933,36;
1203022;"Babice (2)";2172266,78;4230644,23;5223008,66;5380456,66;2956153,48;4931282,13;8395318,71;12074849,04;13819525,99;18921728,74;
1203033;"Chrzanów (3)";14324763,26;10894510,78;18901058,73;28734203,23;23004367,14;23609467,89;15427085,19;28676925,66;38047844,02;30065732,51;
1203043;"Libiąż (3)";8981462,87;7871202,64;13013971,32;18889670,40;16616127,66;16916790,37;18205666,36;24248268,74;13468476,29;7305921,44;
1203053;"Trzebinia (3)";12270797,18;12776374,91;15525913,21;21116594,55;13345921,47;10228011,67;13918923,64;23460886,11;36629248,70;41274376,75;
1204000;"Powiat dąbrowski";21430266,34;15511929,70;17330027,73;28457059,32;15787596,20;28638053,11;29532916,04;43757101,64;85342120,88;99679920,70;
1204012;"Bolesław (2)";627008,04;500188,58;145428,48;355421,50;185421,01;1201317,82;1030647,26;4911489,51;7307427,95;6420784,78;
1204023;"Dąbrowa Tarnowska (3)";10897472,65;8503622,31;9046307,82;13341720,64;6519863,25;12142007,02;8853330,19;10518196,34;19194608,81;17490774,48;
1204032;"Gręboszów (2)";1039285,06;208050,24;320388,21;1393287,81;386922,42;3844890,45;2435246,08;1537909,19;7700579,66;16202902,79;
1204042;"Mędrzechów (2)";409080,77;715844,73;433933,44;321997,77;279294,05;596639,63;1718798,64;3336289,38;8273381,67;15612500,35;
1204052;"Olesno (2)";1096366,15;322310,45;649582,31;3640476,87;3958728,81;1860968,59;1860452,49;5600954,99;13571652,03;19992017,66;
1204062;"Radgoszcz (2)";3736910,07;1095619,21;2127048,54;2213817,64;1220583,96;1918137,10;3173562,04;7328889,49;12737123,80;5196068,58;
1204073;"Szczucin (3)";3624143,60;4166294,18;4607338,93;7190337,09;3236782,70;7074092,50;10460879,34;10523372,74;16557346,96;18764872,06;
1205000;"Powiat gorlicki";71544183,11;37814130,04;61452283,29;79899122,68;93112491,05;142342120,12;127317607,57;162164862,51;273391980,70;212384884,56;
1205011;"Gorlice (1)";24209417,07;9074771,74;13281282,19;13791102,72;24913557,42;24358081,97;38775787,78;33843637,28;39279743,37;62395583,85;
1205023;"Biecz (3)";10516248,53;6945996,20;13510597,01;18244655,79;6752658,14;10795958,02;11378211,09;17923593,47;16298747,44;23502398,24;
1205033;"Bobowa (3)";7096574,82;3288343,04;8825443,60;14501240,96;7934568,22;14642544,61;8771783,84;16576463,11;93543947,50;19012164,97;
1205042;"Gorlice (2)";3504054,73;8239216,53;11276906,02;12308069,92;12322152,02;11723428,34;11007845,29;13956397,28;20984527,19;24622491,27;
1205052;"Lipinki (2)";4479740,53;939966,50;2321891,33;1985189,27;4686180,32;9511539,00;8516780,34;18754745,13;18983553,42;12354898,99;
1205062;"Łużna (2)";4893554,26;2166229,74;2215937,54;3892785,35;11471057,66;6017638,14;9369004,64;14499174,31;17810558,05;13709277,59;
1205072;"Moszczenica (2)";1784081,24;893624,03;3381390,50;2701076,21;10432296,07;22964637,47;10939250,89;20061419,37;26465941,51;14604023,08;
1205082;"Ropa (2)";2831816,09;377442,88;840821,18;863231,09;6195831,32;6329215,39;6832143,05;4861184,49;5684459,93;14796045,88;
1205092;"Sękowa (2)";6799231,52;2458892,42;2976963,87;7195764,32;6193959,92;28722958,98;13041346,28;11861288,41;22110967,59;11075158,13;
1205102;"Uście Gorlickie (2)";5429464,32;3429646,96;2821050,05;4416007,05;2210229,96;7276118,20;8685454,37;9826959,66;12229534,70;16312842,56;
1206000;"Powiat krakowski";180997487,61;137782081,13;160549118,73;289796334,52;310608915,63;318231057,51;334752832,60;357818315,88;417413506,99;463132566,46;
1206012;"Czernichów (2)";3274822,00;5867047,66;8361682,50;12719186,65;16224036,51;10324711,17;20156097,27;16269605,38;31149818,52;18463692,72;
1206022;"Igołomia-Wawrzeńczyce (2)";3251709,84;2469385,63;4973842,26;7794696,03;7561536,39;8265624,08;2525718,99;11118525,36;11754090,25;2560469,55;
1206032;"Iwanowice (2)";5720658,83;3467601,22;4484314,91;15115327,19;15462199,87;10447152,19;10256310,22;6118055,98;17591670,57;6843264,29;
1206042;"Jerzmanowice-Przeginia (2)";2522795,07;4527931,01;6287707,75;8353511,16;10104702,19;17785615,78;6146033,13;6414903,03;11991512,26;22893201,40;
1206052;"Kocmyrzów-Luborzyca (2)";5040059,16;4292120,70;8827402,81;13038864,74;16069253,96;33037587,60;26415893,55;21013377,16;29344616,40;31715247,21;
1206063;"Krzeszowice (3)";11167983,09;9496049,48;9059723,76;30139027,06;30143123,97;18931028,84;23281561,64;21890019,79;30308660,14;51289505,32;
1206072;"Liszki (2)";5946444,45;15889048,28;13612029,20;12345620,90;9781736,53;8636123,75;19210709,53;17458003,33;44837356,88;45093743,53;
1206082;"Michałowice (2)";6900747,19;5369077,74;6518956,27;9281192,19;6971855,53;10081160,54;17954737,46;20529269,91;12190408,80;13298483,38;
1206092;"Mogilany (2)";6807582,02;6397880,26;4916364,07;18286737,84;23565130,25;10588844,91;10088755,86;20825693,32;24089046,97;35671687,94;
1206103;"Skała (3)";8109274,16;2409096,37;7079019,70;7133720,30;9649162,57;6108130,57;5017264,37;12249874,85;6878588,14;13250346,70;
1206113;"Skawina (3)";25951867,71;21005943,84;24983682,29;28988495,00;46047525,59;49476938,16;52134207,36;51238521,36;46763249,99;47404545,37;
1206123;"Słomniki (3)";8117919,11;7997655,77;10108206,39;10655685,20;22635051,47;27678947,64;23178958,89;20620001,61;20191850,52;20330785,24;
1206132;"Sułoszowa (2)";8567490,11;2623908,52;3824869,58;8564634,21;5135956,91;3175295,22;3900087,71;12891866,55;6083361,96;20518261,07;
1206143;"Świątniki Górne (3)";5989653,12;6138544,65;6350205,70;18825448,54;8765072,01;14559340,49;12928046,95;22995477,62;22686117,97;19303140,25;
1206152;"Wielka Wieś (2)";31921266,47;9124360,06;12384687,63;19521386,91;15706958,57;16883166,42;22791505,79;32760613,73;37504811,54;38013272,00;
1206162;"Zabierzów (2)";18406473,80;21747298,82;19023645,26;28593172,58;27613459,05;28027550,29;35476710,97;33768981,14;42015129,50;45023966,20;
1206172;"Zielonki (2)";23300741,48;8959131,12;9752778,65;40439628,02;39172154,26;44223839,86;43290232,91;29655525,76;22033216,58;31458954,29;
1207000;"Powiat limanowski";91335483,67;60513191,41;81973345,19;121374554,55;105814475,89;106870287,02;116532890,62;163903872,25;256997393,48;281299485,12;
1207011;"Limanowa (1)";21137656,20;7324023,82;14854304,93;22420083,20;23654086,65;28910666,28;22278367,77;12140866,96;40050652,46;37427473,04;
1207021;"Mszana Dolna (1)";9420668,32;7763830,79;2931394,21;7049100,86;4770870,62;5977598,05;6476968,93;13633839,73;9940906,64;16015092,70;
1207032;"Dobra (2)";6597403,47;4118227,61;7330740,17;11875593,40;10831226,88;4124652,89;9680509,14;12907117,77;22971463,74;17554628,39;
1207042;"Jodłownik (2)";7180757,75;3496330,18;3978702,36;7349354,36;5168268,09;6783088,95;21935230,29;31890545,33;45635410,97;21231657,17;
1207052;"Kamienica (2)";7592414,89;4218089,08;2706780,18;6606091,93;8115849,77;7667989,89;4785272,88;9851978,97;15342220,89;13532409,30;
1207062;"Laskowa (2)";5392267,50;2354948,73;3370010,04;3711117,49;3697796,53;4306204,82;6383730,07;9390525,17;13813523,22;32236211,70;
1207072;"Limanowa (2)";9844209,73;11688426,33;24220212,06;23912452,08;23514598,56;20903721,10;15560044,84;22420087,35;34165237,62;58704920,72;
1207082;"Łukowica (2)";3368315,28;3528119,47;7317875,00;9781267,44;6485368,32;5104596,46;6600280,59;11345200,49;17997063,10;17331683,77;
1207092;"Mszana Dolna (2)";9785735,04;4246765,51;5718182,83;14080542,73;10140059,85;10273092,81;8771657,47;11842639,52;17266957,13;20092490,63;
1207102;"Niedźwiedź (2)";4339638,85;2724607,41;3738165,47;4640949,28;4380758,32;4088955,32;2756932,13;6347314,92;7805249,67;14789815,00;
1207112;"Słopnice (2)";4791183,12;6510395,56;2325995,30;4623512,95;3149730,97;5629826,43;5673969,10;13073840,12;13242121,07;13565037,49;
1207122;"Tymbark (2)";1885233,52;2539426,92;3480982,64;5324488,83;1905861,33;3099894,02;5629927,41;9059915,92;18766586,97;18818065,21;
1208000;"Powiat miechowski";25838634,52;19472317,20;20966033,15;38446323,95;41539974,50;55981699,51;34820200,32;65788814,24;68375352,35;77128043,78;
1208012;"Charsznica (2)";1438013,32;1357297,11;1410109,76;4885390,56;4109106,68;5917918,62;4606875,43;9054533,14;11609004,15;11687270,38;
1208022;"Gołcza (2)";6277168,40;2907351,41;4453403,33;9974306,27;5364626,62;3488195,91;6471317,83;15530688,74;16004337,84;21778411,18;
1208032;"Kozłów (2)";1067545,92;308004,16;1854416,93;3241813,55;4454176,13;1209138,73;1434447,83;8065158,53;9199819,04;3576026,78;
1208042;"Książ Wielki (2)";1977849,28;2294687,38;2270581,87;8353099,44;5764291,10;8619739,52;5196283,86;6704274,84;;;
1208043;"Książ Wielki (3)";;;;;;;;;2950036,71;6307647,91;
1208053;"Miechów (3)";11840383,21;11285277,89;9484943,53;9689558,71;19425687,95;33527612,75;12142499,09;16785063,20;17222494,93;26100072,63;
1208062;"Racławice (2)";1978487,81;402056,14;521386,73;1041016,27;1029397,73;1513261,13;2171744,99;3000483,30;2948271,66;3459448,27;
1208072;"Słaboszów (2)";1259186,58;917643,11;971191,00;1261139,15;1392688,29;1705832,85;2797031,29;6648612,49;8441388,02;4219166,63;
1209000;"Powiat myślenicki";130942325,90;46118134,18;52925397,93;71302199,56;97907655,07;95404511,32;72747144,43;115739427,54;196274679,71;229970788,74;
1209013;"Dobczyce (3)";21943798,61;7168437,26;8588845,04;19831361,48;40781587,56;24436282,68;14598561,44;27121040,78;33592332,08;38525281,67;
1209022;"Lubień (2)";4122254,40;1721537,67;4963465,34;5990433,57;3833933,72;3325158,88;5403453,86;8034911,66;15242554,04;21315898,98;
1209033;"Myślenice (3)";70848355,59;19840874,60;19682187,00;21351312,77;16797966,40;29895105,70;23723968,99;28730877,35;63043600,07;76412248,23;
1209042;"Pcim (2)";5779680,94;1882280,51;2399854,62;5964556,25;3295578,88;4127418,87;8556063,40;10474066,03;19940393,67;9323325,35;
1209052;"Raciechowice (2)";5552650,67;1190615,78;985272,93;1745863,13;6751170,51;1311923,35;2872121,15;10211293,89;6586373,45;25357868,58;
1209062;"Siepraw (2)";3732139,82;1721592,64;5040145,74;7440101,92;5448304,68;6611415,84;5147857,30;11186488,43;6128633,94;17506928,92;
1209073;"Sułkowice (3)";14338194,81;7786149,05;7244574,33;4796028,83;3179690,89;4361424,19;4279505,11;8453492,33;21049268,53;13343697,11;
1209082;"Tokarnia (2)";1182801,15;2552571,74;1666262,26;1342212,82;2426382,53;6739575,96;2239775,76;2340498,74;10474391,51;8597082,38;
1209092;"Wiśniowa (2)";3442449,91;2254074,93;2354790,67;2840328,79;15393039,90;14596205,85;5925837,42;9186758,33;20217132,42;19588457,52;
1210000;"Powiat nowosądecki";221809798,33;86609471,55;125946969,17;257308614,69;245027138,36;206553002,37;209853607,36;306751748,09;412102695,87;402002110,93;
1210011;"Grybów (1)";1201779,14;530207,62;2074898,62;3780361,08;5788726,13;3941467,00;5281634,34;10910618,21;20232945,81;9407857,70;
1210022;"Chełmiec (2)";91012508,79;10051346,25;14080669,54;69024071,90;41188331,96;22141286,99;11048411,52;29253235,63;32976197,54;39000132,70;
1210032;"Gródek nad Dunajcem (2)";2921489,91;2057815,00;5399886,09;6120075,67;6956474,48;4399589,86;2818081,15;7768735,37;14821205,97;14881457,01;
1210042;"Grybów (2)";16777514,11;16478125,65;13883176,38;25176319,40;21718672,11;18714912,28;36023421,82;34104922,01;30101264,52;48172014,57;
1210052;"Kamionka Wielka (2)";7355964,21;4328752,03;4840525,23;7093300,45;7859905,02;7864869,12;7584925,90;11239316,98;26505141,69;16552298,72;
1210062;"Korzenna (2)";7096995,01;5497973,41;12899862,61;16232023,41;12734950,75;16228576,78;21844522,80;30892048,14;28843754,73;24262186,50;
1210073;"Krynica-Zdrój (3)";15415998,17;8025969,58;6779668,15;15894634,06;16396354,71;19004753,88;18981915,72;24788081,35;51987762,92;25315230,31;
1210082;"Łabowa (2)";3451263,65;591933,64;1083201,79;4713778,29;4151336,13;2384686,94;2909989,55;6248752,27;12957426,74;24876515,50;
1210092;"Łącko (2)";7690161,14;6292030,39;11554742,54;16375318,83;27471060,22;13862373,88;24227612,65;40059977,31;39108227,88;17141925,22;
1210102;"Łososina Dolna (2)";5318747,01;4404628,96;6329438,14;8155521,59;8251638,19;6051843,17;11391859,91;10507270,41;10294580,50;22012272,30;
1210113;"Muszyna (3)";7727341,73;4422914,81;6781129,16;20960510,32;26812023,63;25273118,34;11507944,69;23174313,31;33283470,66;34668661,04;
1210122;"Nawojowa (2)";7392168,23;1990466,08;3955566,80;8507507,25;10893034,89;5946829,82;7641522,66;16873186,28;15108823,09;23731461,35;
1210133;"Piwniczna-Zdrój (3)";5251518,28;5366067,79;8939882,40;8200582,35;5850597,32;12972862,03;5943289,35;8673730,41;28893104,05;15898701,21;
1210142;"Podegrodzie (2)";23307772,59;4760613,01;11568844,10;10202043,82;8587881,70;4894627,75;7946718,33;15192171,71;29390907,68;31743489,51;
1210152;"Rytro (2)";452075,63;108708,09;315059,75;1810750,90;1060276,55;1333769,34;970340,56;6247405,90;15117587,09;8127275,37;
1210163;"Stary Sącz (3)";19436500,73;11701919,24;15460417,87;35061815,37;39305874,57;41537435,19;33731416,41;30817982,80;22480295,00;46210631,92;
1211000;"Powiat nowotarski";137252510,96;88696817,90;110436044,50;143489841,21;174653725,67;157152666,63;165606079,13;244237329,43;428106707,28;315946030,29;
1211011;"Nowy Targ (1)";18011255,25;9917641,57;10475615,13;28249055,61;29593779,08;35140188,24;29295186,94;28750935,21;66304671,19;25088553,10;
1211023;"Szczawnica (3)";19686185,66;3687962,71;903189,79;4804776,56;2556238,60;2441724,28;8463650,85;8807283,56;12665845,93;13185335,34;
1211032;"Czarny Dunajec (2)";16583872,40;7194057,05;18224597,31;9381558,26;8916054,71;7287123,60;17594594,34;20714388,92;;;
1211033;"Czarny Dunajec (3)";;;;;;;;;36863421,23;54235471,34;
1211042;"Czorsztyn (2)";5923767,60;6214573,73;1401658,21;7977842,00;21467080,11;6641255,55;6097658,69;11715605,78;20139731,70;18375592,20;
1211052;"Jabłonka (2)";13244220,08;8814036,88;9001008,97;15734854,67;13805232,96;7138695,60;7113641,17;15647022,83;23394532,54;18345588,89;
1211062;"Krościenko nad Dunajcem (2)";3159567,81;3707047,09;2439682,91;4274513,31;5885608,43;15790878,19;10801639,82;7207813,31;9218925,02;20087323,75;
1211072;"Lipnica Wielka (2)";2004493,16;917591,60;1860487,88;5092497,26;1355908,99;2620009,03;7772357,63;6890901,85;6281381,13;26673699,66;
1211082;"Łapsze Niżne (2)";7922341,20;4503232,39;5891186,96;8766159,62;11564762,24;5983257,82;4773317,54;14502554,36;13094171,81;13633398,23;
1211092;"Nowy Targ (2)";18956770,76;9798477,98;16567062,00;18419280,81;30403228,24;32297781,84;17813870,33;26021927,80;22572880,00;21281489,74;
1211102;"Ochotnica Dolna (2)";8658411,25;2584040,10;11650498,40;6671086,49;12142849,48;9737553,07;9028724,83;28525104,15;29832377,22;10569687,12;
1211112;"Raba Wyżna (2)";9713823,38;13287277,05;9120132,55;10549572,44;10002788,23;7968409,13;6907898,81;20998115,44;26597892,69;25588789,64;
1211123;"Rabka-Zdrój (3)";10688990,70;12131912,22;10370065,25;11510215,28;13068583,81;13363626,77;17862318,33;15829931,89;48074685,82;25178784,14;
1211132;"Spytkowice (2)";458973,60;1794128,45;2999922,63;1910836,40;929697,32;997025,56;3694597,40;7595352,37;11140166,57;4005128,13;
1211142;"Szaflary (2)";2239838,11;4144839,08;9530936,51;10147592,50;12961913,47;9745137,95;18386622,45;31030391,96;101926024,43;39697189,01;
1212000;"Powiat olkuski";34763654,73;29070907,52;51849915,37;90874646,24;90487080,01;91940321,09;78308948,48;114633139,43;140232604,92;181272506,34;
1212011;"Bukowno (1)";3252443,16;4308057,26;5578989,84;6214437,62;16171309,25;9281293,07;9351334,65;7973038,67;20500280,52;47748013,70;
1212032;"Bolesław (2)";3839307,24;2560689,26;3088792,02;10073476,94;4704922,38;7013180,93;9626281,06;11664600,86;12566246,71;15677084,32;
1212042;"Klucze (2)";2688231,65;2984664,80;6411601,91;14715541,05;10739433,04;11383555,58;18598999,54;29758615,45;27935556,99;20345274,16;
1212053;"Olkusz (3)";11202584,97;7620893,53;10820586,13;19712038,60;28195610,56;38695658,26;21811028,87;30033939,17;26739440,33;47650324,84;
1212062;"Trzyciąż (2)";2254235,21;1779828,91;4448057,35;8522582,59;12030377,87;1951767,43;2712434,36;8983529,26;15823893,66;14601974,28;
1212073;"Wolbrom (3)";11526852,50;9816773,76;21501888,12;31636569,44;18645426,91;23614865,82;16208870,00;26219416,02;36667186,71;35249835,04;
1213000;"Powiat oświęcimski";60109098,22;91958861,40;112328311,77;149937584,55;126309707,87;130186288,42;118786263,97;134080598,22;157325357,46;194540745,81;
1213011;"Oświęcim (1)";21358844,44;42739089,37;43682739,36;43641723,93;30956716,95;25788100,45;27676826,89;24756417,33;34355583,15;41468854,96;
1213023;"Brzeszcze (3)";5570098,19;13842058,38;20754570,75;40559997,20;28350421,44;31398792,79;27293502,49;23888360,94;19040704,33;24631251,44;
1213033;"Chełmek (3)";2538910,45;3890412,17;5119109,11;12805559,67;14471390,09;12005159,59;5112015,18;15017873,12;16903838,23;16045457,53;
1213043;"Kęty (3)";11092886,01;10413088,04;14031044,18;16528616,89;9476939,75;21361356,43;18839953,69;14691381,26;22748691,59;20127593,44;
1213052;"Osiek (2)";3182903,23;4547277,17;6904468,27;4523362,29;6550998,90;1738504,50;3486484,71;3395372,67;13403404,49;13598245,64;
1213062;"Oświęcim (2)";4793568,96;6439763,80;10915080,52;10824839,58;12259123,63;7882155,59;9175808,42;21826655,06;17695048,46;23405209,52;
1213072;"Polanka Wielka (2)";2241677,46;1320525,84;3376487,47;3649795,95;4757245,00;5925428,96;7356541,74;7295131,05;8335003,59;14395283,02;
1213082;"Przeciszów (2)";1281353,77;592227,23;417732,17;7277794,73;11636535,00;14773183,95;10175627,61;4052748,87;4893646,79;15144108,98;
1213093;"Zator (3)";8048855,71;8174419,40;7127079,94;10125894,31;7850337,11;9313606,16;9669503,24;19156657,92;19949436,83;25724741,28;
1214000;"Powiat proszowicki";25435658,42;11611878,46;16549807,26;26198897,05;31924807,30;47457809,34;69138082,68;53517832,67;83542373,57;84557502,37;
1214012;"Koniusza (2)";8180599,37;4037996,52;5947783,74;6917297,48;8255056,70;5208220,78;5504446,85;4156550,78;4475016,09;7930146,93;
1214022;"Koszyce (2)";2373852,84;323522,76;3090388,12;3124729,76;;;;;;;
1214023;"Koszyce (3)";;;;;3435867,25;3195834,84;1047545,16;561156,96;15846652,63;10586232,45;
1214033;"Nowe Brzesko (3)";714050,91;299896,73;732940,60;2393232,63;1020737,92;2646849,54;9524680,37;12575385,09;10070600,98;8455974,28;
1214042;"Pałecznica (2)";9692909,03;1267376,02;2020920,39;4478276,42;9846687,21;12179467,08;19152375,92;11320531,70;15183341,10;11236592,10;
1214053;"Proszowice (3)";3825467,09;5067126,34;2935915,84;7691672,61;7547795,75;22870489,06;32445652,43;22099828,78;29352492,02;39965849,39;
1214062;"Radziemice (2)";648779,18;615960,09;1821858,57;1593688,15;1818662,47;1356948,04;1463381,95;2804379,36;8614270,75;6382707,22;
1215000;"Powiat suski";40675873,38;42845494,56;35956974,21;72685047,75;61488822,04;76098036,42;58003636,02;112515052,90;129907902,91;110675621,14;
1215011;"Jordanów (1)";647476,79;716642,27;1764690,57;4451699,04;6418765,22;17753402,18;13737355,08;8502783,83;21098192,30;14564869,89;
1215021;"Sucha Beskidzka (1)";7925047,46;9527924,56;5664483,39;11661657,76;12201392,66;20766986,20;6350876,75;16816370,71;14693243,36;12760588,15;
1215032;"Budzów (2)";2058204,13;1537804,13;3019862,20;6680828,92;15554051,91;8192591,99;5327867,09;16560206,72;17870413,23;17382904,22;
1215042;"Bystra-Sidzina (2)";1792113,93;2173440,68;3717171,53;11034265,85;4477819,44;2241570,74;1708283,06;9070381,40;12570190,29;13337685,64;
1215052;"Jordanów (2)";5440532,06;6949833,23;5752799,91;6186655,56;2498250,57;6497215,19;5505041,51;14425776,38;8374242,51;14295722,25;
1215063;"Maków Podhalański (3)";4380017,94;5024497,90;2077192,84;6762107,69;6073020,57;6306847,44;7502937,58;18191763,80;20138802,33;10868643,25;
1215072;"Stryszawa (2)";5875280,17;7504936,06;7864264,42;9083799,27;4668485,75;4811273,02;8202493,00;12669132,72;14188395,13;14282798,86;
1215082;"Zawoja (2)";9686562,31;5511421,32;4268644,54;7825316,66;3266307,18;8213812,75;6881079,05;9333045,99;11466400,57;9881693,07;
1215092;"Zembrzyce (2)";2870638,59;3898994,41;1827864,81;8998717,00;6330728,74;1314336,91;2787702,90;6945591,35;9508023,19;3300715,81;
1216000;"Powiat tarnowski";99834866,70;56875953,77;80603680,48;129805448,09;124689446,27;130003495,36;166024813,76;278108623,46;386712768,30;324864111,96;
1216013;"Ciężkowice (3)";3801071,57;2740896,10;2877237,40;3288372,99;8833466,54;22428701,17;13559554,44;45970490,73;12477006,47;10998672,04;
1216022;"Gromnik (2)";3553311,11;2258613,78;2825465,88;5936994,13;6913301,30;4287340,87;6880408,36;6643558,16;23945123,70;14854779,16;
1216032;"Lisia Góra (2)";8854816,96;5843323,84;6843115,79;7005422,69;7163195,88;9050802,63;14366960,12;13297203,78;42757689,34;23186311,19;
1216042;"Pleśna (2)";5561013,61;5107805,54;6316634,45;12088937,80;7213984,27;6577342,65;6684506,83;8096221,79;35003880,69;23730060,90;
1216053;"Radłów (3)";18497650,95;1334922,88;4284150,21;3585257,11;7493225,54;6343784,19;7554966,32;10033872,24;12173694,75;25086038,07;
1216063;"Ryglice (3)";4666135,51;2767757,11;2633388,71;7337013,03;9021678,19;5582486,75;7567482,11;16587082,49;16386949,40;12212258,54;
1216072;"Rzepiennik Strzyżewski (2)";1482365,91;1731169,98;3380860,28;7587642,95;4598085,12;4580327,65;10799106,32;12545275,23;18229330,41;15373689,24;
1216082;"Skrzyszów (2)";8315614,69;5253337,56;6404056,95;9422603,37;13583689,14;11008216,09;13833499,44;15547442,71;25314512,54;22905687,56;
1216092;"Tarnów (2)";12594037,04;8736371,93;10464909,85;19033183,30;17886565,68;8214637,01;10947666,40;18317652,66;24966886,62;27054452,80;
1216103;"Tuchów (3)";6371691,65;2828667,93;2883979,06;7451560,23;7160209,04;6376332,02;10064629,34;12651031,64;16672829,14;23464882,11;
1216112;"Wierzchosławice (2)";4040454,97;702496,94;1481890,37;2439838,42;3256983,38;4171956,38;4759049,09;5322409,16;22338513,66;16254041,81;
1216122;"Wietrzychowice (2)";353993,05;603288,38;2398542,82;4250901,47;1670940,04;1203369,71;5113067,66;16644974,52;5898309,40;8641092,27;
1216133;"Wojnicz (3)";4070762,81;2978909,97;4814724,84;8008643,97;8265421,89;8855544,76;7965161,87;24170474,54;38319517,22;32509169,00;
1216143;"Zakliczyn (3)";9388978,16;4402785,80;8763482,08;13107984,02;9848837,79;12422089,78;16589585,58;27823117,82;31430384,69;23516947,73;
1216153;"Żabno (3)";4442178,92;4922366,06;7149296,33;8489577,64;7744359,91;9747970,36;21045576,93;25126949,73;35999709,24;26634278,20;
1216162;"Szerzyny (2)";3840789,79;4663239,97;7081945,46;10771514,97;4035502,56;9152593,34;8293592,95;19330866,26;24798431,03;18441751,34;
1217000;"Powiat tatrzański";52664829,72;39908392,47;67137466,01;80150747,79;47369314,15;51467827,69;68968415,18;104996121,40;166920974,74;146587700,59;
1217011;"Zakopane (1)";16769513,51;20037033,46;44882670,37;52484302,31;27475355,66;16542090,14;31951747,83;76077834,57;104345715,94;76198193,37;
1217022;"Biały Dunajec (2)";3329412,74;2149712,99;3202380,73;4091668,51;4359048,69;4616588,40;3782915,68;4180886,77;17238549,03;8448855,35;
1217032;"Bukowina Tatrzańska (2)";20987439,53;12064867,39;13194796,64;7459606,49;5633601,40;6527462,32;5703689,27;4354014,18;17495729,19;25810503,94;
1217042;"Kościelisko (2)";5718879,13;3735607,14;3653626,85;7207687,81;4979547,97;19253225,86;15518876,43;9860772,81;12218471,71;17671918,93;
1217052;"Poronin (2)";5859584,81;1921171,49;2203991,42;8907482,67;4921760,43;4528460,97;12011185,97;10522613,07;15622508,87;18458229,00;
1218000;"Powiat wadowicki";67395860,55;57531623,71;69698162,90;135453314,18;105929135,55;94400430,46;123083106,89;153482502,09;270178456,29;215158020,46;
1218013;"Andrychów (3)";18470783,82;18039042,36;21938064,89;49247920,43;41119362,28;12730426,62;23166243,43;29562998,52;40311001,75;29784783,61;
1218022;"Brzeźnica (2)";2562742,62;2179243,88;5175280,37;12705741,60;5401838,30;10493912,58;5140762,37;13436259,97;14821635,68;20456571,59;
1218033;"Kalwaria Zebrzydowska (3)";7119555,39;7691491,02;7757436,88;8843394,85;13499969,15;12579536,99;18329909,61;13988361,29;30359543,25;33896025,65;
1218042;"Lanckorona (2)";1293118,37;993468,91;2715562,49;3809267,64;5577057,68;5449678,38;6898449,39;8391192,60;16603672,90;10338211,56;
1218052;"Mucharz (2)";408450,26;894870,84;1288826,70;676727,26;1240195,29;3015473,71;4975599,43;5281746,75;14015957,36;13515244,40;
1218062;"Spytkowice (2)";5062590,88;1903775,85;5466233,93;16097178,83;7088502,83;6146909,10;4300236,75;17666366,27;11426834,60;23609155,47;
1218072;"Stryszów (2)";2081217,03;1412296,27;3069368,47;6291507,95;8015481,72;9456270,05;6429188,50;10156135,05;21980601,22;12718744,54;
1218082;"Tomice (2)";2868110,54;1782037,08;2358530,28;5132777,76;3426659,02;1044395,83;4478144,98;3498372,92;10704719,88;13875827,43;
1218093;"Wadowice (3)";16506499,19;10048156,21;14580712,70;24864153,98;14544689,08;25493495,30;42060260,81;47021196,13;89095470,41;33624458,51;
1218102;"Wieprz (2)";11022792,45;12587241,29;5348146,19;7784643,88;6015380,20;7990331,90;7304311,62;4479872,59;20859019,24;23338997,70;
1219000;"Powiat wielicki";135945179,57;72444208,20;75551034,25;118070133,37;153358553,59;178771404,77;197297545,92;141548734,70;201128099,74;154621027,10;
1219012;"Biskupice (2)";4993236,59;2573157,42;8250023,78;12137713,77;12841153,08;8138023,07;8557900,60;14818361,79;17229421,29;17889765,94;
1219022;"Gdów (2)";7762972,11;5310740,40;6986716,77;17165615,68;10189089,53;7073876,99;14503176,66;12031746,82;32002008,64;20141045,75;
1219032;"Kłaj (2)";2974554,70;1241273,74;2751200,39;12414720,08;6356599,61;14422748,07;12218840,91;16125517,94;12806217,56;16567878,96;
1219043;"Niepołomice (3)";42793707,88;23603089,25;29997851,16;34743680,00;68268458,97;62139650,04;75086012,75;38939554,95;44752941,77;56393812,81;
1219053;"Wieliczka (3)";77420708,29;39715947,39;27565242,15;41608403,84;55703252,40;86997106,60;86931615,00;59633553,20;94337510,48;43628523,64;
1261000;"Powiat m. Kraków";578795861,67;537436647,52;578978208,08;735111987,42;845854186,19;810264193,02;1102871912,75;1144266391,23;1312758959,97;804592800,05;
1261011;"Kraków (1)";578795861,67;537436647,52;578978208,08;735111987,42;845854186,19;810264193,02;1102871912,75;1144266391,23;1312758959,97;804592800,05;
1262000;"Powiat m. Nowy Sącz";83093495,75;18436337,28;23126992,11;81341491,31;55957883,23;63868899,30;66070598,28;58211113,87;106714064,62;69000699,60;
1262011;"Nowy Sącz (1)";83093495,75;18436337,28;23126992,11;81341491,31;55957883,23;63868899,30;66070598,28;58211113,87;106714064,62;69000699,60;
1263000;"Powiat m. Tarnów";96970367,08;51936314,41;62929583,96;137701435,02;154609313,96;66543038,61;68495880,05;63223908,36;128915223,71;74475698,46;
1263011;"Tarnów (1)";96970367,08;51936314,41;62929583,96;137701435,02;154609313,96;66543038,61;68495880,05;63223908,36;128915223,71;74475698,46;
1400000;"MAZOWIECKIE";3714700911,60;3101656165,17;4388756514,17;6112037653,07;5635629206,01;5053493709,26;4978200179,14;6295485816,44;9645750721,44;9444676200,35;
1401000;"Powiat białobrzeski";18770991,77;13331137,41;19661139,95;26852249,98;24979859,80;23708260,41;34602634,58;52629685,57;98952999,00;90477608,57;
1401013;"Białobrzegi (3)";10131277,38;5513847,41;4607974,49;7769936,47;17356475,58;11573175,00;16691039,94;12205414,04;20535637,58;15169599,14;
1401022;"Promna (2)";2837660,54;2543705,64;3511762,19;3694056,41;2082451,45;2238456,06;3846907,00;6681906,36;12632351,52;12523368,56;
1401032;"Radzanów (2)";1060498,52;464640,64;1469817,97;1189382,11;663652,98;594370,43;1421016,53;8511145,86;15921884,48;12187956,98;
1401042;"Stara Błotnica (2)";2407248,66;1190377,13;4893460,30;9145969,09;2534115,57;3744238,74;8149895,61;16430643,13;20431348,70;21839145,46;
1401052;"Stromiec (2)";1045387,32;3295442,43;4097872,15;3488235,25;2056870,22;3864323,79;3280370,47;7299566,24;21970929,91;13263810,27;
1401063;"Wyśmierzyce (3)";1288919,35;323124,16;1080252,85;1564670,65;286294,00;1693696,39;1213405,03;1501009,94;7460846,81;15493728,16;
1402000;"Powiat ciechanowski";63166847,49;39993318,01;57688307,55;108499420,07;88938215,08;60211733,00;81604201,35;78345319,13;155839194,91;213609170,67;
1402011;"Ciechanów (1)";38039894,33;22633267,65;32854042,66;66441424,96;50182863,48;26861851,98;32116354,63;37426077,37;74190901,59;84441440,68;
1402022;"Ciechanów (2)";1961373,34;1606927,44;6092687,03;16647453,16;7987080,11;6816541,03;8589757,36;3891407,91;10083992,23;11163774,26;
1402033;"Glinojeck (3)";5428210,76;2190900,72;2027039,88;2017344,11;6279291,57;7153824,65;10635824,39;7117099,53;16679343,99;18083395,47;
1402042;"Gołymin-Ośrodek (2)";566857,14;710934,52;1586997,16;2359540,69;1637979,67;1674544,12;2788588,33;3181400,50;1532062,90;8966182,35;
1402052;"Grudusk (2)";4582932,53;965230,26;1219180,92;1814071,57;370953,44;879965,70;3117563,85;1462837,42;6826799,43;9521663,43;
1402062;"Ojrzeń (2)";3316825,56;1480852,98;2333784,65;3722231,49;6023261,63;5652219,89;4244722,85;4581509,08;12749527,18;14839712,52;
1402072;"Opinogóra Górna (2)";2844306,19;1542947,03;6018073,34;5438380,03;9308494,55;3464703,31;7269522,35;7141399,85;13827529,56;13924998,57;
1402082;"Regimin (2)";3246147,71;1455111,79;2694308,72;7265827,83;2952072,23;2666959,51;7062894,76;4531530,00;5965221,52;19064158,77;
1402092;"Sońsk (2)";3180299,93;7407145,62;2862193,19;2793146,23;4196218,40;5041122,81;5778972,83;9012057,47;13983816,51;33603844,62;
1403000;"Powiat garwoliński";61842470,80;58193244,24;75456734,56;106034447,76;77313453,88;80075966,42;88220351,34;181294511,57;229689880,19;251833158,21;
1403011;"Garwolin (1)";5743356,20;6041387,67;12660515,88;8354174,08;8305608,85;4790916,20;5689976,70;9132402,26;20544653,20;14312372,48;
1403021;"Łaskarzew (1)";1425691,06;926569,35;2368186,17;3369666,93;1627822,39;1370835,25;1683804,96;4011377,99;12422895,47;20735206,83;
1403032;"Borowie (2)";6097296,46;3989384,27;4519107,66;10643718,45;9122713,65;7284181,66;4738492,48;18125367,40;8309957,35;11683222,62;
1403042;"Garwolin (2)";5985418,70;7151783,99;9761197,13;17519978,22;11749488,51;11712039,33;6379346,45;16266942,69;16315198,89;27691878,48;
1403052;"Górzno (2)";3637311,34;8364077,45;5828886,51;11181723,89;2501772,71;5349426,52;6872791,14;16504200,04;29037635,28;3223500,65;
1403062;"Łaskarzew (2)";3376318,05;2345807,16;1327248,58;3162814,68;1878702,62;2071939,51;4591893,02;6354999,48;13542408,61;8772092,38;
1403072;"Maciejowice (2)";3215003,89;5117455,44;5761256,58;3244153,60;7051495,44;5830229,51;10212554,73;16755783,55;25213173,37;;
1403073;"Maciejowice (3)";;;;;;;;;;22447251,92;
1403082;"Miastków Kościelny (2)";3179300,50;2600597,83;2560683,65;6871269,15;6240763,77;7960689,41;3227048,88;9876907,44;19081000,95;14525816,37;
1403092;"Parysów (2)";1278610,22;1985215,87;3670939,98;3345826,98;3461565,05;5437958,59;3849326,32;10644682,45;17551264,35;14838603,14;
1403103;"Pilawa (3)";13324702,05;6611025,16;8519444,28;15181784,66;10921743,37;10323347,18;17629686,10;24020636,01;16881633,60;36999368,48;
1403112;"Sobolew (2)";3620833,15;3067654,40;5383833,56;8339304,65;4957421,52;6073785,06;8488523,78;15761798,89;8162591,73;14342683,43;
1403122;"Trojanów (2)";2091226,99;2115988,87;3631760,43;6301979,54;3206134,03;6369827,80;8705492,40;11680102,18;20283979,54;15419156,76;
1403132;"Wilga (2)";775114,45;2128409,98;2055380,15;1735250,19;2454112,31;1059178,72;2634967,79;9740431,09;16865635,79;21867870,28;
1403143;"Żelechów (3)";8092287,74;5747886,80;7408294,00;6782802,74;3834109,66;4441611,68;3516446,59;12418880,10;5477852,06;24974134,39;
1404000;"Powiat gostyniński";11106288,37;13018628,13;19522635,49;18370648,03;11545574,18;21489025,42;22359921,60;36085850,86;88615063,92;73163260,62;
1404011;"Gostynin (1)";2224852,19;6874973,47;9813464,69;7355900,52;4058437,67;8560338,37;9749121,84;12963466,02;20183757,72;13895928,22;
1404022;"Gostynin (2)";3984087,16;3419636,98;6720854,79;7340636,25;5228062,37;6387401,11;7550540,30;9449778,56;23658455,21;35473012,41;
1404032;"Pacyna (2)";419221,39;790270,70;1268799,56;965587,06;280750,64;382021,41;1603774,59;1806499,03;11659011,42;4664098,81;
1404042;"Sanniki (2)";3716502,80;1419054,32;376172,20;;;;;;;;
1404043;"Sanniki (3)";;;;1580441,40;756551,07;5533421,97;2200732,42;7324841,39;21996998,18;8890396,50;
1404052;"Szczawin Kościelny (2)";761624,83;514692,66;1343344,25;1128082,80;1221772,43;625842,56;1255752,45;4541265,86;11116841,39;10239824,68;
1405000;"Powiat grodziski";94878089,31;76152363,95;98295150,87;176207423,96;135198363,30;123374693,25;141352874,10;169471812,73;189787283,97;197290380,67;
1405011;"Milanówek (1)";12108607,13;8919098,00;8498397,31;13619349,54;14431523,75;9272794,49;3488424,83;11171569,51;38025434,90;29543847,83;
1405021;"Podkowa Leśna (1)";6256745,46;3741489,09;6749768,63;8996431,20;3667338,15;13281581,44;7045814,51;6088741,84;10854401,96;12267816,81;
1405032;"Baranów (2)";2767329,83;1417006,92;580122,51;4507408,36;3283135,47;1766589,46;1045697,42;12537231,51;12343623,59;13754300,91;
1405043;"Grodzisk Mazowiecki (3)";50307164,16;30246322,96;51960835,03;104685938,30;69179377,57;78304365,97;100072389,89;105801877,74;66551801,05;97132894,34;
1405052;"Jaktorów (2)";10736881,64;18216633,66;18941776,98;35154207,18;27669937,24;17427349,87;17394196,60;14041201,13;28142194,38;31121633,18;
1405062;"Żabia Wola (2)";12701361,09;13611813,32;11564250,41;9244089,38;16967051,12;3322012,02;12306350,85;19831191,00;33869828,09;13469887,60;
1406000;"Powiat grójecki";43987492,75;41525241,23;43740559,41;61116852,78;58536499,90;44150072,25;59097027,94;114731880,85;150097957,92;220923488,55;
1406012;"Belsk Duży (2)";5750927,44;4057571,07;6043850,86;4631778,55;4672821,66;6238619,67;6756890,67;3674285,54;9968365,31;16788614,58;
1406022;"Błędów (2)";1198273,06;2332233,22;4117854,19;1531517,11;2408327,52;2146340,16;4377620,46;3513463,67;5690609,72;20944923,24;
1406032;"Chynów (2)";8718045,26;1180715,52;3433067,00;6481182,82;9219067,15;3776943,60;6299924,15;7463131,07;12868690,92;18558769,89;
1406042;"Goszczyn (2)";876326,46;193054,58;631509,21;3892882,37;1079181,17;1458932,33;2434689,31;4401940,25;12332640,93;13148392,73;
1406053;"Grójec (3)";12208818,66;13757291,35;8011748,70;10454514,06;14069468,89;11880166,94;13017319,09;32844173,89;50034302,61;48198786,31;
1406062;"Jasieniec (2)";1124656,43;715443,74;2476736,74;2645479,35;2487140,91;2174138,12;2209436,17;2565354,42;6010973,81;17590002,32;
1406073;"Mogielnica (3)";3184525,67;7701684,53;7480244,88;10569592,52;2076053,90;1568322,74;5548336,73;14594068,44;9552607,75;9565665,19;
1406083;"Nowe Miasto nad Pilicą (3)";3018942,11;2314421,76;3347275,25;7748031,00;5090380,89;2331693,63;3861023,55;5474803,03;9709143,04;22382928,17;
1406092;"Pniewy (2)";1684307,78;1701585,72;2714309,63;2897700,13;8788317,49;3105878,28;7768068,28;24079352,25;14351322,31;30299941,83;
1406113;"Warka (3)";6222669,88;7571239,74;5483962,95;10264174,87;8645740,32;9469036,78;6823719,53;16121308,29;19579301,52;23445464,29;
1407000;"Powiat kozienicki";47110506,15;24379008,17;47964222,29;55440504,20;39566554,69;51571569,47;48016582,62;86712922,26;127817117,81;128895794,14;
1407012;"Garbatka-Letnisko (2)";3787038,51;1374591,19;3545732,14;5313998,76;4380002,12;5609257,20;4833207,38;3382371,90;10998212,21;8111593,12;
1407022;"Głowaczów (2)";3105385,69;3020982,54;8142926,68;7039982,79;2211420,04;3179557,43;4106628,12;9957181,52;18388888,01;;
1407023;"Głowaczów (3)";;;;;;;;;;31601264,58;
1407032;"Gniewoszów (2)";1883900,08;665573,41;1224456,77;2950594,33;3423660,36;771224,70;1620868,33;5024360,47;2871471,95;13705952,79;
1407042;"Grabów nad Pilicą (2)";2559471,80;2580921,28;1653353,48;953688,94;4968703,88;4896267,70;2520438,08;3520320,37;12067524,92;16721448,45;
1407053;"Kozienice (3)";32809246,81;13709405,76;27320593,04;30783088,22;21260799,53;28562488,63;27976002,94;51275995,75;66907335,53;35370813,10;
1407062;"Magnuszew (2)";2759890,43;2908059,91;3583772,69;5168686,14;2020913,88;7179255,13;4398899,93;5780000,35;4124124,05;;
1407063;"Magnuszew (3)";;;;;;;;;;12360261,57;
1407072;"Sieciechów (2)";205572,83;119474,08;2493387,49;3230465,02;1301054,88;1373518,68;2560537,84;7772691,90;12459561,14;11024460,53;
1408000;"Powiat legionowski";97899910,62;69133678,28;75243208,06;135879153,61;123391045,46;119796372,84;131225911,44;166846043,30;194915717,85;143133989,42;
1408011;"Legionowo (1)";33804491,53;31600172,10;17005465,05;42684517,36;26152348,85;18769854,44;26442197,95;43524408,53;36880430,77;15169184,43;
1408022;"Jabłonna (2)";8111926,20;9538997,92;8693295,65;34236327,54;47488679,14;52929265,81;52362558,45;39605604,80;52684432,17;42556966,53;
1408032;"Nieporęt (2)";22606690,55;7290079,52;18727124,48;27270749,48;18810802,81;14371805,39;17936996,84;25461283,62;36525491,59;27422592,80;
1408043;"Serock (3)";12072448,13;9271608,76;15971684,01;15638672,28;16082996,20;14852252,73;17845987,93;34581857,96;41462956,43;31974811,18;
1408052;"Wieliszew (2)";21304354,21;11432819,98;14845638,87;16048886,95;14856218,46;18873194,47;16638170,27;23672888,39;27362406,89;26010434,48;
1409000;"Powiat lipski";28785714,92;18152364,31;19389391,66;22611253,22;15965163,57;30237064,52;33571827,52;36477309,53;72409767,49;103154967,96;
1409012;"Chotcza (2)";377190,68;1196297,97;1269858,15;2208022,28;1033712,48;1855428,60;1383572,73;3626534,58;7643101,67;13263065,63;
1409022;"Ciepielów (2)";3936084,41;7834565,03;3764400,83;5774233,81;2805027,49;4292751,61;9125724,65;7450418,70;10790903,48;;
1409023;"Ciepielów (3)";;;;;;;;;;26107830,94;
1409033;"Lipsko (3)";18397675,08;4529625,36;5644389,19;8950541,26;4950530,26;4040624,46;4281508,23;5744536,06;16944106,61;19069097,97;
1409042;"Rzeczniów (2)";1784944,46;675667,70;3156200,20;2028355,12;2107987,00;10266083,98;10744886,91;13566186,88;11264353,14;12077219,22;
1409052;"Sienno (2)";1802033,85;2392031,88;4031868,27;2227073,63;4254115,93;7171376,86;3529497,82;3586781,06;12504983,00;;
1409053;"Sienno (3)";;;;;;;;;;18420753,18;
1409062;"Solec nad Wisłą (2)";2487786,44;1524176,37;1522675,02;1423027,12;813790,41;2610799,01;;;;;
1409063;"Solec nad Wisłą (3)";;;;;;;4506637,18;2502852,25;13262319,59;14217001,02;
1410000;"Powiat łosicki";17204338,90;7387178,29;11295268,56;24906549,88;20603808,07;12554058,29;15215146,08;37075793,12;98252462,25;98512164,64;
1410012;"Huszlew (2)";267552,66;1381429,59;3144889,25;1343441,25;1173315,18;1834022,23;1042425,28;10258935,83;5501185,22;16830147,92;
1410023;"Łosice (3)";8022169,94;3008390,36;4049603,41;7447601,30;11414595,95;2146379,17;7209697,05;7669676,30;25419809,92;16769272,55;
1410032;"Olszanka (2)";146349,32;38457,35;73210,61;1881201,64;509451,74;316892,94;1340130,57;1029145,65;8989107,02;18254169,28;
1410042;"Platerów (2)";1270402,02;865461,67;1528236,27;8306637,20;1391302,13;1477747,46;1138654,55;9372817,05;4430255,58;25468938,15;
1410052;"Sarnaki (2)";1312873,84;1010083,41;1007015,77;3430223,27;4032361,93;754375,68;3186203,00;3584922,95;26234334,97;14743684,33;
1410062;"Stara Kornica (2)";6184991,12;1083355,91;1492313,25;2497445,22;2082781,14;6024640,81;1298035,63;5160295,34;27677769,54;6445952,41;
1411000;"Powiat makowski";26480073,91;20652187,14;33247092,60;47991020,40;32546957,28;32944703,82;35275489,56;73669349,56;130270190,06;155374425,84;
1411011;"Maków Mazowiecki (1)";1884414,17;3588392,83;9333796,74;21484526,41;12008101,24;8404887,22;2138611,34;18643016,50;23327054,58;17201367,50;
1411022;"Czerwonka (2)";2783839,86;1300186,50;880641,97;1912154,64;1195293,36;1434486,29;2660192,85;6530598,92;13668740,04;13330755,31;
1411032;"Karniewo (2)";2161704,53;2539684,31;5522656,80;3448527,56;3732705,09;2389364,08;2565662,01;9672260,41;7371524,11;16031606,90;
1411042;"Krasnosielc (2)";3684903,65;1743098,67;2743463,74;3321736,87;3873382,54;2274212,30;3187838,39;9867546,22;4332880,04;8181044,07;
1411052;"Młynarze (2)";2165968,07;481030,22;1352274,51;796350,88;1222210,94;926175,86;3618350,52;6386504,57;8607975,58;6186781,21;
1411062;"Płoniawy-Bramura (2)";2528085,87;417399,42;2442185,02;1105395,83;915390,04;1352668,42;3533284,46;4155091,56;14818824,98;20917504,72;
1411073;"Różan (3)";6533354,72;8370584,16;5748825,20;7857359,91;6335052,57;5937943,77;6425169,47;7181699,68;16466329,88;22758575,00;
1411082;"Rzewnie (2)";2180200,44;781227,45;887837,96;1504086,97;896031,19;4118826,68;3019716,10;4733072,27;15539099,80;21740721,33;
1411092;"Sypniewo (2)";1082773,26;766861,80;2667793,45;2231552,56;985990,78;2106302,13;3538133,57;3511947,61;16219648,70;14958051,81;
1411102;"Szelków (2)";1474829,34;663721,78;1667617,21;4329328,77;1382799,53;3999837,07;4588530,85;2987611,82;9918112,35;14068017,99;
1412000;"Powiat miński";108048537,93;81685959,97;116499116,11;176158475,61;147313585,90;136341122,64;168591618,81;172499731,97;344324213,66;301899174,55;
1412011;"Mińsk Mazowiecki (1)";24605796,82;18138720,84;25381426,78;11819469,65;14343091,85;15465377,57;16634220,39;11777975,05;60551708,70;24400887,09;
1412042;"Cegłów (2)";4669434,88;3896685,38;4421412,93;9862284,40;9868507,50;6303418,23;12102734,35;;;;
1412043;"Cegłów (3)";;;;;;;;6413187,71;18125018,27;22274093,75;
1412052;"Dębe Wielkie (2)";10502450,42;6432571,18;13290359,08;9092781,30;8097206,94;8877577,06;6595662,51;15435205,70;19216313,83;19945034,24;
1412062;"Dobre (2)";2150988,30;2038195,04;8194394,06;11199522,52;4373354,18;5757408,14;6016492,37;6281773,40;15765899,82;;
1412063;"Dobre (3)";;;;;;;;;;9899613,05;
1412073;"Halinów (3)";10937530,66;6482360,71;13811298,15;27613590,43;29911819,90;23129044,79;25149263,81;30704750,34;43405277,42;40074299,99;
1412082;"Jakubów (2)";3776809,67;2042469,33;4833457,07;7236773,08;4269994,68;3181098,74;6166769,34;6663520,87;11521597,82;12970074,83;
1412093;"Kałuszyn (3)";3480344,58;2935875,38;4082455,54;4213524,18;6928537,49;1822272,68;7399136,76;10145377,94;8894736,57;20172531,15;
1412102;"Latowicz (2)";2513263,85;2064462,57;1136326,23;4440585,53;4248091,89;7775064,72;10743854,70;6510283,55;;;
1412103;"Latowicz (3)";;;;;;;;;26314859,14;12084370,56;
1412112;"Mińsk Mazowiecki (2)";12832943,10;9912559,11;10592887,44;29472732,83;14391237,57;10580876,02;17747302,90;13928770,51;44511552,04;35103609,35;
1412123;"Mrozy (3)";9481564,50;2475783,94;4910665,13;7732814,29;11060194,65;15761994,37;15436208,44;17726220,38;14513302,03;25411140,98;
1412132;"Siennica (2)";1769714,79;2867004,46;5937945,38;4255741,44;3670034,86;7965086,31;6603078,83;5941480,38;14739261,86;;
1412133;"Siennica (3)";;;;;;;;;;22352305,32;
1412142;"Stanisławów (2)";2498089,61;6669153,45;5285332,77;6534881,04;7469328,99;7290074,87;6120446,87;10801314,60;13700197,10;13288465,78;
1412151;"Sulejówek (1)";18829606,75;15730118,58;14621155,55;42683774,92;28682185,40;22431829,14;31876447,54;30169871,54;53064489,06;43922748,46;
1413000;"Powiat mławski";35345292,50;29320087,64;52396446,08;58073708,59;51162329,19;48388109,84;63408961,86;106011416,56;177199420,62;158266463,62;
1413011;"Mława (1)";15226124,89;14730861,50;20351802,88;30110127,02;24643684,43;26823518,01;29980558,38;40083307,68;80177551,84;48337897,96;
1413022;"Dzierzgowo (2)";392348,87;330211,62;2361982,20;699235,69;1732931,98;2648540,05;1203651,73;6443692,59;7265971,18;12046510,16;
1413032;"Lipowiec Kościelny (2)";2046762,26;1034982,07;3592775,02;2473942,29;817860,02;1738606,59;1596183,71;2289336,23;7800249,73;7793915,56;
1413042;"Radzanów (2)";447109,08;1080010,68;2142024,12;277304,02;948363,44;1220175,92;5850933,54;10253714,12;6969488,95;10677009,80;
1413052;"Strzegowo (2)";10324511,04;5846476,53;6309996,39;9391220,81;12699175,11;7097889,70;6429887,34;17236024,42;27668471,77;24530206,55;
1413062;"Stupsk (2)";1188278,98;773207,37;4905679,32;4337161,73;1953411,15;1119036,78;5751623,13;3988961,13;16857516,86;11100116,77;
1413072;"Szreńsk (2)";883782,58;644735,66;3280786,57;1195612,28;2308170,54;2361936,89;1477268,63;7846197,88;2529974,67;3500900,06;
1413082;"Szydłowo (2)";401592,11;1495089,96;2605960,46;3588331,14;2149738,59;973802,15;1193177,01;2882933,99;8393981,80;13820745,38;
1413092;"Wieczfnia Kościelna (2)";2629484,36;1855345,42;5032425,20;3841985,81;1866500,05;923105,83;3371803,51;7576119,95;11647068,54;16936059,11;
1413102;"Wiśniewo (2)";1805298,33;1529166,83;1813013,92;2158787,80;2042493,88;3481497,92;6553874,88;7411128,57;7889145,28;9523102,27;
1414000;"Powiat nowodworski";90866590,35;54743175,42;67089495,27;121197636,16;77461139,60;38891510,68;82734913,46;92044683,07;184875872,84;150759923,46;
1414011;"Nowy Dwór Mazowiecki (1)";51308516,47;13627198,64;7636612,34;15622561,31;17480666,74;12509222,88;25857537,05;26684929,68;29807453,29;17039785,57;
1414022;"Czosnów (2)";13132901,33;16372377,23;14740101,25;27566663,15;13001652,29;7883188,93;11283305,02;12592241,61;41445583,31;44520420,81;
1414032;"Leoncin (2)";6986690,90;1474951,85;5849866,23;13046305,49;6160967,32;3172079,13;1440666,17;8006172,98;19520296,63;22913049,64;
1414043;"Nasielsk (3)";12670679,17;14875293,96;10221778,60;19921935,19;12574743,90;9081273,91;23844220,74;22305720,92;35057968,81;26003568,26;
1414052;"Pomiechówek (2)";6446173,78;4951465,97;26092146,79;41188195,39;24243555,79;4497050,85;13449549,60;10566587,92;35194653,36;20615271,36;
1414063;"Zakroczym (3)";321628,70;3441887,77;2548990,06;3851975,63;3999553,56;1748694,98;6859634,88;11889029,96;23849917,44;19667827,82;
1415000;"Powiat ostrołęcki";65667844,43;56165212,57;77234536,57;99522847,68;88603333,46;95831469,11;86464449,48;101571021,46;189378757,94;241020520,32;
1415012;"Baranowo (2)";5824203,33;3808411,47;8796324,95;7911819,04;7821819,52;4310048,12;7330016,50;5677060,17;8101817,26;26882205,10;
1415022;"Czarnia (2)";1631289,78;1130152,99;1823286,34;3167778,37;941627,20;4796929,22;2401186,41;4587578,90;5993175,18;21441455,97;
1415032;"Czerwin (2)";2761874,26;848837,48;5110015,02;3975446,87;3183410,63;1350641,72;4360546,99;6719707,21;4945677,31;16004868,69;
1415042;"Goworowo (2)";5735076,56;3100087,82;5874514,27;13808537,28;6309533,82;5079377,46;8090029,23;3142347,21;11447516,56;13871354,00;
1415052;"Kadzidło (2)";2784565,58;4616021,77;7176257,07;7073401,47;7006244,68;6434693,80;13146576,06;18241207,16;31653362,39;14989258,58;
1415062;"Lelis (2)";9752717,19;6965245,74;8997666,93;11838547,82;4261385,64;7884379,31;7042231,50;3907075,11;15750324,23;22467758,68;
1415072;"Łyse (2)";5060504,45;12706595,86;16483886,75;17419456,54;11100719,26;12684211,60;14649119,11;23875696,69;29894734,93;37194731,07;
1415083;"Myszyniec (3)";11088300,69;7751842,37;6471016,16;13678756,63;17244458,86;18473237,94;9342194,95;10528245,64;32085672,84;23749237,11;
1415092;"Olszewo-Borki (2)";11247035,05;5317284,73;6934495,76;13219069,56;15122915,01;9550616,61;7645466,13;11429852,93;23830914,57;24663407,21;
1415102;"Rzekuń (2)";6307965,44;8397082,54;7259803,14;6121153,02;13903495,01;14688888,02;10963279,54;9569482,95;12033484,36;15940121,20;
1415112;"Troszyn (2)";3474312,10;1523649,80;2307270,18;1308881,08;1707723,83;10578445,31;1493803,06;3892767,49;13642078,31;23816122,71;
1416000;"Powiat ostrowski";41569711,21;29527752,12;50102720,84;74586517,13;78097115,49;58998833,36;66600716,28;98090918,95;153300652,04;160147943,18;
1416011;"Ostrów Mazowiecka (1)";4483688,45;9347366,40;12575891,25;18104085,50;21870051,34;29498219,50;21092810,13;22244406,90;29509281,63;43773423,47;
1416022;"Andrzejewo (2)";4433384,49;1338760,89;2989134,44;3002301,08;4020203,97;3482930,95;4928747,02;6275777,06;16531030,38;11758690,09;
1416032;"Boguty-Pianki (2)";4209178,61;620069,09;642962,68;2106831,32;1563613,02;1046155,01;1684987,95;5569569,02;14646515,56;13490429,98;
1416043;"Brok (3)";3701485,46;475353,61;3314468,41;2711146,52;197736,07;2466905,21;3126172,38;2476720,40;6669449,63;6453080,10;
1416052;"Małkinia Górna (2)";3779472,95;3252422,30;9386659,71;12457146,06;19060911,92;7609067,77;15600112,62;23234191,77;7451552,74;10028354,67;
1416062;"Nur (2)";933590,17;432621,85;2942050,39;4846683,36;285760,81;2828818,83;2586443,22;5202687,98;13225287,31;13287041,35;
1416072;"Ostrów Mazowiecka (2)";6543470,16;4679162,97;6114434,20;14802446,22;8257364,19;2617497,88;4841325,66;11608206,20;19640086,46;17498169,32;
1416082;"Stary Lubotyń (2)";2009158,76;2463080,06;3925076,23;6651396,29;2105525,13;1150152,23;3716145,43;6240837,97;17048472,36;17703249,68;
1416092;"Szulborze Wielkie (2)";1608509,99;1235678,86;1878504,52;1339064,46;4631742,97;1554105,72;1257752,44;3550594,33;10068031,83;8343417,59;
1416102;"Wąsewo (2)";7305484,57;3408341,23;2944540,59;3334663,34;5738584,93;3391929,99;2007130,93;3005180,94;4606719,11;4140059,23;
1416112;"Zaręby Kościelne (2)";2562287,60;2274894,86;3388998,42;5230752,98;10365621,14;3353050,27;5759088,50;8682746,38;13904225,03;13672027,70;
1417000;"Powiat otwocki";72543799,34;67747590,01;74692258,07;153949001,40;137928259,08;81450759,82;122775467,38;218183416,78;290192656,81;246995520,05;
1417011;"Józefów (1)";15772662,01;9267475,15;7922624,07;68542823,74;40765807,02;11504218,99;18609524,56;49047229,20;51875923,60;46398884,13;
1417021;"Otwock (1)";18976443,72;16605096,62;25543104,01;29122140,97;25497470,59;22660500,04;41891872,47;52788492,32;77895854,52;83837389,17;
1417032;"Celestynów (2)";4724136,01;9937172,42;6941929,67;8557561,33;15298530,43;9230949,17;17475716,83;26115318,81;36692658,28;33396095,00;
1417043;"Karczew (3)";8064185,34;7322175,94;6343152,78;9940283,35;14508321,35;7725129,16;5865038,38;20301623,53;14213585,53;25168090,42;
1417052;"Kołbiel (2)";5173512,10;6430382,07;5677153,03;4848051,17;6753188,46;5300387,76;3271823,23;6798488,69;10064924,23;14345069,44;
1417062;"Osieck (2)";2752169,83;1207580,64;2170244,77;3595157,93;6633820,59;2819424,26;4131600,91;10411450,62;17721927,56;;
1417063;"Osieck (3)";;;;;;;;;;8364692,66;
1417072;"Sobienie-Jeziory (2)";1507844,06;1208596,49;3445264,69;2459221,25;1976072,12;491501,51;1663319,30;5545973,85;18088731,61;10670867,50;
1417082;"Wiązowna (2)";15572846,27;15769110,68;16648785,05;26883761,66;26495048,52;21718648,93;29866571,70;47174839,76;63639051,48;24814431,73;
1418000;"Powiat piaseczyński";147580010,84;154426833,40;158099648,47;194366747,13;228440990,29;156922846,59;183543230,07;244198035,34;295187097,67;267503585,00;
1418013;"Góra Kalwaria (3)";13630147,30;14445976,88;12808231,78;17566451,55;8384331,27;12816631,33;12782125,74;17446477,37;28026505,39;23434837,52;
1418023;"Konstancin-Jeziorna (3)";34684046,03;30775494,97;42834100,09;32969255,03;36168516,28;21281908,33;18829809,95;38484083,61;49933044,65;29977138,01;
1418032;"Lesznowola (2)";36284573,29;43280481,68;12591962,49;20641545,78;63776635,83;46104714,27;27221884,32;31376566,18;35598012,58;66367301,68;
1418043;"Piaseczno (3)";51888160,89;51865754,54;71043736,21;98425858,21;109194886,32;66620582,75;101493297,63;121472440,49;113287621,78;88936768,18;
1418052;"Prażmów (2)";2432904,48;4255420,42;6839280,76;10655669,95;5979959,18;2635829,19;6476284,21;12826696,53;32611367,27;25192498,97;
1418063;"Tarczyn (3)";8660178,85;9803704,91;11982337,14;14107966,61;4936661,41;7463180,72;16739828,22;22591771,16;35730546,00;33595040,64;
1419000;"Powiat płocki";56915303,51;35246083,47;58075479,29;118469209,62;70029934,96;53872594,17;67509625,52;136857506,66;221062022,17;238463714,39;
1419012;"Bielsk (2)";3705669,61;4455030,10;2973967,38;7792154,50;8036622,93;5243834,65;3779349,66;7604424,55;15823961,03;15563732,54;
1419022;"Bodzanów (2)";6579188,00;2035530,91;4300798,29;7348973,22;12278089,43;5529530,02;3919211,47;9110644,43;;;
1419023;"Bodzanów (3)";;;;;;;;;9115156,56;17150726,72;
1419032;"Brudzeń Duży (2)";1187304,22;1885889,86;2493253,75;3885696,78;2249043,65;1832815,69;3003629,30;5692012,14;8511816,23;16633954,30;
1419042;"Bulkowo (2)";853956,15;815146,30;2168802,02;3972695,20;528788,13;2146514,64;1191034,41;7872989,47;12459205,05;9503767,72;
1419053;"Drobin (3)";1386049,21;1266996,04;4439244,49;7908968,58;1528773,89;4956328,09;4828150,11;3209170,50;11187107,99;12072950,90;
1419063;"Gąbin (3)";7107446,45;3999040,83;6845185,33;8416702,25;5294884,35;4940724,10;7605877,71;17296175,71;15463345,34;18016600,19;
1419072;"Łąck (2)";1333139,98;1170865,58;1617448,67;1480561,12;1540242,84;2062896,99;2125729,07;3539987,52;10085655,24;11386586,44;
1419082;"Mała Wieś (2)";1869978,33;886867,59;2432615,09;3838809,34;2330832,52;1261292,67;2214353,84;6633981,28;7389561,04;27992561,89;
1419092;"Nowy Duninów (2)";2844292,71;436972,69;2650115,83;4374622,64;1963282,14;575906,30;1771137,48;4450702,76;3403832,24;7848020,10;
1419102;"Radzanowo (2)";2220830,85;955829,16;3800613,24;7508164,09;4809004,82;1866770,99;5405176,54;10852779,31;28163920,08;8529954,47;
1419112;"Słubice (2)";1996479,49;610546,87;509888,49;2613762,25;1410958,28;360311,40;4209986,90;9656727,65;15060990,67;8570643,61;
1419122;"Słupno (2)";9559087,96;9342304,82;11420509,15;29040257,70;11986830,61;9605015,40;12779052,06;17751859,99;22863043,78;29379195,56;
1419132;"Stara Biała (2)";6697335,88;4259988,11;9219451,93;19002262,54;15148132,39;9746928,54;8606705,54;17407078,17;34806073,12;22815145,70;
1419142;"Staroźreby (2)";4991297,27;1664648,46;1284004,04;10167915,39;289092,46;2553954,70;3913962,54;11002443,82;19689195,29;20184474,91;
1419153;"Wyszogród (3)";4583247,40;1460426,15;1919581,59;1117664,02;635356,52;1189769,99;2156268,89;4776529,36;7039158,51;12815399,34;
1420000;"Powiat płoński";37709481,88;34111956,93;48102441,19;83879704,52;70222376,89;83719649,81;85511799,71;98873304,51;161331281,81;164136674,06;
1420011;"Płońsk (1)";14235270,12;11264050,61;9594410,84;15178759,80;31948937,04;38191770,83;30222135,15;31906597,23;32449948,79;18824804,59;
1420021;"Raciąż (1)";1528663,71;756759,06;3271053,29;10431912,06;6495272,54;3214597,27;3591026,48;3072584,27;11147223,87;10593820,74;
1420032;"Baboszewo (2)";2811280,19;5676873,47;4699408,28;3228309,79;1755216,38;6040306,05;6853966,99;5709871,99;21367420,36;9835045,44;
1420042;"Czerwińsk nad Wisłą (2)";3187806,34;1855757,66;3098877,22;11162600,52;5086560,80;;;;;;
1420043;"Czerwińsk nad Wisłą (3)";;;;;;4319755,66;7384334,44;8166868,21;15489206,13;19776431,19;
1420052;"Dzierzążnia (2)";422106,42;2467757,55;1772116,41;1590520,60;3093803,23;1446000,19;2388729,38;1219449,31;8008258,96;12958913,26;
1420062;"Joniec (2)";491551,78;126356,69;202500,01;1109668,04;256129,28;1512661,17;2490723,41;6005874,30;9090560,96;11147850,08;
1420072;"Naruszewo (2)";1532053,22;707709,69;9275495,27;4177482,92;1503399,08;2357493,37;5738416,68;5024024,12;9775525,93;15742808,79;
1420082;"Nowe Miasto (2)";1190700,69;1687170,19;1234249,60;3547267,68;8614912,31;10780575,84;2400553,03;;;;
1420083;"Nowe Miasto (3)";;;;;;;;5516310,33;5777835,79;3496371,86;
1420092;"Płońsk (2)";3739644,26;1591777,23;2907491,44;8113138,29;3597791,78;2614146,57;7697242,40;11835789,36;16195573,65;18741038,19;
1420102;"Raciąż (2)";6323223,71;5550123,34;5208968,72;9412300,97;5051860,82;6500086,94;9844896,91;4900370,76;9606262,92;23009842,50;
1420112;"Sochocin (2)";1239615,96;1225258,27;2943737,66;3374510,73;1391130,46;1609436,86;;;;;
1420113;"Sochocin (3)";;;;;;;637710,08;4278007,97;10096684,50;4450921,74;
1420122;"Załuski (2)";1007565,48;1202363,17;3894132,45;12553233,12;1427363,17;5132819,06;6262064,76;11237556,66;12326779,95;15558825,68;
1421000;"Powiat pruszkowski";135225713,99;137067737,29;202810959,99;302022355,91;232608173,46;181624443,93;221934414,70;302996789,92;343772958,83;330760078,17;
1421011;"Piastów (1)";6237477,46;14723336,26;16481500,81;40205597,38;29944157,27;16702478,81;20475229,71;19025560,12;33857237,74;32587694,32;
1421021;"Pruszków (1)";38827597,69;50660995,50;66227291,77;99548241,57;75410597,90;61938605,11;75353970,76;78525261,68;73976662,56;102161075,84;
1421033;"Brwinów (3)";28870597,12;20051269,65;26100677,59;26385933,92;38583865,61;33723353,88;37828778,70;53504295,68;58159040,65;64596583,03;
1421042;"Michałowice (2)";26035002,86;19788132,29;32418071,36;45761622,77;31203368,75;29733376,16;50654691,95;76818065,14;79744229,19;74029026,11;
1421052;"Nadarzyn (2)";15897412,22;22024037,01;25001028,21;32615049,27;26445675,06;21266606,38;17610713,60;33151794,62;35131881,29;26029555,18;
1421062;"Raszyn (2)";19357626,64;9819966,58;36582390,25;57505911,00;31020508,87;18260023,59;20011029,98;41971812,68;62903907,40;31356143,69;
1422000;"Powiat przasnyski";29890190,83;20574956,75;30673890,88;48621444,40;40613616,61;39536241,21;26542400,68;56527941,94;102838335,96;103894297,32;
1422011;"Przasnysz (1)";8146472,12;8645116,13;8771266,39;4101544,24;12231996,97;3879339,94;4005612,99;19160258,15;26070856,81;13444068,83;
1422023;"Chorzele (3)";1895470,05;2185572,17;4338371,67;16085701,87;12921217,27;16051174,76;7803365,55;5084778,65;19147795,65;10403948,78;
1422032;"Czernice Borowe (2)";2432134,65;686093,39;1303497,83;1535766,31;640161,21;1323559,75;689177,12;1290323,94;2438660,82;13034143,80;
1422042;"Jednorożec (2)";13162028,37;3007211,16;2230562,73;7765292,27;6986623,24;2582621,52;7431281,86;4418597,63;23923011,98;19980625,17;
1422052;"Krasne (2)";525481,43;1724401,37;5843038,25;6098379,31;2702396,65;1189155,52;1056900,53;3421543,07;10400376,39;13589998,61;
1422062;"Krzynowłoga Mała (2)";584647,31;351733,63;882431,99;1039600,02;1207837,44;882547,14;593081,86;10571165,44;6341244,20;12132557,68;
1422072;"Przasnysz (2)";3143956,90;3974828,90;7304722,02;11995160,38;3923383,83;13627842,58;4962980,77;12581275,06;14516390,11;21308954,45;
1423000;"Powiat przysuski";17606418,45;7741610,83;24321479,54;34352579,50;24351709,56;19575217,19;23641093,16;54869103,52;119343791,71;96325275,42;
1423012;"Borkowice (2)";1159955,02;1254691,13;2320069,97;2785233,53;1717581,64;2010560,43;2422854,49;4694572,50;16026856,59;6813270,98;
1423022;"Gielniów (2)";781070,50;1138316,29;738705,88;1161426,67;1653705,17;2865192,27;3086747,26;5050540,14;13861170,38;;
1423023;"Gielniów (3)";;;;;;;;;;13808292,52;
1423032;"Klwów (2)";2186935,78;535544,66;3703188,19;3484670,45;1943031,56;1453620,10;1744882,99;6659104,13;5013813,76;16506484,16;
1423042;"Odrzywół (2)";2475051,90;794344,07;3424458,77;5598416,11;1905833,24;1207729,62;1427841,73;3409977,42;15172910,83;;
1423043;"Odrzywół (3)";;;;;;;;;;16430555,84;
1423052;"Potworów (2)";2341665,41;582007,37;4021913,27;5053515,60;3556822,59;359750,55;1299566,44;4643209,57;4919478,44;5467343,86;
1423063;"Przysucha (3)";4890350,91;1797611,14;3269368,64;6978254,88;7145629,12;4762123,65;6571967,12;6107381,68;17399188,23;30680110,44;
1423072;"Rusinów (2)";1409679,28;826001,72;1507122,31;2027731,06;2108983,09;2209610,22;3413134,96;10483648,37;20402581,49;5096145,61;
1423082;"Wieniawa (2)";2361709,65;813094,45;5336652,51;7263331,20;4320123,15;4706630,35;3674098,17;13820669,71;26547791,99;1523072,01;
1424000;"Powiat pułtuski";32863456,38;16133694,10;31425726,75;38455058,33;44192749,67;41843982,01;40570219,58;64766037,96;101119006,96;142626263,29;
1424012;"Gzy (2)";610648,72;675903,31;641761,24;3211537,68;506981,40;2569459,05;1400394,41;6176722,73;6602875,11;24242066,57;
1424022;"Obryte (2)";2239569,68;1354497,69;2791996,20;4725342,11;2103670,10;5056185,91;4820872,14;6898012,80;9914904,37;12392923,01;
1424032;"Pokrzywnica (2)";4456201,73;1897101,71;2355382,54;3056265,22;3905042,03;10734794,82;6723812,81;9899234,43;10621761,69;21232944,91;
1424043;"Pułtusk (3)";21464606,57;6046074,11;11721137,83;21876490,91;24644351,57;13885203,43;17796155,79;21602785,75;29122471,18;48475777,38;
1424052;"Świercze (2)";1330023,76;1414298,76;2599331,73;1172660,92;3295928,63;2041144,94;6154724,59;3466565,88;13370818,62;16316453,41;
1424062;"Winnica (2)";971526,29;2454610,23;4838680,68;1364279,01;3686803,55;4477190,54;2321928,17;9868907,37;14148847,57;13523363,87;
1424072;"Zatory (2)";1790879,63;2291208,29;6477436,53;3048482,48;6049972,39;3080003,32;1352331,67;6853809,00;17337328,42;6442734,14;
1425000;"Powiat radomski";74149946,19;61126258,70;94018709,71;108397828,63;98184601,08;79849734,44;119220552,65;168201783,98;226875221,14;211267620,41;
1425011;"Pionki (1)";8676371,96;6793215,58;13081308,75;13130732,60;9740488,22;16432436,53;20569420,35;16091290,26;6718119,02;12040191,39;
1425022;"Gózd (2)";5569985,81;2658013,12;3510723,01;7434688,85;7026787,36;4133396,65;6136018,78;15270776,82;11246347,67;17061323,32;
1425033;"Iłża (3)";7259144,61;11512776,21;15752081,99;11299400,65;10846124,12;6124155,10;17231831,76;14869979,46;15165641,66;19418529,72;
1425042;"Jastrzębia (2)";2476980,87;2801762,58;6450838,57;8886211,26;6796618,92;2263539,73;2880946,76;13385994,11;11066460,06;13908521,17;
1425052;"Jedlińsk (2)";5636354,57;4459262,12;4759530,59;10611544,73;8193464,91;7741179,56;8509095,44;11893563,63;14824687,32;14381335,07;
1425062;"Jedlnia-Letnisko (2)";9962869,15;6809976,60;6883243,83;8025582,56;9856937,66;7100940,87;12668936,85;;;;
1425063;"Jedlnia-Letnisko (3)";;;;;;;;11930773,78;29325603,62;30983833,82;
1425072;"Kowala (2)";4758477,74;1759111,53;3100205,61;4705692,02;5498336,41;3304558,98;8422309,86;13508297,45;17285577,72;11704457,29;
1425082;"Pionki (2)";5592970,00;3972287,56;7768870,34;7495025,14;7722689,80;5306111,20;2923041,83;5422506,45;7165923,26;10961239,87;
1425092;"Przytyk (2)";7669471,02;1554120,25;2700397,35;6576030,83;2563063,95;2431783,65;4739914,55;11340348,27;30250863,99;;
1425093;"Przytyk (3)";;;;;;;;;;12759668,19;
1425103;"Skaryszew (3)";4189679,10;3805173,07;6922997,05;5606480,12;7718175,44;7640207,64;10422956,42;8764288,41;25198003,65;18572271,26;
1425112;"Wierzbica (2)";863820,37;2292688,29;4465410,80;7482369,39;4615041,12;1691596,49;3364561,07;6061008,95;4945771,21;11689833,52;
1425122;"Wolanów (2)";2537708,65;3192607,21;5402440,41;3612061,60;8830586,06;3644541,76;6028232,40;14264681,57;20034537,56;13210945,99;
1425132;"Zakrzew (2)";8956112,34;9515264,58;13220661,41;13532008,88;8776287,11;12035286,28;15323286,58;25398274,82;33647684,40;24575469,80;
1426000;"Powiat siedlecki";54576419,04;37048387,65;56882570,02;93403880,93;62980056,82;71346961,13;73640232,41;127071331,85;248107606,64;212022238,24;
1426012;"Domanice (2)";2187292,32;831923,00;1721168,44;1315105,84;691336,02;2129800,13;1761684,32;3404752,39;12886492,70;1472697,80;
1426022;"Korczew (2)";2254597,39;675826,71;3128383,22;1524775,61;2640396,77;5849556,02;2428140,18;9466458,93;13699115,52;13588892,38;
1426032;"Kotuń (2)";2824394,27;2724856,15;4782089,31;5735455,94;6316083,29;6771550,76;7295672,31;6207997,47;24955963,75;7283279,10;
1426042;"Mokobody (2)";2720712,15;3260303,58;3799041,98;5760243,93;2690114,05;4529064,97;2399492,40;10464678,28;17496742,12;14483077,46;
1426053;"Mordy (3)";1035100,13;1672455,08;3698284,75;8558244,66;1690031,43;1907780,78;3721196,93;5621387,69;19448079,19;16892672,04;
1426062;"Paprotnia (2)";2048760,45;650862,63;1141406,35;1095693,48;1394841,42;3983082,08;593276,75;8045670,65;17933481,74;14801385,89;
1426072;"Przesmyki (2)";3392307,68;1107378,31;639714,24;1847852,46;439246,43;3179697,66;3551251,95;2876672,11;8652104,49;7272586,41;
1426082;"Siedlce (2)";9830123,82;10211471,37;14241118,49;27147840,96;20449399,05;13952077,26;24510462,29;32041894,21;51422062,20;38830470,26;
1426092;"Skórzec (2)";5679576,97;4726275,47;6150322,98;10390421,31;4884966,99;9778449,77;5422062,26;12862407,72;20410711,74;23639968,78;
1426102;"Suchożebry (2)";7620392,42;2700194,26;5186140,27;10114688,76;5989425,25;2867552,18;3818338,88;4103081,63;4739585,26;11913375,04;
1426112;"Wiśniew (2)";4900720,07;3378247,60;4319971,76;6906141,68;7854978,99;3366330,54;3487609,95;9153131,62;31328538,63;18215524,80;
1426122;"Wodynie (2)";2972094,51;2829060,15;3424816,54;4430566,43;4011405,12;5102047,83;7302309,70;11877883,97;9008565,82;19599457,29;
1426132;"Zbuczyn (2)";7110346,86;2279533,34;4650111,69;8576849,87;3927832,01;7929971,15;7348734,49;10945315,18;16126163,48;24028850,99;
1427000;"Powiat sierpecki";22939509,42;20206317,12;25580849,41;43472560,70;30353112,81;25538727,68;24620234,02;44782092,52;78581208,49;116898357,69;
1427011;"Sierpc (1)";4926793,87;11064213,03;6171705,79;14501541,62;8924983,24;6430538,39;7164809,13;13538821,39;17908967,47;31291082,04;
1427022;"Gozdowo (2)";4336737,23;1719534,97;3569429,91;5019969,24;3005726,90;4091933,39;3163555,68;12285943,52;6232566,92;28268635,51;
1427032;"Mochowo (2)";2101115,50;3369486,01;5127512,65;9666848,14;5779305,94;4688753,27;4188581,30;3456143,03;9276724,07;14270152,18;
1427042;"Rościszewo (2)";5034005,76;1006547,03;2747570,38;6112308,37;2828174,55;2064804,93;1817638,39;5102711,94;11807516,23;10582047,27;
1427052;"Sierpc (2)";1036215,70;572056,39;1275508,27;1093105,33;1099165,77;838741,09;2600397,68;3189605,46;6062401,26;12042306,06;
1427062;"Szczutowo (2)";2707809,80;1091872,00;3306982,23;2979430,73;5186629,47;5098483,81;3363795,88;4475256,25;7671263,74;6701368,77;
1427072;"Zawidz (2)";2796831,56;1382607,69;3382140,18;4099357,27;3529126,94;2325472,80;2321455,96;2733610,93;19621768,80;13742765,86;
1428000;"Powiat sochaczewski";51858048,12;39697937,85;47638383,71;99061327,74;68786311,19;71775084,59;70267696,34;106630103,37;123210043,00;153692768,52;
1428011;"Sochaczew (1)";6469384,96;12693119,08;17716458,18;34465906,85;24414715,14;28520171,55;23851341,97;13679989,60;24797111,63;18596479,68;
1428022;"Brochów (2)";3292583,07;2282200,51;2786393,46;4696933,04;5295948,36;2386340,40;2178558,56;9447274,49;9937437,68;14393643,58;
1428032;"Iłów (2)";4525882,86;3764224,69;4828893,17;12032782,08;3734041,50;3831176,15;5451205,65;10156066,24;9594759,95;18584562,21;
1428042;"Młodzieszyn (2)";5700495,11;1173630,95;2541718,80;7080442,20;1689077,49;1909488,46;8701539,39;10802950,63;9703636,39;23670471,02;
1428052;"Nowa Sucha (2)";4350877,14;4297368,59;6231035,61;6148487,10;10527703,99;5483403,55;3855879,15;5655534,42;18473060,31;12802940,32;
1428062;"Rybno (2)";2735773,19;1940007,44;1894198,48;3151591,07;2749366,26;4513570,56;4639139,52;11245816,70;14723970,83;7265310,64;
1428072;"Sochaczew (2)";7573122,77;7396998,89;4163315,00;10425958,41;11648350,82;10912961,24;13386284,92;20388983,39;10681352,78;24934225,37;
1428082;"Teresin (2)";17209929,02;6150387,70;7476371,01;21059226,99;8727107,63;14217972,68;8203747,18;25253487,90;25298713,43;33445135,70;
1429000;"Powiat sokołowski";31200284,22;20151758,49;26465290,70;45705380,64;40102375,44;37398528,65;56767807,85;81710479,78;146523895,41;186344409,16;
1429011;"Sokołów Podlaski (1)";11269900,02;4122541,06;5459691,19;10043543,05;15659886,82;7726539,19;4995968,91;6589262,87;14863117,28;25465907,69;
1429022;"Bielany (2)";3044153,30;1307734,40;1884739,11;8166892,48;7796626,16;9402017,91;6338563,97;9314037,58;14440551,29;18630284,85;
1429032;"Ceranów (2)";1486773,31;4757628,68;524428,47;1142752,14;432670,82;660236,96;2159281,99;3111184,52;18851982,50;2900030,50;
1429042;"Jabłonna Lacka (2)";3053988,97;800229,86;3204313,29;5367573,39;3162978,40;3107778,09;11880629,25;17944954,73;9360623,01;30117456,97;
1429053;"Kosów Lacki (3)";3068961,16;2639096,02;2259597,12;5027744,30;3675226,86;2890408,25;3159992,25;14543800,95;15439484,88;24841881,42;
1429062;"Repki (2)";2248511,05;3171157,46;4161346,77;5642506,09;5473062,66;8532629,33;11509939,95;10438740,29;18941509,77;14354863,46;
1429072;"Sabnie (2)";984708,83;2438187,64;2740681,74;2902267,39;1651727,02;1668765,64;1771596,42;3437514,47;20027612,43;19948512,76;
1429082;"Sokołów Podlaski (2)";5017462,48;555904,18;1162492,38;3870256,15;766431,36;1434822,00;11869669,22;6419854,61;22483937,25;27226960,34;
1429092;"Sterdyń (2)";1025825,10;359279,19;5068000,63;3541845,65;1483765,34;1975331,28;3082165,89;9911129,76;12115077,00;22858511,17;
1430000;"Powiat szydłowiecki";21673775,00;13616635,14;15584551,21;37044162,29;24089008,74;14841264,67;26138230,50;36656415,49;38575606,90;58763713,74;
1430012;"Chlewiska (2)";11844642,55;2209130,91;1003842,86;4554177,87;1880189,05;1085274,26;3537326,59;3611324,89;6884665,25;12131409,98;
1430022;"Jastrząb (2)";650023,45;2687853,08;3153656,62;9275689,08;6744206,38;1570687,49;3615877,86;6581191,90;;;
1430023;"Jastrząb (3)";;;;;;;;;13933406,87;10779338,44;
1430032;"Mirów (2)";1393945,28;2085751,19;2600994,88;8233849,74;1967430,37;2428436,36;3844251,96;3281846,59;2434703,18;8969878,84;
1430042;"Orońsko (2)";543228,93;2575975,16;1728704,14;3597976,81;2827891,46;2793404,41;4665509,86;8011980,90;3724429,16;6817019,32;
1430053;"Szydłowiec (3)";7241934,79;4057924,80;7097352,71;11382468,79;10669291,48;6963462,15;10475264,23;15170071,21;11598402,44;20066067,16;
1432000;"Powiat warszawski zachodni";89850008,41;125651718,74;158279673,70;179180328,75;141270171,13;103179341,80;142694494,88;209755808,14;305700083,57;232170751,25;
1432013;"Błonie (3)";17930338,81;19300148,04;20312129,92;38846765,44;38917769,53;23789065,12;12124295,66;31581340,71;49993872,72;30969321,36;
1432022;"Izabelin (2)";2380779,19;3466433,80;5467034,42;16262181,24;7198817,02;6195731,81;16811846,42;20491456,88;37189582,86;28389495,52;
1432032;"Kampinos (2)";4041436,46;1673290,32;3177974,13;8703405,79;5067190,00;6353944,99;6823165,72;3423737,06;5439369,50;15859737,60;
1432042;"Leszno (2)";6447733,72;8124210,09;8921117,01;9473719,42;6444777,32;5710558,63;11705272,28;28120109,15;35762475,31;21288958,39;
1432053;"Łomianki (3)";20213374,31;34499528,42;45984460,54;36630693,08;18248871,11;23871177,73;32077184,33;25558572,30;20393776,39;40093094,30;
1432063;"Ożarów Mazowiecki (3)";25258226,40;33610723,68;43478132,77;46394020,73;47887359,90;17321608,82;49876325,52;67302633,27;81689679,70;54755612,71;
1432072;"Stare Babice (2)";13578119,52;24977384,39;30938824,91;22869543,05;17505386,25;19937254,70;13276404,95;33277958,77;75231327,09;40814531,37;
1433000;"Powiat węgrowski";27988047,68;22442141,20;41129286,74;68048479,23;70938744,91;54157074,50;58775274,10;83925481,88;189695166,83;152678473,58;
1433011;"Węgrów (1)";3844867,84;4816868,81;7527142,86;17225563,63;6450192,77;16082475,46;20322229,68;27571953,38;34675955,82;14843200,51;
1433022;"Grębków (2)";769344,41;599348,95;1443757,79;2318333,82;1381082,87;1195704,12;2350690,31;4910896,26;19748445,80;17159989,79;
1433032;"Korytnica (2)";3687610,55;3525103,64;7029183,02;11462935,43;6667857,35;2805888,83;8174999,13;9093178,22;22369120,83;11910746,12;
1433042;"Liw (2)";1787182,63;3225942,09;3874423,68;2792698,22;8872057,74;8627518,40;5971914,38;13870326,28;29116804,63;20981877,26;
1433053;"Łochów (3)";13591056,19;5511416,26;14095504,60;23761977,97;22760063,26;14178701,06;8740143,32;10109111,50;14579602,26;23774055,82;
1433062;"Miedzna (2)";648709,92;1239542,17;872394,51;1138538,78;4851607,47;1777395,27;4899030,85;3949007,07;16140060,48;10288851,32;
1433072;"Sadowne (2)";2776456,39;1963276,93;3265922,81;7981314,47;5992243,50;5138199,66;4095400,82;6197792,02;18674769,21;20635439,47;
1433082;"Stoczek (2)";596134,83;1160943,65;2706180,64;1193584,87;10895172,57;2286857,59;1316014,13;2963337,77;12797947,14;15528413,94;
1433092;"Wierzbno (2)";286684,92;399698,70;314776,83;173532,04;3068467,38;2064334,11;2904851,48;5259879,38;21592460,66;17555899,35;
1434000;"Powiat wołomiński";114000847,78;139263815,42;191648535,66;262450768,37;260659696,54;211263498,67;214986331,60;303487520,08;450683414,44;370192535,94;
1434011;"Kobyłka (1)";14325324,57;15164443,38;16643326,29;35245109,25;24906403,82;12699726,46;23915066,97;34899474,81;45114782,23;65030511,09;
1434021;"Marki (1)";9377370,32;17670446,41;36522982,94;40474755,76;33603615,09;18339902,12;20846471,44;31631314,67;39898231,92;51272566,44;
1434031;"Ząbki (1)";28286267,64;23800044,52;16315420,57;34161809,19;51299126,08;65315657,96;37970117,21;34821980,32;74567790,99;52196891,01;
1434041;"Zielonka (1)";2739050,66;6611203,43;13500293,18;25107625,39;7831898,89;15056640,51;12889507,74;16837952,56;33213970,96;5787029,15;
1434052;"Dąbrówka (2)";4421782,92;4691999,40;9821661,77;11400002,34;4254861,04;4334356,66;6215204,10;8274397,68;7580983,55;11357212,94;
1434062;"Jadów (2)";4946832,59;4037428,02;7920581,34;6405633,31;10582578,85;5231688,19;5566221,42;8466556,78;;;
1434063;"Jadów (3)";;;;;;;;;21869742,38;18712225,80;
1434072;"Klembów (2)";3247193,73;9190962,74;10550855,41;13191827,28;18795612,64;15807420,81;15930037,99;13696946,94;40688183,67;26554885,11;
1434082;"Poświętne (2)";1061138,94;2971700,75;4679335,32;6404369,66;2236280,54;3525052,54;4109930,04;12528180,35;20033053,23;24507314,99;
1434093;"Radzymin (3)";21006761,80;22711275,97;26399030,39;36150695,26;23710941,25;35445428,99;46159883,61;68212080,97;64754246,41;41518922,14;
1434102;"Strachówka (2)";642804,00;1472408,61;2866599,07;5250363,18;4600346,33;1793244,50;2516439,30;4643156,27;13914213,92;11179315,87;
1434113;"Tłuszcz (3)";6087807,12;6439044,30;17921018,62;17071128,50;30634816,92;13277980,67;15956751,58;27814250,47;34985463,05;26915093,39;
1434123;"Wołomin (3)";17858513,49;24502857,89;28507430,76;31587449,25;48203215,09;20436399,26;22910700,20;41661228,26;54062752,13;35160568,01;
1435000;"Powiat wyszkowski";66697546,02;44517464,11;48555159,57;87194419,08;74062612,32;40406020,20;52131673,65;71018485,47;119389049,03;122996805,96;
1435012;"Brańszczyk (2)";5600029,42;2929439,27;3361863,60;4407424,35;7126742,00;2522660,17;14126459,54;4147891,96;9757303,73;17323341,09;
1435022;"Długosiodło (2)";11883543,66;4292243,45;3807603,10;10540547,54;17757800,93;6679696,37;4318154,20;17189814,10;10393264,48;9499553,28;
1435032;"Rząśnik (2)";10979678,88;2916790,03;3339582,13;2175508,31;3527110,85;3281531,95;4288645,16;5048657,37;8788616,53;20763837,07;
1435042;"Somianka (2)";14325159,43;2301610,02;1665043,53;7785561,80;12312868,98;3607162,33;4189899,55;3475192,20;29627531,70;10824161,05;
1435053;"Wyszków (3)";21839098,58;29642577,42;33387919,84;59145553,94;28068974,43;21798001,15;16323044,14;31699247,35;36272943,26;45261742,69;
1435062;"Zabrodzie (2)";2070036,05;2434803,92;2993147,37;3139823,14;5269115,13;2516968,23;8885471,06;9457682,49;24549389,33;19324170,78;
1436000;"Powiat zwoleński";15124906,41;12180938,07;27261749,77;30810118,23;17584214,25;12595673,54;21929276,67;43586139,59;77063285,54;65006800,27;
1436012;"Kazanów (2)";1637906,64;1600373,96;4028144,96;4482122,59;2219281,29;1943279,00;3788492,97;5097603,79;16526514,13;11774486,01;
1436022;"Policzna (2)";2364673,48;1233549,28;4346576,33;7323239,23;3484877,42;685728,05;2685675,81;8933764,98;10739160,24;11510379,86;
1436032;"Przyłęk (2)";2498601,90;1961804,59;3240964,69;3730132,64;5564517,66;2563601,70;5562930,22;9494519,08;12410791,80;6615852,13;
1436042;"Tczów (2)";2607989,62;1222966,72;3887919,75;2093822,52;1498688,87;1159327,29;1079212,83;4642594,32;4355749,38;16067614,02;
1436053;"Zwoleń (3)";6015734,77;6162243,52;11758144,04;13180801,25;4816849,01;6243737,50;8812964,84;15417657,42;33031069,99;19038468,25;
1437000;"Powiat żuromiński";7500682,70;10500208,74;17769733,76;18459008,38;10988585,41;11024727,73;17135966,77;38394494,32;51357103,22;34841199,94;
1437013;"Bieżuń (3)";442365,64;324099,11;554566,42;769561,10;829230,43;1123300,33;527343,68;9122412,03;8063394,43;2242841,95;
1437022;"Kuczbork-Osada (2)";2865189,52;630879,21;1462686,72;4390903,14;633365,85;458265,74;1328640,11;7015462,56;8033517,25;8712278,15;
1437032;"Lubowidz (2)";2084053,00;2732923,33;4660267,32;3983692,11;;;;;;;
1437033;"Lubowidz (3)";;;;;3639471,05;3035702,56;5052190,37;1613013,20;12023495,50;3933643,66;
1437042;"Lutocin (2)";403030,35;977711,46;662391,97;1291469,50;661989,70;874908,94;2757872,07;5450159,14;4573591,47;4498098,67;
1437052;"Siemiątkowo (2)";275677,64;2249512,25;560319,41;1850313,60;946326,30;2476944,86;2571783,79;7532323,48;8909181,98;1999164,67;
1437063;"Żuromin (3)";1430366,55;3585083,38;9869501,92;6173068,93;4278202,08;3055605,30;4898136,75;7661123,91;9753922,59;13455172,84;
1438000;"Powiat żyrardowski";38839932,87;26881183,15;43893548,68;137929335,78;86563099,56;78414311,94;89888102,15;131184296,30;151587683,19;152158645,13;
1438011;"Żyrardów (1)";2748631,57;9372428,43;25219071,55;74361874,56;35659203,80;51873533,42;43118954,63;50563535,77;58838521,21;75970265,19;
1438023;"Mszczonów (3)";16919134,30;8285039,32;8300698,13;21079733,55;14531981,18;12036832,85;22349716,50;42453264,55;47739682,11;25637215,37;
1438032;"Puszcza Mariańska (2)";4305981,72;2811519,07;2558613,64;6282847,93;10066020,12;6426021,09;5467300,13;4338399,66;9360879,54;12733768,36;
1438042;"Radziejowice (2)";3289377,30;2616895,00;4032920,75;20706336,37;14271081,25;3719979,69;5057702,79;10057243,73;14482666,79;8731788,64;
1438052;"Wiskitki (2)";11576807,98;3795301,33;3782244,61;15498543,37;12034813,21;4357944,89;;;;;
1438053;"Wiskitki (3)";;;;;;;13894428,10;23771852,59;21165933,54;29085607,57;
1461000;"Powiat m. Ostrołęka";28523391,23;9417862,37;17863988,72;42607997,00;43209811,34;22493637,77;41256437,90;44424686,24;28420422,61;66702763,96;
1461011;"Ostrołęka (1)";28523391,23;9417862,37;17863988,72;42607997,00;43209811,34;22493637,77;41256437,90;44424686,24;28420422,61;66702763,96;
1462000;"Powiat m. Płock";101323043,34;64865395,90;122857181,33;267858836,50;124381299,11;115025142,28;109459590,65;154025175,20;189878512,38;229380250,22;
1462011;"Płock (1)";101323043,34;64865395,90;122857181,33;267858836,50;124381299,11;115025142,28;109459590,65;154025175,20;189878512,38;229380250,22;
1463000;"Powiat m. Radom";162271630,48;76497484,42;84697809,26;124026708,78;208332879,86;199701232,97;107311929,38;87514224,11;86555702,32;264263751,39;
1463011;"Radom (1)";162271630,48;76497484,42;84697809,26;124026708,78;208332879,86;199701232,97;107311929,38;87514224,11;86555702,32;264263751,39;
1464000;"Powiat m. Siedlce";105088486,47;33405003,18;36533917,94;84300406,80;28060856,54;26569518,35;31731711,34;63895734,06;57429638,60;64593141,56;
1464011;"Siedlce (1)";105088486,47;33405003,18;36533917,94;84300406,80;28060856,54;26569518,35;31731711,34;63895734,06;57429638,60;64593141,56;
1465000;"Powiat m. st. Warszawa";1318029329,59;1237774655,26;1839067664,23;2094521295,37;2325470959,59;2240802928,30;1789873757,46;1718391176,94;2855543373,74;2471534131,27;
1465011;"M.st.Warszawa od 2002 (1)";1318029329,59;1237774655,26;1839067664,23;2094521295,37;2325470959,59;2240802928,30;1789873757,46;1718391176,94;2855543373,74;2471534131,27;
1600000;"OPOLSKIE";398558875,10;337552151,34;481146675,43;865670962,55;940631603,31;736740378,13;705650680,63;961632661,01;1104901234,93;1322917610,47;
1601000;"Powiat brzeski";33957091,52;22930691,41;38774194,85;108005866,09;77874337,86;54860707,90;38387596,34;66106085,60;87116491,83;112466833,38;
1601011;"Brzeg (1)";7988514,92;8844776,37;13014970,00;42018068,50;38198928,84;20315229,79;8120384,20;14986913,40;22597843,17;49377828,44;
1601022;"Skarbimierz (2)";11409027,85;4150988,77;9661509,76;24783731,34;13094542,14;17653450,12;9458149,59;12968962,68;20242072,34;14826265,50;
1601033;"Grodków (3)";8998048,86;5764975,20;7154757,10;19430010,26;18735250,99;9787042,52;7909572,67;13282275,62;19782620,58;22605504,30;
1601043;"Lewin Brzeski (3)";2007119,07;1839651,97;3708305,06;9032325,11;5302120,19;3242664,86;9808917,94;14070256,39;10479005,63;13595828,03;
1601052;"Lubsza (2)";2866072,99;1069976,42;754106,18;8098884,69;1458083,02;2376108,49;1567779,80;6938427,89;4307867,92;5183999,68;
1601062;"Olszanka (2)";688307,83;1260322,68;4480546,75;4642846,19;1085412,68;1486212,12;1522792,14;3859249,62;9707082,19;6877407,43;
1602000;"Powiat głubczycki";9912184,03;12894189,59;28500881,84;29760109,91;26295794,06;12750392,15;17690166,80;54638986,26;46267931,35;52871830,56;
1602013;"Baborów (3)";1922420,45;2535769,10;5052133,21;6217266,94;3643415,87;1326872,72;3243984,63;3117479,40;7240752,37;5602206,40;
1602022;"Branice (2)";2237940,26;1124256,21;6823523,73;10400711,90;7463216,57;1040175,46;2813930,27;15105366,56;5929522,55;18389888,60;
1602033;"Głubczyce (3)";4030783,98;8010046,85;14565337,04;10342076,34;11332121,12;7818286,29;8112796,82;26264361,09;15521799,91;7886980,24;
1602043;"Kietrz (3)";1721039,34;1224117,43;2059887,86;2800054,73;3857040,50;2565057,68;3519455,08;10151779,21;17575856,52;20992755,32;
1603000;"Powiat kędzierzyńsko-kozielski";48364893,81;43529851,08;61650532,83;84385554,98;99061532,60;48629594,12;48828594,53;77921861,87;91543000,54;157706420,53;
1603011;"Kędzierzyn-Koźle (1)";34948458,31;28367190,43;47926115,72;66615032,71;73810471,94;28231264,84;26441009,53;50392051,96;45226199,91;104357230,23;
1603022;"Bierawa (2)";5576867,44;7431296,73;5793560,37;4317576,78;3570551,63;2963790,09;6246319,92;7037685,81;7646434,69;11629832,52;
1603032;"Cisek (2)";2083209,33;428308,67;560866,03;2117207,68;4413019,48;593297,45;1095194,58;1558149,48;5871755,96;3956691,05;
1603042;"Pawłowiczki (2)";2948261,50;926228,97;3547179,71;2661308,94;5116635,09;3807807,72;4489169,99;6995339,52;5548466,02;7782409,41;
1603052;"Polska Cerekiew (2)";182391,64;864987,65;1023247,63;2031784,13;4645370,32;2288675,53;2782156,55;1396062,21;7650372,95;3449810,79;
1603062;"Reńska Wieś (2)";2625705,59;5511838,63;2799563,37;6642644,74;7505484,14;10744758,49;7774743,96;10542572,89;19599771,01;26530446,53;
1604000;"Powiat kluczborski";32415847,70;17617100,16;23702514,02;40313753,66;40199486,57;27605435,16;28605497,86;29154385,15;46247506,40;62194601,94;
1604013;"Byczyna (3)";9401745,74;2446248,78;3059409,58;9036832,47;2373697,59;5188191,20;3112962,49;2481496,61;6500106,75;23429481,71;
1604023;"Kluczbork (3)";16459413,84;9016376,28;13805192,71;19000313,22;28081662,69;15301731,72;13357142,06;17240963,32;17918154,81;24004341,32;
1604032;"Lasowice Wielkie (2)";3457040,49;4127109,60;3549222,56;6110383,81;4241366,84;3685261,60;3351020,93;5809630,47;5191976,62;3772368,30;
1604043;"Wołczyn (3)";3097647,63;2027365,50;3288689,17;6166224,16;5502759,45;3430250,64;8784372,38;3622294,75;16637268,22;10988410,61;
1605000;"Powiat krapkowicki";25081295,32;19973523,81;28682536,76;38306717,71;29996797,56;43084972,05;39305518,78;63442596,85;72531143,11;75521753,08;
1605013;"Gogolin (3)";3418857,20;6770349,28;11143998,39;13692180,28;4679459,83;5352334,65;8000536,73;13792933,34;22875698,54;30940448,97;
1605023;"Krapkowice (3)";5258674,51;5550388,70;7546492,35;9728506,05;7594612,23;23561996,87;9597970,66;25649383,55;10505087,54;18166444,56;
1605032;"Strzeleczki (2)";9020928,73;1877109,79;2613430,24;3713640,31;4666688,73;5992950,17;3814346,06;8708167,08;16001294,10;;
1605033;"Strzeleczki (3)";;;;;;;;;;12422704,14;
1605042;"Walce (2)";3563975,70;2048599,63;1836709,45;5465259,94;7317426,55;3300644,98;13407151,66;5559340,63;12806095,69;3463282,50;
1605053;"Zdzieszowice (3)";3818859,18;3727076,41;5541906,33;5707131,13;5738610,22;4877045,38;4485513,67;9732772,25;10342967,24;10528872,91;
1606000;"Powiat namysłowski";12658029,24;10420933,86;20992522,83;27791760,45;22518509,05;16345674,47;20440597,55;48261266,79;67034927,24;69381173,66;
1606012;"Domaszowice (2)";2204616,18;81726,45;330814,69;2351498,21;1746660,62;649988,47;1394140,53;5578274,85;7871955,74;17304217,06;
1606023;"Namysłów (3)";6705847,41;7519459,99;12230521,12;19988680,10;14131428,11;6076148,15;11734542,31;21244258,14;26418042,06;33356037,88;
1606032;"Pokój (2)";2253853,28;1290388,58;3832154,64;1389512,34;1376203,26;7046868,93;3069742,51;15161591,99;16902702,18;11808928,77;
1606042;"Świerczów (2)";504140,74;57079,40;841585,67;612728,56;1755309,57;1071666,78;1434496,70;4659045,59;7614645,57;763770,20;
1606052;"Wilków (2)";989571,63;1472279,44;3757446,71;3449341,24;3508907,49;1501002,14;2807675,50;1618096,22;8227581,69;6148219,75;
1607000;"Powiat nyski";57026736,38;42407345,12;57737468,85;108524984,66;145472669,06;116036928,99;88337521,03;115434383,85;148566798,71;190608545,59;
1607013;"Głuchołazy (3)";6209267,20;4628797,67;6501446,41;13627435,42;16373581,37;7285770,74;8887022,86;15441677,20;30640979,35;40394639,01;
1607022;"Kamiennik (2)";2124395,75;477041,97;1116166,04;1330248,99;991093,37;1247589,71;2353039,71;7266163,02;7893401,56;6680806,33;
1607033;"Korfantów (3)";2267235,09;2615188,96;3423841,07;4997547,25;12227961,18;5473176,38;4949789,42;9890319,97;8363891,44;17477677,65;
1607042;"Łambinowice (2)";648623,00;1053793,86;2314427,50;1277383,09;1864301,92;2082712,41;2769361,94;8558253,35;11317362,63;16025911,90;
1607053;"Nysa (3)";40413474,55;26728312,41;30879478,12;41732524,37;74283227,86;77684470,61;44545045,48;49511602,99;57036608,70;53717985,87;
1607063;"Otmuchów (3)";1092870,15;3404417,49;5911696,92;19592482,20;16612078,44;9040133,28;15362886,73;11528884,31;8732066,48;5569760,45;
1607073;"Paczków (3)";1706478,72;1619245,14;3903297,04;15006004,16;16651593,37;4936210,17;4884674,48;4387084,63;8981739,70;16937518,05;
1607082;"Pakosławice (2)";400279,64;1099945,20;1490756,10;1888517,19;1140243,12;879746,21;1674200,43;1457895,17;2580535,11;6022811,03;
1607092;"Skoroszyce (2)";2164112,28;780602,42;2196359,65;9072841,99;5328588,43;7407119,48;2911499,98;7392503,21;13020213,74;27781435,30;
1608000;"Powiat oleski";37576548,32;21067237,76;22459731,89;42814881,64;53060548,60;33280682,92;25121946,45;44052199,13;73858381,66;108252122,72;
1608013;"Dobrodzień (3)";6300871,50;4729724,25;2924244,72;9113099,75;7947637,48;4888379,29;2965561,12;9023905,89;9019669,67;17075582,92;
1608023;"Gorzów Śląski (3)";2889426,26;1969330,94;1317998,85;2371614,24;1889046,03;3834161,36;2167145,06;5275754,12;12917502,04;13200201,57;
1608033;"Olesno (3)";13545330,49;7038277,93;7549772,50;12380859,93;18573096,35;7648135,09;6118261,29;4685939,23;21806453,52;44435593,29;
1608043;"Praszka (3)";5270721,97;2369432,21;3862115,69;5556763,57;10881546,63;8788485,66;2602499,81;7002042,53;7026778,42;8310504,63;
1608052;"Radłów (2)";1274392,40;1977317,89;2530086,89;1986283,98;3045024,25;3653178,87;2619826,59;5511393,36;8388810,82;5368416,77;
1608062;"Rudniki (2)";3110342,46;1916741,05;3135435,01;8123683,77;7203303,78;3509514,88;5390599,11;8681404,95;11648804,25;15411048,61;
1608072;"Zębowice (2)";5185463,24;1066413,49;1140078,23;3282576,40;3520894,08;958827,77;3258053,47;3871759,05;3050362,94;4450774,93;
1609000;"Powiat opolski";44526201,63;26089473,30;43185895,94;75707605,22;74948038,17;56277491,01;93883175,63;147288282,22;141070345,85;157029415,05;
1609012;"Chrząstowice (2)";1667446,45;758186,30;880851,34;3590197,96;7190102,69;1870310,61;5463076,80;14493203,02;9050145,85;11914078,35;
1609022;"Dąbrowa (2)";1462410,11;1074595,20;1524537,63;2478111,35;5550814,34;3457344,81;10085330,76;8190275,52;10727790,96;10921285,03;
1609032;"Dobrzeń Wielki (2)";13127477,88;8265496,18;5995980,27;6815693,19;10767929,30;6628769,62;3887239,56;11565141,65;12046013,74;9716552,28;
1609042;"Komprachcice (2)";2869533,63;1344245,50;1231401,71;5350410,39;2922211,03;6957752,38;5437517,48;6658728,16;12359522,91;9859922,21;
1609052;"Łubniany (2)";6972393,41;1945567,05;2623996,72;8796096,95;8453977,66;8546769,89;6275423,84;13230706,59;3367162,88;10721573,61;
1609062;"Murów (2)";3507795,52;547602,59;898446,68;3590698,33;5242334,37;1067772,79;5006199,29;5819714,29;3614914,44;12075487,07;
1609073;"Niemodlin (3)";1328280,41;2135594,36;5998819,94;11733771,36;5128578,53;3067529,24;16567631,73;16981683,42;12506755,72;20334919,19;
1609083;"Ozimek (3)";2798043,69;2514991,38;2314502,23;4660841,64;3060974,52;4733860,44;12740763,83;9866056,11;13583818,78;24615648,84;
1609092;"Popielów (2)";3500206,44;1268627,49;7890946,27;11814442,10;3155925,59;7083056,69;7257023,66;21774448,58;19349483,23;16536270,96;
1609103;"Prószków (3)";3039432,49;1353409,24;1296162,37;2224942,11;10670088,70;6740494,18;1946307,77;13487958,39;6955387,25;4177899,01;
1609112;"Tarnów Opolski (2)";863908,53;862182,70;4234478,57;4167415,05;5956686,15;1368878,30;1675149,47;9618881,97;11870205,11;8821155,53;
1609122;"Tułowice (2)";1930357,03;1520959,84;3667081,10;;;;;;;;
1609123;"Tułowice (3)";;;;2727940,06;4311243,17;1638942,20;3913858,15;2484808,23;9755942,47;3704267,77;
1609132;"Turawa (2)";1458916,04;2498015,47;4628691,11;7757044,73;2537172,12;3116009,86;13627653,29;13116676,29;15883202,51;13630355,20;
1610000;"Powiat prudnicki";13939109,62;17667019,70;19808488,45;54069722,37;43689179,27;25753964,37;22846801,29;48621222,84;60314978,56;67999980,86;
1610013;"Biała (3)";2372875,16;2585818,02;6004407,39;12942252,37;15630966,91;8582902,36;12500375,95;22924505,34;20849065,84;12743258,64;
1610023;"Głogówek (3)";3246530,60;5053456,93;4949673,08;14039983,06;6570022,66;5600546,49;3514578,52;5165661,83;12976066,62;19672939,90;
1610032;"Lubrza (2)";1371298,86;730641,87;1351707,23;4637869,19;2004325,32;2321534,71;1581919,75;4472427,26;14556859,62;1873967,67;
1610043;"Prudnik (3)";6948405,00;9297102,88;7502700,75;22449617,75;19483864,38;9248980,81;5249927,07;16058628,41;11932986,48;33709814,65;
1611000;"Powiat strzelecki";16908950,98;16574230,45;29806440,92;52680761,07;54591728,94;35008458,45;56216344,97;49788326,15;83115166,59;98613413,46;
1611012;"Izbicko (2)";1157294,08;345809,29;984390,56;1930351,40;7675992,04;2241767,79;3088130,77;8476317,60;7583269,61;4331253,96;
1611022;"Jemielnica (2)";1429021,58;561552,10;3509314,22;3269764,18;1041138,20;5178947,07;9041192,40;2613439,67;9564650,35;12542085,99;
1611033;"Kolonowskie (3)";2002792,36;3009252,82;1694878,96;3510571,52;1902772,47;3512076,12;4518949,08;5764659,92;5429126,27;8341583,83;
1611043;"Leśnica (3)";1664122,65;3207609,75;2759737,83;5753323,09;13017223,38;2083604,11;6514461,13;7103712,18;10535904,18;12284594,44;
1611053;"Strzelce Opolskie (3)";6310328,05;5156541,43;10029725,80;16389594,44;18004058,45;9358968,33;16625505,12;12960993,23;31479869,11;44548985,31;
1611063;"Ujazd (3)";2735930,22;2548098,71;8127101,54;21666280,23;10901721,11;8117991,86;11352918,29;8062887,59;12350804,27;12843336,26;
1611073;"Zawadzkie (3)";1609462,04;1745366,35;2701292,01;160876,21;2048823,29;4515103,17;5075188,18;4806315,96;6171542,80;3721573,67;
1661000;"Powiat m. Opole";66191986,55;86380555,10;105845466,25;203309244,79;272922981,57;267106076,54;225986919,40;216923064,30;187234563,09;170271519,64;
1661011;"Opole (1)";66191986,55;86380555,10;105845466,25;203309244,79;272922981,57;267106076,54;225986919,40;216923064,30;187234563,09;170271519,64;
1800000;"PODKARPACKIE";1305073793,96;863540971,65;1496710214,13;2404407038,58;2087267381,79;1887626509,52;1861514102,49;2436475611,38;3776564220,69;3897442185,96;
1801000;"Powiat bieszczadzki";4943982,00;9680014,09;15584820,72;23232554,66;25080190,66;12157135,77;15309309,91;23065596,13;43573857,58;20048033,11;
1801032;"Czarna (2)";394581,48;229381,73;499199,72;812787,90;2622043,81;1540265,39;1101701,54;3450269,23;13332277,89;5412372,04;
1801052;"Lutowiska (2)";276921,24;613040,88;682464,30;1981176,50;1125953,69;1869421,36;1997310,98;1694849,61;4071743,91;5748545,75;
1801083;"Ustrzyki Dolne (3)";4272479,28;8837591,48;14403156,70;20438590,26;21332193,16;8747449,02;12210297,39;17920477,29;26169835,78;8887115,32;
1802000;"Powiat brzozowski";13378002,04;14357070,30;23077521,97;61375283,83;36136293,37;31180725,71;38848675,99;46807157,36;104686635,78;107168088,58;
1802013;"Brzozów (3)";2552688,56;2429554,97;8877321,75;11261628,87;5997441,23;10460635,52;12708552,47;10807303,87;19527890,85;18000965,45;
1802022;"Domaradz (2)";910205,16;1033781,15;2353138,37;3911631,66;1403339,11;2020841,94;4051497,43;4047260,63;15144804,21;18043301,53;
1802032;"Dydnia (2)";2060593,18;2568945,64;2051113,94;12074646,20;5621076,16;5570061,58;8014191,70;10805802,32;18433618,75;14376514,27;
1802042;"Haczów (2)";4939104,48;4224167,25;5371862,25;8187411,09;6820593,29;6262505,54;7893673,49;11834050,17;22362842,20;15402020,71;
1802052;"Jasienica Rosielna (2)";889021,51;2210068,85;2807153,33;22608273,89;15518548,91;5579670,50;4275303,43;4396824,17;11848690,64;19682861,29;
1802062;"Nozdrzec (2)";2026389,15;1890552,44;1616932,33;3331692,12;775294,67;1287010,63;1905457,47;4915916,20;17368789,13;21662425,33;
1803000;"Powiat dębicki";54980640,84;53221358,39;77537725,73;138553583,90;145508192,72;103182863,06;62758824,99;81472028,09;170436700,30;170868032,02;
1803011;"Dębica (1)";11101114,21;10473953,75;18499213,01;36476795,93;47369349,76;34275231,39;10778697,50;17908677,16;35089091,21;48750620,79;
1803023;"Brzostek (3)";5235436,00;6045546,55;4334221,55;9803788,78;15300159,40;3983075,23;5992057,85;7169120,80;30853047,19;20646486,85;
1803032;"Czarna (2)";6038412,68;4058668,52;5068191,70;20100231,68;5605317,78;4021883,87;6474603,25;9497639,44;19423583,19;9904820,35;
1803042;"Dębica (2)";13726560,26;19700759,42;20181135,57;34267746,88;21409962,47;36930970,13;21976472,33;16519282,86;31104159,94;31567939,47;
1803052;"Jodłowa (2)";3072155,29;2052520,06;5728953,98;4786405,64;15913996,08;7882967,96;2711537,41;5790556,05;16755845,68;9818787,19;
1803063;"Pilzno (3)";10033033,22;6874974,30;11411354,56;21759929,39;15055547,48;4440281,79;6305198,73;13948458,73;19077401,10;24191499,26;
1803072;"Żyraków (2)";5773929,18;4014935,79;12314655,36;11358685,60;24853859,75;11648452,69;8520257,92;10638293,05;18133571,99;25987878,11;
1804000;"Powiat jarosławski";43329800,05;38429553,11;63675200,64;118354841,46;66477760,55;77079586,12;92369897,68;114662379,91;214668911,88;217829207,29;
1804011;"Jarosław (1)";7115585,29;10957865,07;18611846,95;30942176,62;21540801,62;22816232,17;30358929,82;34114470,37;27883442,18;52535132,58;
1804021;"Radymno (1)";1348651,73;1609225,70;2941357,25;13640891,69;3647278,87;5246408,28;3798312,31;4593633,90;15164005,33;12203296,24;
1804032;"Chłopice (2)";4998088,29;1846985,97;2071162,51;2082669,64;1277596,20;6360269,06;1323289,97;3247579,35;8411675,22;22917214,05;
1804042;"Jarosław (2)";5398416,92;3944742,31;6937860,52;11086685,76;8874823,93;10733058,85;7329565,70;15409430,94;43609766,90;23056703,94;
1804052;"Laszki (2)";2383315,77;2069871,99;4106760,19;10172647,37;3962883,04;3087181,97;5992772,77;10655126,23;15662204,27;20970205,51;
1804062;"Pawłosiów (2)";5239560,13;1070069,66;3188049,99;4291383,44;1496594,08;2656310,77;6403195,80;5928772,04;9298885,63;3213030,17;
1804073;"Pruchnik (3)";4015129,05;5159674,98;8825099,07;22702819,08;8209703,65;8156285,71;10916269,15;7848896,07;21504619,19;18241455,96;
1804082;"Radymno (2)";6387833,96;2098457,01;8473450,72;9229974,86;7291455,34;8074420,27;16057163,05;16022972,08;17628228,73;15004213,66;
1804092;"Rokietnica (2)";795530,83;1749522,27;1869343,33;3551954,88;4963805,54;1312782,30;3535412,23;2891764,14;7998985,86;16031096,18;
1804102;"Roźwienica (2)";1615609,24;1464691,18;471965,81;1331365,26;1086154,92;2692953,46;1673114,52;1536568,98;14485263,60;17882004,50;
1804112;"Wiązownica (2)";4032078,84;6458446,97;6178304,30;9322272,86;4126663,36;5943683,28;4981872,36;12413165,81;33021834,97;15774854,50;
1805000;"Powiat jasielski";53097404,11;41919331,85;69317129,68;80994817,99;42686969,29;61249739,48;71583141,39;103771591,53;195703394,72;218771085,69;
1805011;"Jasło (1)";19620128,23;14002247,50;29107162,98;10066740,16;19293472,44;21113761,04;24755229,34;16472407,16;31258876,96;65636442,89;
1805022;"Brzyska (2)";2862443,72;2211334,48;3792122,34;3603517,01;1298653,42;1430101,72;2683046,15;10886416,77;25909480,30;6961932,42;
1805032;"Dębowiec (2)";3991313,47;2547288,14;4812576,87;5241348,54;3500766,72;5969628,39;7036316,77;10077758,07;21199773,15;17268377,47;
1805042;"Jasło (2)";5893229,70;4459694,50;7584299,34;11565827,99;2685827,32;7270858,90;11233377,48;24722121,85;29899447,65;24119125,79;
1805053;"Kołaczyce (3)";4975877,84;5804309,62;6837893,52;10193711,03;3279186,10;4797558,36;6454604,40;7905679,35;23618910,39;12963050,30;
1805062;"Krempna (2)";511702,46;332199,56;977619,83;2780942,30;371544,00;173035,49;3254065,21;3592852,46;8700343,94;4873015,00;
1805072;"Nowy Żmigród (2)";5744511,98;3599409,66;5332807,74;8600425,08;1552358,35;1691197,92;1921812,71;6467153,56;21951767,25;19058144,51;
1805082;"Osiek Jasielski (2)";1311015,48;694596,56;473643,49;2325522,77;525795,51;1328677,18;2770537,24;4700410,43;2884811,22;25090103,20;
1805092;"Skołyszyn (2)";5440355,54;4730520,36;5730854,53;17054426,08;5996381,37;8976241,19;5803395,68;8973752,10;17122077,39;23521705,80;
1805112;"Tarnowiec (2)";2746825,69;3537731,47;4668149,04;9562357,03;4182984,06;8498679,29;5670756,41;9973039,78;13157906,47;19279188,31;
1806000;"Powiat kolbuszowski";25912838,24;31118556,07;37328409,04;57926601,07;44546723,90;36760274,84;54216729,57;101078004,27;90332645,20;110284808,20;
1806012;"Cmolas (2)";1542434,73;2277074,66;3511422,75;7281855,24;4290757,47;5011932,97;4184726,86;5628091,33;16093620,49;20282385,38;
1806023;"Kolbuszowa (3)";11041006,47;8459180,96;10649830,97;17501069,31;18876115,67;13367358,50;29721001,79;43761948,03;31572062,92;26787909,56;
1806032;"Majdan Królewski (2)";4164549,67;12407870,48;10877898,73;8418922,45;7380977,59;7439319,67;4632731,72;11291247,17;13839190,56;19050252,76;
1806042;"Niwiska (2)";5494276,43;3429279,12;4435062,01;7141944,18;5030396,22;4254555,62;3201512,45;15418729,04;14325725,08;12661188,32;
1806052;"Raniżów (2)";834329,48;1567030,12;3157440,32;7531529,12;4351165,41;2364990,41;6301169,05;9460599,62;7452218,76;13957729,94;
1806062;"Dzikowiec (2)";2836241,46;2978120,73;4696754,26;10051280,77;4617311,54;4322117,67;6175587,70;15517389,08;7049827,39;17545342,24;
1807000;"Powiat krośnieński";55320671,84;44991181,23;75239881,25;102216217,73;125086932,81;109045845,05;103500088,98;156468095,87;207191706,96;203370295,83;
1807012;"Chorkówka (2)";6398161,36;5204192,44;8940380,43;13699384,56;26574110,97;7419326,13;9117427,84;17181486,81;19132949,35;13147144,75;
1807023;"Dukla (3)";2805696,03;4637277,84;10749320,21;6285747,85;6835577,81;11403028,28;8004012,32;19096271,41;30410671,14;17955039,26;
1807033;"Iwonicz-Zdrój (3)";2862204,93;5145209,03;5522240,78;7133145,99;9166265,36;5328542,18;8470257,13;19177122,94;13814957,37;21313515,05;
1807043;"Jedlicze (3)";7876401,76;6224283,70;9399093,36;15874217,21;8867241,43;23833592,68;10916074,35;16470899,73;29199989,19;31443922,15;
1807052;"Korczyna (2)";6504314,60;6137400,31;8898538,97;7700465,18;8167877,71;12621553,14;17697870,53;11253380,47;19729250,32;23164733,29;
1807062;"Krościenko Wyżne (2)";2199418,98;2229662,87;2988192,32;3513092,79;2765186,31;2152039,38;3901986,64;7855774,82;10282772,17;15754848,30;
1807072;"Miejsce Piastowe (2)";6621058,23;4616371,36;5921850,96;7844464,26;20202548,82;10091736,14;11063027,02;14602307,74;21250215,66;14880684,74;
1807083;"Rymanów (3)";12408384,62;5317841,76;12146171,87;19964653,80;27343555,12;14315881,46;20016234,17;28962742,84;31914071,78;20011813,34;
1807092;"Wojaszówka (2)";3828187,45;4866895,12;9383767,98;16865813,33;13209163,32;18319656,81;9280509,66;14972283,94;24117792,29;31081243,90;
1807102;"Jaśliska (2)";3816843,88;612046,80;1290324,37;3335232,76;1955405,96;3560488,85;5032689,32;6895825,17;7339037,69;14617351,05;
1808000;"Powiat leżajski";22752590,69;21661542,23;45268893,89;67645343,53;74865497,96;50738414,51;50611986,97;65168994,85;140759875,42;122152478,71;
1808011;"Leżajsk (1)";2760124,86;3241711,48;5417397,39;5177562,60;14541466,72;11776208,00;8646630,72;14411262,00;21152638,65;17409809,72;
1808022;"Grodzisko Dolne (2)";1632376,74;1282317,28;11390504,88;13172454,93;11935975,90;4281144,36;1976745,67;6121247,02;14509663,35;18690704,76;
1808032;"Kuryłówka (2)";3583316,98;2371324,58;3560167,34;2859103,27;2169908,94;4027378,32;14747043,63;5434268,68;20064116,36;24286595,04;
1808042;"Leżajsk (2)";7789167,34;9711885,98;12897077,84;30560382,39;23480456,73;20898627,10;13946451,26;19985365,44;33105292,81;39662241,36;
1808053;"Nowa Sarzyna (3)";6987604,77;5054302,91;12003746,44;15875840,34;22737689,67;9755056,73;11295115,69;19216851,71;51928164,25;22103127,83;
1809000;"Powiat lubaczowski";42796355,59;22062987,37;49882683,50;62404929,81;83606803,20;57318536,60;46155436,64;67804452,34;127791367,44;131116469,51;
1809011;"Lubaczów (1)";9423051,86;6564771,54;8347917,05;11579107,38;14876228,21;16337342,85;12649896,12;14250883,91;4205449,33;21437436,32;
1809023;"Cieszanów (3)";5248631,02;2267602,41;6411220,18;10223876,24;6844785,51;6159757,73;6935248,26;8912084,11;16137977,73;16526363,53;
1809032;"Horyniec-Zdrój (2)";9365083,10;3033856,64;5123241,40;3995907,83;13338755,57;2115487,19;4368424,63;7932587,80;20479034,35;22997214,13;
1809042;"Lubaczów (2)";7920727,27;3408291,99;10326165,33;15012069,94;20277884,93;10897650,72;7227784,56;16534264,29;26661692,45;21279743,79;
1809053;"Narol (3)";3675697,78;2599904,46;2799048,40;5092849,74;14498188,71;7691602,23;6206754,27;11098484,25;13208304,82;8051171,34;
1809063;"Oleszyce (3)";1891729,17;2121908,49;3956481,30;7061355,36;9770479,59;1902175,90;1727936,13;1862750,87;7126677,98;6244884,10;
1809072;"Stary Dzików (2)";1963571,26;392610,01;7637467,34;4930253,20;1914303,67;9600091,78;4509932,65;3860174,92;25487662,96;9094230,57;
1809082;"Wielkie Oczy (2)";3307864,13;1674041,83;5281142,50;4509510,12;2086177,01;2614428,20;2529460,02;3353222,19;14484567,82;25485425,73;
1810000;"Powiat łańcucki";42647847,17;36762015,07;58047988,99;64944483,84;41549884,46;62916860,93;57480821,83;74464248,72;131087075,82;132421263,94;
1810011;"Łańcut (1)";10918530,68;12925776,30;15237517,21;15127888,51;5684057,82;22716322,94;18199802,05;18678135,82;27937649,45;21149232,69;
1810022;"Białobrzegi (2)";1839134,10;5041002,85;5702496,02;6602908,83;2527652,75;3106397,69;3857354,43;7709677,69;23626019,53;17336356,59;
1810032;"Czarna (2)";7230670,40;5257601,68;8349032,85;16802409,52;8790905,65;5245135,41;6046887,31;9264265,38;15475604,27;16430292,51;
1810042;"Łańcut (2)";6499579,45;6502802,36;21176442,32;15722945,56;10437130,47;21496289,52;13954291,17;16176703,00;24276192,12;36763773,47;
1810052;"Markowa (2)";5259364,43;3251464,33;2577173,41;5410350,45;3983015,78;3719751,52;3751027,90;12248828,17;13704575,06;11613943,44;
1810062;"Rakszawa (2)";5281417,00;2598210,51;3428609,62;1897318,88;6445502,09;2762019,67;9010804,23;5310359,10;16923232,94;10835540,47;
1810072;"Żołynia (2)";5619151,11;1185157,04;1576717,56;3380662,09;3681619,90;3870944,18;2660654,74;5076279,56;9143802,45;18292124,77;
1811000;"Powiat mielecki";53359809,41;60275505,62;97592730,14;147668979,23;142704933,73;164598034,61;159241783,02;151264236,05;233845931,77;233666454,65;
1811011;"Mielec (1)";35681503,87;34220842,76;53194738,56;78177025,17;40904163,39;81810742,58;96937754,33;51711167,76;70112365,27;71408576,57;
1811022;"Borowa (2)";262288,14;415338,53;2305118,70;468698,69;6251605,81;4585839,84;3518962,95;2546750,84;20536900,93;7837688,60;
1811032;"Czermin (2)";1184109,56;538540,42;756150,39;2697156,89;19256358,76;4128694,61;6216821,78;8927274,63;22032860,94;20828949,46;
1811042;"Gawłuszowice (2)";715313,10;517295,22;441918,12;567244,90;2546444,32;958599,43;1151298,56;3531331,29;14012164,84;14865989,24;
1811052;"Mielec (2)";4602955,91;4577172,40;7005644,17;7498134,51;10964523,26;15181124,53;12987293,03;16249090,79;18065905,75;23232118,93;
1811062;"Padew Narodowa (2)";1168291,91;1825386,32;5438295,88;16885079,31;14947785,65;2892317,27;7883525,16;17672092,07;14971965,85;13988512,84;
1811073;"Przecław (3)";2312598,32;8641836,52;10791371,27;13278616,11;8884383,64;9701920,83;9508005,94;7096561,88;6350226,52;27869689,56;
1811083;"Radomyśl Wielki (3)";3451398,82;4303673,26;7530228,91;15173476,72;18634919,38;17332938,17;6109399,30;15904012,33;28727289,77;12085531,27;
1811092;"Tuszów Narodowy (2)";2812079,89;3225561,09;7451287,33;8239957,99;6889470,16;19452108,55;11282769,20;18007472,19;24699048,66;27719588,94;
1811102;"Wadowice Górne (2)";1169269,89;2009859,10;2677976,81;4683588,94;13425279,36;8553748,80;3645952,77;9618482,27;14337203,24;13829809,24;
1812000;"Powiat niżański";25786071,67;27304439,29;49253616,66;78796928,29;92613681,68;88638923,00;94839584,23;93116197,23;144108660,86;207474986,50;
1812012;"Harasiuki (2)";953111,40;248252,32;736525,40;819551,14;3481029,82;5264045,64;14547531,02;11200187,87;13318250,71;27639092,19;
1812022;"Jarocin (2)";1777905,26;3960846,92;5550691,28;4615779,05;5114719,43;15724620,61;3222790,27;11420980,63;10984726,65;15793438,78;
1812032;"Jeżowe (2)";2101444,62;5371708,06;7138407,00;8049439,47;21719966,05;15983571,55;14084010,66;7885669,98;23257150,33;28722084,25;
1812042;"Krzeszów (2)";3108416,79;3783671,90;2817484,22;7199922,17;12799086,30;12461256,30;11311024,41;4990312,07;13238170,08;21744248,40;
1812053;"Nisko (3)";11892214,91;7867141,40;17312739,81;20729214,15;32912656,52;31373901,19;38238910,46;22642932,12;27970863,32;54886797,53;
1812063;"Rudnik nad Sanem (3)";2953155,80;2423903,18;10390898,54;19222936,61;6027949,79;2514322,91;6445159,10;6925564,82;31949173,42;23962281,66;
1812073;"Ulanów (3)";2999822,89;3648915,51;5306870,41;18160085,70;10558273,77;5317204,80;6990158,31;28050549,74;23390326,35;34727043,69;
1813000;"Powiat przemyski";26222451,21;25743130,38;38661109,09;52912429,17;34188758,06;47497477,91;54934481,67;118268492,87;194767932,70;194371017,39;
1813012;"Bircza (2)";798426,10;432405,79;4067775,76;4191861,53;2338046,04;4127900,56;1543413,62;17090421,24;26652147,55;;
1813013;"Bircza (3)";;;;;;;;;;13014580,46;
1813022;"Dubiecko (2)";1534108,61;3752561,66;2325407,58;7126663,23;3821430,79;3396036,24;;;;;
1813023;"Dubiecko (3)";;;;;;;3683714,59;17883166,16;16026572,40;26701082,12;
1813032;"Fredropol (2)";4004487,50;2076883,66;2888597,62;1894811,77;1222532,73;2306919,06;6750861,97;11867581,32;10935296,70;20308034,10;
1813042;"Krasiczyn (2)";1717159,94;1176903,39;2282736,81;1590063,96;3269820,70;2091474,65;4785023,33;7802455,26;14216737,37;10034248,52;
1813052;"Krzywcza (2)";2139772,42;1281335,90;1196919,34;3546632,47;2274851,14;8405046,85;6230992,71;8093872,16;11282683,19;13563369,89;
1813062;"Medyka (2)";3709002,79;5486225,91;7883957,95;6506840,94;3004803,51;3618340,87;5052737,57;3432380,62;30509687,54;8075805,44;
1813072;"Orły (2)";2097683,30;2440320,34;2823871,38;6742954,52;3346796,66;4184577,95;4043849,42;4672538,81;25622460,01;24346755,18;
1813082;"Przemyśl (2)";2872051,94;2253734,87;4074960,26;8717730,91;7432226,14;4240235,96;7571239,97;15352787,60;21274684,01;31464896,46;
1813092;"Stubno (2)";4078642,24;1344157,89;3282566,38;1369373,55;2360356,70;7149136,25;3715278,98;10194817,15;9228154,17;28531278,43;
1813102;"Żurawica (2)";3271116,37;5498600,97;7834316,01;11225496,29;5117893,65;7977809,52;11557369,51;21878472,55;29019509,76;18330966,79;
1814000;"Powiat przeworski";29438117,02;21154926,83;57411868,75;74934582,78;63867345,39;61662503,56;77297204,98;86725376,58;137071657,85;143754181,46;
1814011;"Przeworsk (1)";2061713,21;2681195,69;3961250,72;11118545,35;8645280,24;7726630,51;7351618,12;10300690,39;12505327,55;5514566,66;
1814022;"Adamówka (2)";2812047,48;1165924,82;5801414,58;5913989,16;8776886,42;3888295,06;2409293,06;5544091,99;10967448,87;26992133,94;
1814032;"Gać (2)";2380705,06;1530463,43;8166672,30;3098824,75;5479083,43;3527607,98;6232757,75;1471596,22;6253834,49;14969255,22;
1814042;"Jawornik Polski (2)";3389112,09;1197910,04;5461336,27;12239835,57;7345005,97;11019464,87;11825691,90;11201534,69;13284752,12;;
1814043;"Jawornik Polski (3)";;;;;;;;;;21828026,23;
1814053;"Kańczuga (3)";2543392,98;2012708,17;7138336,29;3704928,06;5786403,00;5011131,69;4961066,07;7932359,35;29434439,32;11415094,32;
1814062;"Przeworsk (2)";1766826,69;3249217,92;5998106,30;7871420,26;7903163,51;8971756,74;17061060,91;22369161,71;25704341,07;25897334,45;
1814073;"Sieniawa (3)";4394310,82;5275017,24;13911808,43;17275815,65;3571136,12;9003360,83;3199632,31;5403332,85;17369261,58;2852397,76;
1814082;"Tryńcza (2)";7224627,90;2304494,34;2147136,16;10114407,12;6552602,16;10583399,00;16527631,32;15347693,89;14025758,50;11507357,10;
1814092;"Zarzecze (2)";2865380,79;1737995,18;4825807,70;3596816,86;9807784,54;1930856,88;7728453,54;7154915,49;7526494,35;22778015,78;
1815000;"Powiat ropczycko-sędziszowski";34464035,09;34208763,66;52787603,78;68550551,71;87162225,99;46210056,08;53724634,06;86457527,13;103348914,94;175355707,88;
1815012;"Iwierzyce (2)";1409741,21;2951699,64;5722382,03;8221125,34;4766406,92;10904701,36;8346336,64;13793126,83;20053223,91;24937022,54;
1815022;"Ostrów (2)";7005847,01;6678483,64;2097860,80;9199977,17;13006367,97;8343229,03;11432698,65;20630187,52;16745440,49;31577383,67;
1815033;"Ropczyce (3)";13600363,32;5445336,31;18736021,05;12276681,38;35920038,41;8690626,01;17789498,75;20791937,84;14023250,85;30656275,85;
1815043;"Sędziszów Małopolski (3)";8608286,89;11254555,76;15935183,52;15392389,40;13118109,00;10590957,82;8204003,42;17658171,32;28581928,00;59865862,75;
1815052;"Wielopole Skrzyńskie (2)";3839796,66;7878688,31;10296156,38;23460378,42;20351303,69;7680541,86;7952096,60;13584103,62;23945071,69;28319163,07;
1816000;"Powiat rzeszowski";94139607,87;66023816,75;130081046,05;259862823,07;179012682,94;173149462,38;124542361,61;209300399,98;323101603,36;297572179,05;
1816011;"Dynów (1)";4600804,64;1844037,21;3177024,63;8265745,99;6759485,73;7203777,72;3460649,81;13091856,14;20981412,80;8107047,72;
1816023;"Błażowa (3)";4631069,51;4490727,46;4715569,26;11000908,73;6465373,55;5924065,69;6533173,34;9731397,92;21112301,95;22468606,57;
1816033;"Boguchwała (3)";15437707,11;8576575,24;21221048,45;29193024,58;21414524,02;19686587,15;11386400,11;16079207,70;40899601,39;16642465,55;
1816042;"Chmielnik (2)";2749909,78;1526830,10;7319830,81;13227154,16;3867468,56;4944161,29;4171892,56;16309807,46;7751842,15;23398560,66;
1816052;"Dynów (2)";1061517,19;501663,10;2399241,43;3446794,82;2111193,45;3496908,50;1228613,92;8687600,32;11060340,14;17518228,81;
1816063;"Głogów Małopolski (3)";24166794,76;4414167,81;8023434,75;42379023,58;27477590,27;30684209,72;20644265,20;11767086,51;26682500,19;36565322,27;
1816072;"Hyżne (2)";4298052,49;3845834,38;4416758,22;11726494,59;3424143,61;16085118,31;3518579,36;16990580,35;5899844,66;20647117,73;
1816082;"Kamień (2)";4199644,26;2323732,75;9159210,17;16314571,10;1973298,37;5496739,24;4192463,93;18144018,15;19095304,41;11112963,74;
1816092;"Krasne (2)";5164763,40;8270932,70;14121854,83;16961492,46;6334527,13;8356560,88;10705479,36;10230326,33;32620960,76;26989848,09;
1816102;"Lubenia (2)";1732757,70;2735872,07;6332876,35;4079492,86;3627670,50;4504171,86;3077386,11;6385075,93;8933267,65;13304640,35;
1816113;"Sokołów Małopolski (3)";5497770,96;7640588,95;8110797,17;18120077,78;33371401,82;22247298,20;12143851,04;11725826,58;31209141,65;31740741,83;
1816122;"Świlcza (2)";3864073,27;4223527,94;10564489,89;22079648,19;12778296,59;15857904,74;12069349,31;3351202,10;20748514,33;17270707,16;
1816132;"Trzebownisko (2)";11850550,56;10041479,58;17680891,90;51078938,71;40387399,04;21057275,47;21117542,36;59095627,65;57660105,46;42066804,35;
1816143;"Tyczyn (3)";4884192,24;5587847,46;12838018,19;11989455,52;9020310,30;7604683,61;10292715,20;7710786,84;18446465,82;9739124,22;
1817000;"Powiat sanocki";47986911,43;26662882,24;60352592,88;103419169,46;90162586,74;58086166,81;64586165,90;89376340,60;155643295,84;206031410,68;
1817011;"Sanok (1)";12726992,68;9736200,70;25957371,67;56897644,41;39968068,68;14249636,14;15053055,49;29575275,44;33055479,98;67521604,90;
1817022;"Besko (2)";1769971,54;1317931,87;3795301,73;5011341,98;3568969,39;5182549,04;6311503,31;5700756,16;16614335,57;13114529,70;
1817032;"Bukowsko (2)";2216359,80;1771731,40;1416319,06;2166102,93;2436312,35;3150087,20;7653411,79;7183910,87;17277212,38;33455968,88;
1817042;"Komańcza (2)";907950,64;393627,76;933982,94;609841,45;142663,64;2303682,10;2772367,35;3449683,02;12211298,84;13405824,22;
1817052;"Sanok (2)";10772449,16;7113025,05;11270908,31;16195245,71;14631175,83;14259231,04;13126927,09;20865369,69;31365212,68;34795134,32;
1817062;"Tyrawa Wołoska (2)";1859919,14;88719,92;165670,78;384054,78;868400,96;475055,83;685211,69;1302637,76;1134333,26;3154995,22;
1817073;"Zagórz (3)";13653393,84;2553892,28;8788556,27;16196412,70;23763375,66;13989818,95;11904953,04;10555821,45;18648689,50;23894146,94;
1817082;"Zarszyn (2)";4079874,63;3687753,26;8024482,12;5958525,50;4783620,23;4476106,51;7078736,14;10742886,21;25336733,63;16689206,50;
1818000;"Powiat stalowowolski";36192524,07;43677305,30;80376327,47;215822983,98;138101435,69;70074604,16;98973707,97;173380374,00;283983692,06;266166048,12;
1818011;"Stalowa Wola (1)";16025780,94;28844335,84;54753244,19;156219861,20;83566800,28;34590486,32;61047321,32;116439948,59;155076655,24;167682786,54;
1818022;"Bojanów (2)";3280518,69;3268432,30;3872571,21;8987879,99;5152580,90;8523713,83;8082991,78;8494812,79;23660210,88;14277232,25;
1818032;"Pysznica (2)";3227039,70;2441804,95;5623124,08;8617396,03;8620267,47;8086118,60;10787490,98;13041784,07;36621374,22;35121328,61;
1818042;"Radomyśl nad Sanem (2)";1449418,76;1982109,58;3208347,41;6860245,85;2703165,10;4855060,52;3062085,46;9357467,28;17726625,34;15129804,88;
1818053;"Zaklików (3)";6317807,68;4109940,93;5773456,12;22181507,06;5412913,71;7261008,36;7798659,02;14827042,74;30607403,49;13793141,95;
1818062;"Zaleszany (2)";5891958,30;3030681,70;7145584,46;12956093,85;32645708,23;6758216,53;8195159,41;11219318,53;20291422,89;20161753,89;
1819000;"Powiat strzyżowski";18978759,95;25192091,91;30374258,04;64232434,93;62072455,82;45164696,81;27537411,77;52438435,90;85351106,21;97182029,92;
1819012;"Czudec (2)";5182489,65;5193585,87;2541977,56;12045349,19;7939382,66;7293449,42;8748493,43;11600744,27;11650385,38;24343569,30;
1819022;"Frysztak (2)";2372146,68;3526093,09;9214777,17;13064855,60;10047191,01;5275936,40;6581703,49;9916873,90;17143160,48;14598167,85;
1819032;"Niebylec (2)";2994534,37;4221725,92;6532297,30;8051585,14;17641680,38;2543593,18;2596330,46;5611834,57;17924767,41;14386204,03;
1819043;"Strzyżów (3)";4540003,16;9425894,66;7615463,00;23449350,96;9895931,74;26008716,02;6444992,46;17237108,50;23537549,58;28338557,08;
1819052;"Wiśniowa (2)";3889586,09;2824792,37;4469743,01;7621294,04;16548270,03;4043001,79;3165891,93;8071874,66;15095243,36;15515531,66;
1820000;"Powiat tarnobrzeski";14299633,78;17853882,41;26874025,46;56858623,95;65945501,74;43742214,59;37505870,55;54476550,01;85691434,67;76453767,94;
1820013;"Baranów Sandomierski (3)";4004475,53;5840513,11;5507485,62;18262186,72;29241633,65;20796358,74;19695834,37;19012665,61;17513382,49;25871815,34;
1820022;"Gorzyce (2)";2491303,89;4368631,48;5916020,86;17767211,08;11799208,26;6950792,51;3964807,45;19237795,75;15705474,57;18022065,39;
1820032;"Grębów (2)";3565638,64;2778886,24;8315944,05;11186680,13;14439423,71;7527863,39;2225853,15;3576232,96;25959182,17;9180735,95;
1820043;"Nowa Dęba (3)";4238215,72;4865851,58;7134574,93;9642546,02;10465236,12;8467199,95;11619375,58;12649855,69;26513395,44;23379151,26;
1821000;"Powiat leski";19780820,35;13178891,23;33109608,54;30770477,12;48851670,91;52269030,39;35529912,38;54464953,58;69126082,93;67775678,42;
1821012;"Baligród (2)";1057082,57;762974,24;1867034,55;1388476,25;1393542,65;4823320,49;5785888,77;10279130,37;8848414,16;13220091,86;
1821022;"Cisna (2)";1302559,31;1630987,82;1631741,40;2914268,36;4747080,71;1937456,75;1169194,76;5304059,35;18465436,10;6569399,45;
1821033;"Lesko (3)";9679440,72;4381441,72;10250789,50;6828833,16;9677621,57;12751477,84;3886672,08;14546540,62;7316498,80;9730329,38;
1821042;"Olszanica (2)";1776111,34;1199205,13;2597850,47;2621706,91;15838935,15;7273099,11;6818186,19;4102589,07;11518486,13;14776973,63;
1821052;"Solina (2)";5965626,41;5204282,32;16762192,62;17017192,44;17194490,83;25483676,20;17869970,58;20232634,17;22977247,74;23478884,10;
1861000;"Powiat m. Krosno";117794912,42;42500137,37;49162023,70;83364073,25;72595320,33;119117516,67;74028264,64;83638815,26;62937162,30;88588172,72;
1861011;"Krosno (1)";117794912,42;42500137,37;49162023,70;83364073,25;72595320,33;119117516,67;74028264,64;83638815,26;62937162,30;88588172,72;
1862000;"Powiat m. Przemyśl";40180443,24;14326350,93;18617558,76;38879347,45;20174474,28;13092807,08;15213971,24;37532717,19;49942175,60;94153119,78;
1862011;"Przemyśl (1)";40180443,24;14326350,93;18617558,76;38879347,45;20174474,28;13092807,08;15213971,24;37532717,19;49942175,60;94153119,78;
1863000;"Powiat m. Rzeszów";367058083,74;114064949,61;229324081,47;327361428,20;285056875,95;257779079,15;283238247,55;261035614,67;374700460,03;241771091,15;
1863011;"Rzeszów (1)";367058083,74;114064949,61;229324081,47;327361428,20;285056875,95;257779079,15;283238247,55;261035614,67;374700460,03;241771091,15;
1864000;"Powiat m. Tarnobrzeg";20231480,14;17170288,41;27771507,93;23323548,17;19212183,62;44913954,25;67485586,97;50237031,26;46711938,47;73096577,42;
1864011;"Tarnobrzeg (1)";20231480,14;17170288,41;27771507,93;23323548,17;19212183,62;44913954,25;67485586,97;50237031,26;46711938,47;73096577,42;
2000000;"PODLASKIE";741044080,42;525130893,83;989866789,12;1661229244,16;1464111126,76;1262673593,59;1029799873,30;1409318562,76;2333820120,33;2520137593,57;
2001000;"Powiat augustowski";24076040,19;17913961,41;45352212,19;56604386,98;52606410,66;45612645,97;49030054,22;58241358,96;128678419,54;176720726,75;
2001011;"Augustów (1)";10109706,69;10157151,40;26552027,14;26862166,65;32120295,89;33693217,20;29974499,07;22447619,40;41827633,06;68211214,63;
2001022;"Augustów (2)";3753896,81;1499344,92;3729100,15;8559451,41;9431075,43;1252365,05;5347108,02;9162766,17;15125351,58;11842663,44;
2001032;"Bargłów Kościelny (2)";6675519,86;4124834,17;4659376,82;12873401,36;2117306,91;3957092,26;3990646,92;8094242,81;12094604,68;18659166,93;
2001043;"Lipsk (3)";843585,18;758656,11;1868605,12;4199317,94;3277558,82;2055950,56;990171,94;2379559,98;18230389,10;34713919,96;
2001052;"Nowinka (2)";281004,83;215075,76;543746,68;650307,57;279724,38;1451522,41;2353504,81;7906803,71;5043123,54;17856211,39;
2001062;"Płaska (2)";155787,34;20333,32;535838,91;475864,11;4353384,10;192759,35;1549916,76;5842152,50;9146875,33;9060693,34;
2001072;"Sztabin (2)";2256539,48;1138565,73;7463517,37;2983877,94;1027065,13;3009739,14;4824206,70;2408214,39;27210442,25;16376857,06;
2002000;"Powiat białostocki";75706963,09;56873704,58;116352539,48;258110658,06;191053586,80;156450474,36;150545310,55;231189831,57;315574092,76;340400463,17;
2002013;"Choroszcz (3)";2754081,78;6134187,47;11196375,56;34406951,17;20456495,13;18753733,33;12125331,88;17272105,80;39891545,38;19806100,51;
2002023;"Czarna Białostocka (3)";2936146,20;6337135,89;10460044,47;21671937,64;18119081,09;14546109,27;12369086,66;13640516,15;21297555,99;30441411,17;
2002032;"Dobrzyniewo Duże (2)";2781369,18;2518666,95;4853167,94;9848735,99;8810735,69;13758125,31;7779231,46;15833290,25;24247477,92;34749301,41;
2002042;"Gródek (2)";8587837,24;1104233,47;2351705,26;3437000,05;7306988,97;4652657,90;3920896,88;4360679,95;12697516,28;9506708,90;
2002052;"Juchnowiec Kościelny (2)";10829241,64;7401565,40;15839891,31;37668906,26;44484585,76;21825526,54;12433622,80;31106444,59;21692068,61;51547206,22;
2002063;"Łapy (3)";14654939,74;6000935,53;16691346,82;29384442,46;20602030,81;17264956,56;21573968,76;33929621,91;36657659,88;39953408,81;
2002073;"Michałowo (3)";2130841,29;927828,30;4897181,12;5910301,89;3696330,38;8825885,00;3018568,64;11179674,69;23060312,66;13024361,64;
2002082;"Poświętne (2)";1386298,20;1837616,38;2549997,86;2278990,71;2463467,84;1369407,56;2131170,07;12118229,49;6708588,14;13945153,47;
2002093;"Supraśl (3)";10608391,37;10903422,31;23142091,94;40825521,39;19327562,15;20918164,71;22656875,23;23691578,76;38931786,20;24265329,84;
2002103;"Suraż (3)";596915,62;327702,55;843971,98;3057283,39;641388,14;1412399,47;1470353,51;4619226,99;2891643,60;9987688,00;
2002112;"Turośń Kościelna (2)";4985784,38;1372083,77;6421233,57;14940648,32;7292260,44;6528871,27;6744527,96;16512849,70;22564003,48;32843132,38;
2002123;"Tykocin (3)";2516942,46;1878215,79;6213222,52;10370379,43;4621996,26;4469556,74;12258787,66;3605979,29;16964146,34;11914198,14;
2002133;"Wasilków (3)";7634854,52;3221394,85;6501327,38;25095862,62;14651855,25;10855992,28;21340023,86;20654001,06;21862540,58;29028743,48;
2002143;"Zabłudów (3)";3107334,24;6428384,66;2460147,94;17274005,79;15782647,83;10056819,20;9125712,29;16030491,60;20343106,79;16095452,23;
2002152;"Zawady (2)";195985,23;480331,26;1930833,81;1939690,95;2796161,06;1212269,22;1597152,89;6635141,34;5764140,91;3292266,97;
2003000;"Powiat bielski";35742349,78;19512201,60;18373491,71;54511104,03;49850681,60;63869351,33;42413893,86;60506920,51;97184087,33;126055402,83;
2003011;"Bielsk Podlaski (1)";3358991,29;8425464,34;5700134,83;21692774,04;22802784,86;38840619,90;21914070,54;23950502,33;23801402,20;21515636,63;
2003021;"Brańsk (1)";2205001,76;395485,15;496516,05;5620507,63;6385232,00;3553123,71;3014136,72;2732932,26;9385382,89;13433328,94;
2003032;"Bielsk Podlaski (2)";3194117,06;4489985,36;2000446,21;4402668,57;8300772,61;6667727,27;3158199,11;5786935,11;16862322,65;12005149,60;
2003042;"Boćki (2)";3933667,75;1063114,03;111839,85;1500421,01;2349202,40;660194,16;1791671,52;4710630,78;13205172,59;18250471,06;
2003052;"Brańsk (2)";16241922,82;2375133,65;3968195,86;5233906,42;6185926,65;3090166,46;3203387,29;6425184,91;11513511,48;3538860,88;
2003062;"Orla (2)";3309746,64;2412450,37;3314332,57;9326753,48;2041077,69;4501542,31;5010045,54;4320011,49;8723303,59;11918137,54;
2003072;"Rudka (2)";1553431,15;2518,69;269635,23;2823929,19;456203,49;406368,04;859822,81;2562575,47;8085510,46;22676172,45;
2003082;"Wyszki (2)";1945471,31;348050,01;2512391,11;3910143,69;1329481,90;6149609,48;3462560,33;10018148,16;5607481,47;22717645,73;
2004000;"Powiat grajewski";36478942,87;25786339,05;36064131,06;46280268,32;36532741,15;49934463,41;53006825,21;72523637,00;134915615,46;100076574,03;
2004011;"Grajewo (1)";14268105,78;8923011,59;9712957,13;6668649,66;12691138,48;17632141,89;17796558,82;20893399,99;32475788,94;30014718,54;
2004022;"Grajewo (2)";2603535,52;2692202,49;3805476,29;4913425,20;1746850,42;1658715,71;7040316,42;4961884,37;28662568,25;13691138,64;
2004032;"Radziłów (2)";1773223,37;2321862,80;3648613,41;10069364,26;5243682,62;8032086,01;4914173,04;12418579,35;15287712,78;14415275,23;
2004043;"Rajgród (3)";2662402,89;4646168,31;10409224,01;12365444,85;4226598,18;2060692,02;3524774,00;8777466,61;24750671,43;16240364,54;
2004053;"Szczuczyn (3)";10125062,60;5989215,15;5382298,18;5709838,71;7286282,76;17173289,70;13974892,72;18811056,07;16176460,86;9612919,49;
2004062;"Wąsosz (2)";5046612,71;1213878,71;3105562,04;6553545,64;5338188,69;3377538,08;5756110,21;6661250,61;17562413,20;16102157,59;
2005000;"Powiat hajnowski";34173104,33;10323598,74;25294998,30;27649888,89;37198021,61;39762274,40;26641738,89;57890192,88;124399367,52;206693724,40;
2005011;"Hajnówka (1)";5921593,46;5013075,72;10577325,57;13712922,24;18669927,56;15442995,58;2311064,40;13476134,49;23502684,17;33031969,41;
2005022;"Białowieża (2)";2863565,04;63515,22;2830325,89;830593,75;2941691,83;2195504,33;1913793,84;3591708,39;18028757,62;16683062,47;
2005032;"Czeremcha (2)";7100661,48;49765,41;377195,21;1856767,91;1071361,85;5140090,77;4061849,28;9094874,04;5606177,58;14585544,54;
2005042;"Czyże (2)";1799020,25;425382,51;190433,84;651341,91;805316,58;1587320,69;746061,57;4415550,87;11587667,10;30819641,85;
2005052;"Dubicze Cerkiewne (2)";2683111,45;113147,29;655873,70;2246653,89;695223,29;1847757,64;1469960,74;2513124,34;13131226,75;34576003,80;
2005062;"Hajnówka (2)";3374700,85;1664082,59;3705582,55;2489568,24;2911933,46;1840889,93;5350540,98;7191373,90;11276361,02;17474985,23;
2005073;"Kleszczele (3)";1642678,20;777743,90;540137,78;793935,36;1158912,24;1648266,12;473450,50;898887,86;4695003,35;15183833,63;
2005082;"Narew (2)";3204722,78;278125,13;1871948,32;1933340,77;1812457,43;5547208,14;4426920,29;5859928,35;15943856,04;13217575,48;
2005092;"Narewka (2)";5583050,82;1938760,97;4546175,44;3134764,82;7131197,37;4512241,20;5888097,29;10848610,64;20627633,89;31121107,99;
2006000;"Powiat kolneński";16378998,72;14421283,92;17919602,01;25336100,57;40918433,21;40464933,04;41296288,58;51110995,22;102802310,69;99184236,41;
2006011;"Kolno (1)";7463340,97;2405557,96;3508397,78;5947816,05;17617051,12;9702349,94;5743243,65;14353527,16;26799055,12;13077598,51;
2006022;"Grabowo (2)";1363946,76;334085,88;3428008,91;4752238,83;3047671,74;759605,85;1761331,47;2905673,75;11361465,39;22876447,13;
2006032;"Kolno (2)";3057431,36;3161675,98;4367089,88;5635124,99;8459686,88;5881133,73;8586615,22;6750517,44;14555970,38;17866012,72;
2006042;"Mały Płock (2)";203639,85;1479828,13;1593958,32;280577,23;2658076,24;7946474,19;7274564,05;3234465,48;8327551,78;19775347,02;
2006053;"Stawiski (3)";2113204,14;2965269,73;1185788,32;3264884,68;4996901,48;10256644,28;13466481,58;17712104,91;26186079,52;13856958,11;
2006062;"Turośl (2)";2177435,64;4074866,24;3836358,80;5455458,79;4139045,75;5918725,05;4464052,61;6154706,48;15572188,50;11731872,92;
2007000;"Powiat łomżyński";25805893,76;17043627,92;25963815,59;39187081,80;50916432,51;44677648,97;38985205,86;78945157,11;103173822,64;151996098,91;
2007013;"Jedwabne (3)";1294011,95;439701,35;322967,41;2698388,84;6158584,83;1833940,18;3061350,59;14814926,32;16676558,84;11238529,84;
2007022;"Łomża (2)";3607809,65;6543909,78;7489045,67;12380313,81;14445023,27;9656585,29;9705236,73;17670448,47;21895965,19;23167687,89;
2007032;"Miastkowo (2)";1300886,06;1204323,75;1607846,70;2389899,74;3935933,40;4550228,11;2522009,92;4281674,27;3486855,24;10555489,27;
2007043;"Nowogród (3)";3299551,61;480159,17;3526933,25;345332,69;6287440,54;6165539,59;5434230,55;10868322,58;11024920,94;20032103,24;
2007052;"Piątnica (2)";2948596,65;3612556,68;4379311,43;10439932,67;8074396,83;10574120,66;6259861,30;6646418,01;12121463,76;31991707,60;
2007062;"Przytuły (2)";1824008,47;1294086,68;1822349,75;1513733,39;2906119,35;3093850,71;2847108,03;854221,41;8390064,75;13057526,75;
2007072;"Śniadowo (2)";1418051,02;1875181,43;3565948,31;1823726,19;6962643,30;5265069,37;2186414,48;11744706,68;8373296,67;15166838,96;
2007082;"Wizna (2)";2388298,69;1457885,92;2454269,88;3182351,95;1728132,47;3462890,90;4684049,04;6894847,38;7423329,75;15332808,63;
2007092;"Zbójna (2)";7724679,66;135823,16;795143,19;4413402,52;418158,52;75424,16;2284945,22;5169591,99;13781367,50;11453406,73;
2008000;"Powiat moniecki";10774114,26;6884957,31;17354311,03;35207407,80;25665581,76;39349022,29;22407611,18;46691287,82;93911703,01;90660744,31;
2008013;"Goniądz (3)";395272,03;517776,59;1140352,40;5925405,07;1811575,21;1333812,10;4145364,06;5698607,40;12715359,81;8924909,62;
2008022;"Jasionówka (2)";257854,23;572740,22;1407850,51;2348677,21;3030641,15;4038972,22;2973511,54;13084242,93;12534787,85;6054442,04;
2008032;"Jaświły (2)";1430356,04;278817,58;4889567,29;3500729,25;5353504,92;955041,19;644416,66;3848514,80;16731367,63;14974751,50;
2008043;"Knyszyn (3)";1235919,26;1343106,18;3125854,16;3690013,11;2458629,20;4784266,76;1169838,09;1970752,77;7502431,79;10820887,99;
2008052;"Krypno (2)";1967205,56;1538629,18;3278400,10;6869522,29;2448353,01;5856920,72;8970896,78;3657053,92;16727223,52;10033067,64;
2008063;"Mońki (3)";4324242,74;823011,21;1886655,56;7762764,02;6512436,11;16710754,76;3525198,36;12416863,59;21139829,12;14784973,90;
2008072;"Trzcianne (2)";1163264,40;1810876,35;1625631,01;5110296,85;4050442,16;5669254,54;978385,69;6015252,41;6560703,29;25067711,62;
2009000;"Powiat sejneński";10779579,46;7407136,93;10580273,03;18846383,87;12886051,83;20994784,86;29101662,83;44090604,53;65023880,67;83934851,64;
2009011;"Sejny (1)";72841,39;42621,00;50566,01;1012951,76;1821394,70;2808316,05;7748807,56;11697297,46;6048319,13;10004077,97;
2009022;"Giby (2)";3560370,01;746624,69;419400,00;580023,46;2059911,32;1678723,37;2302563,50;8818105,01;9649391,79;19098786,22;
2009032;"Krasnopol (2)";1578410,10;1375841,43;1781127,89;7143410,52;5304626,02;3221942,56;4265559,54;7204417,06;15542189,90;34301571,74;
2009042;"Puńsk (2)";4566081,54;4177685,90;6695623,47;7526075,07;2545043,87;10318594,75;10059292,49;8842570,74;15139013,20;8886162,07;
2009052;"Sejny (2)";1001876,42;1064363,91;1633555,66;2583923,06;1155075,92;2967208,13;4725439,74;7528214,26;18644966,65;11644253,64;
2010000;"Powiat siemiatycki";56239024,91;11713573,27;20558463,51;54802546,00;36564490,27;66942448,20;54625168,76;64104765,67;112824748,25;130293894,46;
2010011;"Siemiatycze (1)";4259497,81;2306155,82;2680506,95;6475260,04;12257643,44;29691972,98;10293545,74;10809491,59;14717942,19;13715409,91;
2010023;"Drohiczyn (3)";6967436,66;4457745,59;7262717,46;8166670,90;6483851,52;4166534,85;11944138,95;10343729,95;23940676,39;19376987,40;
2010032;"Dziadkowice (2)";2598546,70;231060,57;1753079,24;5498473,70;903580,81;2371857,91;5306594,38;2838746,41;6967201,53;11476207,30;
2010042;"Grodzisk (2)";5535405,96;314047,89;535181,55;3990858,75;2101721,64;3768928,40;445104,27;3473336,54;7105960,31;10224777,29;
2010052;"Mielnik (2)";12411557,95;933984,95;2511176,50;12382542,37;2315021,76;5532143,12;5210019,26;4116568,87;9375709,35;12263345,31;
2010062;"Milejczyce (2)";2706460,38;263289,50;200390,63;220363,92;2275756,98;869840,50;2491516,85;4239549,61;10231315,24;15830604,37;
2010072;"Nurzec-Stacja (2)";5122969,71;1415576,76;988219,34;3141770,94;1862208,77;2051692,31;3613535,52;8008937,63;8779710,94;17897904,93;
2010082;"Perlejewo (2)";5580470,16;108492,37;919461,62;2532878,02;2675273,89;8992534,99;8657823,79;8850937,39;19025953,32;10962810,87;
2010092;"Siemiatycze (2)";11056679,58;1683219,82;3707730,22;12393727,36;5689431,46;9496943,14;6662890,00;11423467,68;12680278,98;18545847,08;
2011000;"Powiat sokólski";34650430,27;27287877,54;44825342,84;77785167,37;47011291,92;56082581,77;54175251,79;76449511,56;110777572,03;177635667,44;
2011013;"Dąbrowa Białostocka (3)";5206082,19;514437,86;5465635,92;16359192,04;2361619,11;1840287,16;3493212,52;13302228,23;15132653,13;28911826,35;
2011022;"Janów (2)";527722,11;3266752,37;4449444,81;6179059,27;2585450,67;4484933,32;1950789,90;4912724,14;5364619,79;10777257,41;
2011032;"Korycin (2)";5107158,87;1511245,49;5830848,08;10281445,90;2973956,25;2565855,45;3717118,28;1233633,12;14627125,26;5641267,66;
2011043;"Krynki (3)";628332,69;948561,53;2555683,96;723217,76;2807414,66;992766,17;1005893,18;8498304,12;1728574,91;9732078,20;
2011052;"Kuźnica (2)";3582899,99;2063034,10;2561781,95;4230944,71;8490163,95;5766902,68;11727272,38;8040826,47;18601142,87;13709506,37;
2011062;"Nowy Dwór (2)";3672625,96;2594578,21;56076,49;5223161,46;248142,97;5071850,02;3760019,32;6136230,86;14001521,16;16299043,20;
2011072;"Sidra (2)";1143485,97;654839,76;206339,39;7017159,62;835838,62;2239507,90;4150081,93;1075276,13;9831432,43;28038867,99;
2011083;"Sokółka (3)";8936371,43;13016065,60;18840025,19;20388057,73;18966451,19;27401379,68;14854987,63;17351083,83;11794928,69;31419581,46;
2011093;"Suchowola (3)";5230441,46;1768612,20;4593853,17;6349206,70;5495930,00;2721993,39;7181547,78;10902947,64;10617887,28;22158093,86;
2011102;"Szudziałowo (2)";615309,60;949750,42;265653,88;1033722,18;2246324,50;2997106,00;2334328,87;4996257,02;9077686,51;10948144,94;
2012000;"Powiat suwalski";23194693,06;17478382,74;24307912,54;50023179,07;32035314,70;30526747,15;44868202,09;61593501,53;128012449,09;137105738,79;
2012012;"Bakałarzewo (2)";816808,67;2107989,00;1737541,89;2121713,35;2164039,09;2523075,27;4012194,62;3500496,89;12473190,98;21846057,11;
2012022;"Filipów (2)";1478952,68;1202128,47;451007,50;3541689,40;4904302,65;2961971,14;7721765,20;7393039,62;27965687,84;7483796,29;
2012032;"Jeleniewo (2)";2378585,47;596592,24;1778382,35;5873084,34;3936751,53;2635676,40;2321636,91;4841684,48;6866690,34;7543985,91;
2012042;"Przerośl (2)";209765,15;65595,13;71806,13;4817729,77;368747,66;781968,11;2944726,49;5411630,16;15041847,61;9738679,70;
2012052;"Raczki (2)";7921499,16;2432396,04;2557858,60;5337255,28;4421576,90;3531624,16;8244908,40;7858090,69;13018705,86;8273685,61;
2012062;"Rutka-Tartak (2)";1326920,22;1189470,39;2986169,19;1544799,66;490138,63;2549150,36;690153,18;4963210,57;7004749,00;10939224,16;
2012072;"Suwałki (2)";5341757,18;7603844,86;9697565,82;18051628,41;9453782,50;9917132,03;10603052,19;19001979,89;17441282,44;43597486,52;
2012082;"Szypliszki (2)";3555211,24;1808368,91;3076042,65;6209085,60;3897019,49;3191300,95;3852889,04;6634449,74;12606473,00;14459376,59;
2012092;"Wiżajny (2)";165193,29;471997,70;1951538,41;2526193,26;2398956,25;2434848,73;4476876,06;1988919,49;15593822,02;13223446,90;
2013000;"Powiat wysokomazowiecki";68123092,08;29058919,34;41888083,95;82248124,74;81270760,74;70572087,85;82486921,38;105408125,21;162815051,19;166079278,75;
2013011;"Wysokie Mazowieckie (1)";29174260,47;6218384,20;7127724,16;21069887,85;27516968,66;17963351,82;20524306,33;23161701,21;43539522,24;40160052,32;
2013023;"Ciechanowiec (3)";14249724,39;1152637,84;1570171,24;3478518,18;7065882,78;12549760,36;11195156,32;26558644,99;23524564,45;30002654,28;
2013033;"Czyżew (3)";3819381,00;6588924,84;11015399,45;14735616,18;10573990,73;5956837,79;12411340,34;13822268,60;13412294,09;28318949,22;
2013042;"Klukowo (2)";2466023,94;3318799,56;3110654,70;5646623,39;2302804,83;2513484,44;3097732,35;3839204,53;8233212,36;13528854,55;
2013052;"Kobylin-Borzymy (2)";3244144,27;2924607,75;4513157,91;6211167,95;2304585,69;4402824,32;5512056,95;16411486,36;4615626,34;12679802,79;
2013062;"Kulesze Kościelne (2)";1569517,56;2696264,78;1654181,23;3780768,25;2397067,17;2175179,20;4735124,48;3714473,37;6513129,80;6381832,01;
2013072;"Nowe Piekuty (2)";3117386,90;945660,85;5131213,94;6558340,74;1731549,76;2291062,55;4146482,77;3736699,68;13903794,15;11342582,69;
2013082;"Sokoły (2)";3327322,95;1392128,95;1419415,05;10205586,12;7422752,36;7599409,49;12537443,47;1861270,99;4918446,68;8391073,90;
2013093;"Szepietowo (3)";4978051,01;1526757,87;2865499,60;6690255,59;11269809,63;10568163,33;5776415,50;7233544,20;24825184,41;7484513,73;
2013102;"Wysokie Mazowieckie (2)";2177279,59;2294752,70;3480666,67;3871360,49;8685349,13;4552014,55;2550862,87;5068831,28;19329276,67;7788963,26;
2014000;"Powiat zambrowski";22386047,98;21159530,88;26643608,61;41897370,51;29857875,77;26171006,57;46134761,03;60201353,04;149350389,35;109788113,78;
2014011;"Zambrów (1)";10947792,26;9555727,39;8886695,14;19955212,98;3277313,64;10117732,97;13708894,75;12582900,95;53612511,52;30594144,97;
2014022;"Kołaki Kościelne (2)";1059042,21;28368,30;201648,27;2846012,47;99387,94;40985,25;2048345,27;3807514,84;3947315,56;10242235,92;
2014032;"Rutki (2)";898765,46;1619153,40;2450662,25;5651225,72;789050,64;3328214,49;7231982,27;9530848,21;17099320,85;23048168,82;
2014042;"Szumowo (2)";2573265,51;3834346,25;4526026,18;3614173,89;12674538,84;1443192,82;7429547,10;24455968,86;25084081,54;22576491,24;
2014052;"Zambrów (2)";6907182,54;6121935,54;10578576,77;9830745,45;13017584,71;11240881,04;15715991,64;9824120,18;49607159,88;23327072,83;
2061000;"Powiat m. Białystok";180426089,90;150044093,39;422838371,11;604592321,18;527332359,17;340484037,93;194812290,69;218249687,36;368486232,54;255743565,92;
2061011;"Białystok (1)";180426089,90;150044093,39;422838371,11;604592321,18;527332359,17;340484037,93;194812290,69;218249687,36;368486232,54;255743565,92;
2062000;"Powiat m. Łomża";35550838,88;49467161,52;52336441,88;84306419,65;60256313,19;99007943,59;42251938,26;70860931,90;59379013,77;50907361,94;
2062011;"Łomża (1)";35550838,88;49467161,52;52336441,88;84306419,65;60256313,19;99007943,59;42251938,26;70860931,90;59379013,77;50907361,94;
2063000;"Powiat m. Suwałki";50557876,88;42754543,69;43213190,28;103840835,32;152154779,87;71771141,90;57016748,12;51260700,89;76511364,49;116861150,04;
2063011;"Suwałki (1)";50557876,88;42754543,69;43213190,28;103840835,32;152154779,87;71771141,90;57016748,12;51260700,89;76511364,49;116861150,04;
2200000;"POMORSKIE";1786200024,64;1256778286,30;1636942220,82;2735841639,90;2578167317,10;2240322050,87;2206889129,51;2670423236,51;3574206056,20;3304464521,41;
2201000;"Powiat bytowski";42855537,22;31463062,29;54977012,62;87705252,17;77310033,21;67348393,68;88825271,24;91981440,61;175842900,65;185816541,60;
2201012;"Borzytuchom (2)";1255762,22;1770406,42;3040662,97;1772411,28;3210571,19;1869070,74;4777533,46;3973523,35;10009799,16;18224262,07;
2201023;"Bytów (3)";14015254,27;7176636,40;16674564,14;25811972,86;23597791,01;22568973,21;27097719,06;23268383,71;42896917,96;34971320,87;
2201032;"Czarna Dąbrówka (2)";3201524,99;2197126,44;3639584,53;8055939,09;6382471,34;6584302,95;12656362,97;8284007,59;8915959,90;18316184,50;
2201042;"Kołczygłowy (2)";2915528,54;1457699,41;6479757,14;3683204,25;3354064,14;781139,54;3163553,00;7145411,68;14961862,16;14916043,72;
2201052;"Lipnica (2)";5049070,79;3756760,21;3418517,01;4726820,74;9512461,02;6435838,71;6105844,65;10035555,38;15968298,62;20699035,92;
2201063;"Miastko (3)";2863112,83;6984684,02;6794098,43;23352882,55;8274892,18;13677266,51;15263885,72;16253224,57;22464120,99;19968021,37;
2201072;"Parchowo (2)";4733924,41;965227,57;3750781,64;8431743,86;5041654,77;1056916,43;5604153,12;3731002,29;13709305,67;10530624,79;
2201082;"Studzienice (2)";2774512,20;1327270,56;2244245,32;3838030,33;9134338,78;4015583,46;3471325,52;8151983,33;10391657,24;18221456,64;
2201092;"Trzebielino (2)";2305980,84;1270277,46;2089342,16;2543866,76;3727072,14;3875860,05;5195381,25;6762769,65;14327833,80;10270843,75;
2201102;"Tuchomie (2)";3740866,13;4556973,80;6845459,28;5488380,45;5074716,64;6483442,08;5489512,49;4375579,06;22197145,15;19698747,97;
2202000;"Powiat chojnicki";37905469,46;37037804,18;65216955,49;118595207,91;81777226,02;129489267,99;114756793,92;139387591,33;178017469,81;169076410,79;
2202011;"Chojnice (1)";11394021,16;11961688,13;24553600,05;48077839,94;31175238,66;61014675,75;37216239,14;63564954,07;61781252,50;31761887,46;
2202023;"Brusy (3)";9047754,83;6593903,93;12158884,38;33296581,15;17839893,47;10856361,31;20023172,84;11355862,33;36535489,52;44519155,03;
2202032;"Chojnice (2)";6111369,61;7707498,21;15708318,60;20309539,42;18058245,03;36359691,59;31919953,56;25196862,39;20203339,66;44202055,67;
2202043;"Czersk (3)";10027317,92;10416545,90;11702188,67;15756123,35;12607050,88;19341626,79;24832104,44;30085451,72;48308558,56;38692633,00;
2202052;"Konarzyny (2)";1325005,94;358168,01;1093963,79;1155124,05;2096797,98;1916912,55;765323,94;9184460,82;11188829,57;9900679,63;
2203000;"Powiat człuchowski";23801486,82;21105731,35;32315636,96;66156163,69;59949822,69;51864324,56;51701510,02;63487064,72;84718218,87;111806897,32;
2203011;"Człuchów (1)";5915494,69;5682192,23;6604539,32;14755920,15;15361342,81;13827638,63;14643730,13;14716222,06;14382685,31;33949193,18;
2203023;"Czarne (3)";1672204,63;5164881,45;5969168,68;14311593,39;14209283,49;7401747,59;14447434,09;12665915,92;10759319,23;17068394,45;
2203032;"Człuchów (2)";4743990,78;3303336,40;3372823,98;12292211,97;8687064,44;15484242,17;8981820,89;10532743,73;18212204,37;9927948,83;
2203043;"Debrzno (3)";5948608,95;3186464,46;4388513,60;9247457,60;7361967,03;3964087,79;6486845,55;5769435,93;11894185,21;11050192,75;
2203052;"Koczała (2)";797815,70;1124763,10;1345302,08;1608953,46;2417894,37;3639589,23;1309242,03;834748,62;5559832,60;11876176,82;
2203062;"Przechlewo (2)";3354403,16;2262165,37;6889847,66;9174018,50;10991534,95;5367725,41;3765742,58;15976942,20;15224969,21;7368258,61;
2203072;"Rzeczenica (2)";1368968,91;381928,34;3745441,64;4766008,62;920735,60;2179293,74;2066694,75;2991056,26;8685022,94;20566732,68;
2204000;"Powiat gdański";99028463,31;94446614,43;113058402,01;188503154,46;165025030,70;111742360,65;126455310,97;155786432,65;197521704,02;199407629,06;
2204011;"Pruszcz Gdański (1)";26686564,87;30126843,69;24479749,25;43389998,43;33503504,67;23485362,19;30421013,53;54177863,15;58086464,82;41625950,58;
2204022;"Cedry Wielkie (2)";11036777,39;3529706,41;7838158,35;23093427,03;23420080,59;12498188,10;9056108,64;18713797,69;29525659,50;18924092,12;
2204032;"Kolbudy (2)";14884970,84;17473861,98;39628346,16;40291952,04;19410201,99;19690162,12;27046134,63;29691892,76;19733224,80;27313642,87;
2204042;"Pruszcz Gdański (2)";27319871,84;21689186,31;21870706,60;50082783,83;38482310,44;18611584,49;19399134,45;23114546,23;57631587,54;42746645,04;
2204052;"Przywidz (2)";5355394,31;10711617,59;3503330,69;5753153,04;15159368,19;7767022,69;20800040,49;7162998,77;6148134,78;8726686,59;
2204062;"Pszczółki (2)";5009903,60;5060429,09;7502624,97;5806756,85;7520875,86;12966144,45;6752576,90;3995739,41;10411560,88;28252765,40;
2204072;"Suchy Dąb (2)";1557754,67;700131,62;1776481,47;12953877,48;6044700,98;1725967,05;941897,46;9891807,44;3506613,54;18824545,90;
2204082;"Trąbki Wielkie (2)";7177225,79;5154837,74;6459004,52;7131205,76;21483987,98;14997929,56;12038404,87;9037787,20;12478458,16;12993300,56;
2205000;"Powiat kartuski";92592124,79;64231288,32;120352533,83;172255675,60;143172791,63;121941767,80;142476163,61;159144012,19;226108936,00;205670729,13;
2205012;"Chmielno (2)";4919998,77;4322773,80;7748689,98;11694875,91;3868615,93;4366659,97;3867740,28;8667197,90;21551099,18;13679958,50;
2205023;"Kartuzy (3)";6397976,25;8621109,65;27564005,02;50250861,43;39338703,10;25183894,48;40552282,04;48007378,60;36230597,95;45350213,06;
2205032;"Przodkowo (2)";8315217,11;3378197,99;15884689,51;19522986,03;9608725,82;8887105,45;15347888,34;5935431,66;13601194,55;12950510,09;
2205042;"Sierakowice (2)";17123616,13;9267728,39;19516142,13;26944859,17;24725979,66;26825415,94;23703021,17;18233028,40;34330680,99;37199374,46;
2205052;"Somonino (2)";5860968,69;6172173,22;5138858,85;11702358,79;17269073,88;9913655,42;11031720,44;14316267,79;11228094,07;21863596,07;
2205062;"Stężyca (2)";9670310,96;11480673,00;14254473,11;8215068,10;11888133,22;5016467,30;9369598,79;6245273,48;15014439,92;9535729,92;
2205072;"Sulęczyno (2)";5641148,54;2310307,89;6789236,93;4264988,04;6078282,99;3654398,61;4006774,78;5637375,43;11938070,05;11984242,78;
2205083;"Żukowo (3)";34662888,34;18678324,38;23456438,30;39659678,13;30395277,03;38094170,63;34597137,77;52102058,93;82214759,29;53107104,25;
2206000;"Powiat kościerski";50239494,36;37930835,66;70486375,39;106376911,83;67116535,81;62014732,94;83430791,40;96604967,54;142726996,14;143982368,44;
2206011;"Kościerzyna (1)";12386550,35;9306443,43;18719586,11;24912210,68;22234935,68;18628056,04;17790033,54;23509765,60;41951237,54;36557873,91;
2206022;"Dziemiany (2)";2310181,46;2923924,17;4597944,89;14490619,99;1280451,71;4701620,50;4216655,24;7948473,96;10640881,40;12890821,59;
2206032;"Karsin (2)";7206252,03;1384349,65;9650859,44;8058626,71;7379990,50;4845935,76;7951182,81;9737172,64;16500835,05;8869442,35;
2206042;"Kościerzyna (2)";10604203,36;10565600,22;15843620,51;21094165,27;10318393,76;17836253,67;26082155,69;22242996,17;23448954,65;26783437,88;
2206052;"Liniewo (2)";3098823,95;1789020,73;3120879,24;5276682,11;6404793,68;1137419,40;4437835,49;8540419,54;14541687,85;8745199,09;
2206062;"Lipusz (2)";1046359,38;1056390,98;2799436,53;9353832,82;2842109,10;5060043,00;7703807,20;4048388,76;7601481,22;17627001,83;
2206072;"Nowa Karczma (2)";5008785,90;1921063,49;9102467,03;14102294,95;5995472,16;3440699,67;8783551,98;7949849,26;16316877,02;11283441,13;
2206082;"Stara Kiszewa (2)";8578337,93;8984042,99;6651581,64;9088479,30;10660389,22;6364704,90;6465569,45;12627901,61;11725041,41;21225150,66;
2207000;"Powiat kwidzyński";25545587,99;33885568,59;40839917,56;73891033,39;33612725,04;30792421,52;35411785,11;65095520,93;93405869,82;106980425,24;
2207011;"Kwidzyn (1)";11482250,63;16648466,83;15774709,33;31511297,91;13245404,29;7167174,70;7954253,85;27453476,84;19933777,20;9548026,39;
2207022;"Gardeja (2)";2343673,30;2801088,54;5804799,80;8001945,05;1716972,60;2926981,03;3113076,88;7331492,70;6891675,51;23738946,75;
2207032;"Kwidzyn (2)";4400579,91;6330209,42;5624212,80;8759256,80;5249709,35;9216159,78;10046718,27;15060200,32;29236194,99;17648075,01;
2207043;"Prabuty (3)";3010924,07;5801005,01;4420237,75;11795326,09;6102206,04;6172435,41;5892647,76;3729607,20;12398783,25;16074250,88;
2207052;"Ryjewo (2)";1223645,06;930719,67;6534611,05;5774790,62;4040457,22;2749043,94;4591761,98;6011550,60;5375494,24;19556015,16;
2207062;"Sadlinki (2)";3084515,02;1374079,12;2681346,83;8048416,92;3257975,54;2560626,66;3813326,37;5509193,27;19569944,63;20415111,05;
2208000;"Powiat lęborski";68518106,37;28402635,72;40576782,55;66113604,48;80912658,98;60618160,83;60812528,35;77354316,29;117713185,71;140965165,57;
2208011;"Lębork (1)";48448668,54;15834776,84;17563339,90;30679886,61;46652792,93;32635701,33;32867635,64;17774066,04;35172468,26;49557766,28;
2208021;"Łeba (1)";2034834,27;3624956,62;8433251,57;14113874,84;11490528,12;7489252,14;9114844,88;20859407,01;33023219,21;32617230,60;
2208032;"Cewice (2)";8056084,42;4621510,38;2590539,93;2927505,24;2243709,53;6900123,74;4705886,73;8834882,55;19349637,62;19326975,87;
2208042;"Nowa Wieś Lęborska (2)";7673112,87;2775270,93;7560657,57;9212584,89;16410196,71;10899659,57;11353187,05;17916203,22;19706970,51;23162538,16;
2208052;"Wicko (2)";2305406,27;1546120,95;4428993,58;9179752,90;4115431,69;2693424,05;2770974,05;11969757,47;10460890,11;16300654,66;
2209000;"Powiat malborski";23290947,19;23680769,41;33280895,06;74907305,68;46615120,60;29729869,80;39033912,49;44129635,96;79155442,16;74533224,39;
2209011;"Malbork (1)";10366335,10;12308672,60;16218420,95;38312627,73;32052981,42;10785801,43;20865599,08;19420885,08;29838466,46;17537872,29;
2209032;"Lichnowy (2)";2117068,21;702151,11;1122490,62;2416454,65;4127588,63;4596626,79;2418139,60;6526857,86;9589271,23;11461032,00;
2209042;"Malbork (2)";2449604,46;5499555,68;1898340,77;6983084,56;3201222,29;3678667,96;2217792,56;3465230,55;5543489,83;5661316,01;
2209062;"Miłoradz (2)";2369661,22;1124481,81;1452196,59;968302,11;303326,32;1887677,31;3911997,77;5445284,78;8891781,58;8406250,43;
2209073;"Nowy Staw (3)";3417900,33;2190002,30;9240954,40;14076464,72;3393034,03;3676233,80;5500062,50;2853232,74;21788464,75;23847546,73;
2209082;"Stare Pole (2)";2570377,87;1855905,91;3348491,73;12150371,91;3536967,91;5104862,51;4120320,98;6418144,95;3503968,31;7619206,93;
2210000;"Powiat nowodworski";12235106,46;16365374,95;26457332,96;54037016,87;40995819,36;23536492,34;34409343,63;44267118,30;61798133,17;72349323,01;
2210011;"Krynica Morska (1)";905488,35;5954309,64;8874782,46;11439308,36;7274872,96;1656622,39;3134800,02;9282490,81;10607852,14;5802275,09;
2210023;"Nowy Dwór Gdański (3)";6096103,18;5948960,94;7038131,21;18578606,51;16349874,19;12922442,05;9234867,37;12999940,67;18577111,92;34605483,90;
2210032;"Ostaszewo (2)";758478,73;977831,85;2156844,71;2958231,31;3128478,46;948760,75;4015814,11;3218637,42;7753399,33;11385669,73;
2210042;"Stegna (2)";2949862,98;2296217,43;7710289,38;13581038,62;9968740,54;5856717,03;14510922,57;16386936,98;15333772,70;17007284,48;
2210052;"Sztutowo (2)";1525173,22;1188055,09;677285,20;7479832,07;4273853,21;2151950,12;3512939,56;2379112,42;9525997,08;3548609,81;
2211000;"Powiat pucki";95249949,86;36202232,85;61523226,53;128395063,65;104180078,91;103424059,85;102795975,54;179609912,30;212181820,95;124915332,83;
2211011;"Hel (1)";2163690,37;573410,95;658410,25;843708,39;3809079,53;2684673,97;3377828,60;2725976,14;7048831,31;7240350,91;
2211021;"Jastarnia (1)";2763296,34;3082948,53;;;;;;;;;
2211023;"Jastarnia (3)";;;3565309,31;6485813,70;4861768,56;3114844,19;2803419,63;6947250,31;12646159,92;7250517,23;
2211031;"Puck (1)";4560073,23;4306175,21;6325969,42;13292821,81;19264493,49;17874586,45;10993856,76;25261992,41;27762002,96;3883026,71;
2211043;"Władysławowo (3)";11632108,36;4401447,00;17073015,21;33474598,76;19930865,39;17973616,68;17086274,22;51431160,56;39890008,87;25428067,45;
2211052;"Kosakowo (2)";13617370,22;7379253,04;15194746,48;27840081,22;24879452,52;31208867,49;26750596,51;46391496,81;55041269,18;32188311,15;
2211062;"Krokowa (2)";53587921,59;7412243,04;6390888,82;15470501,98;7518659,88;4698887,18;11475505,01;13708201,46;27310719,99;27709639,97;
2211072;"Puck (2)";6925489,75;9046755,08;12314887,04;30987537,79;23915759,54;25868583,89;30308494,81;33143834,61;42482828,72;21215419,41;
2212000;"Powiat słupski";103592267,80;65680136,07;101446229,62;139646404,62;122718962,10;128952933,76;172064016,71;223259427,33;263160846,91;235952112,71;
2212011;"Ustka (1)";25790877,38;5424743,34;14030117,15;16862942,59;15029355,23;34667440,31;44129367,53;30688429,86;23327538,61;13234616,19;
2212022;"Damnica (2)";2316510,10;3002600,84;3981923,29;6291005,03;3150168,31;3938079,03;4594272,01;8190354,58;14702912,98;18506632,58;
2212032;"Dębnica Kaszubska (2)";2961225,10;3052149,51;6194278,41;12199136,64;10605899,58;3427609,19;12670437,34;5747506,39;13978813,83;16311897,53;
2212042;"Główczyce (2)";3320450,40;3081236,08;3925522,60;5873019,53;8077355,18;3270932,57;9092415,59;14281665,42;16279049,88;16931801,99;
2212053;"Kępice (3)";4362508,63;5144038,89;12082978,11;13514073,21;7983095,69;8549750,38;12579021,35;22734197,54;23447151,22;24122244,86;
2212062;"Kobylnica (2)";9878147,40;9978288,17;16892690,10;28868253,45;19133776,87;15786616,23;21860603,33;46114217,56;34134979,04;19732104,03;
2212072;"Potęgowo (2)";3497155,86;5243517,19;5270256,70;8495711,53;8448945,25;7292307,49;12902699,69;9877804,74;18643388,53;16432210,90;
2212082;"Redzikowo (2)";32781016,92;24156926,32;28189920,22;36635816,11;33672644,86;39505976,78;38781087,72;53625599,97;77334339,67;72150899,94;
2212092;"Smołdzino (2)";3578490,00;909729,34;1295891,37;1149584,58;1168482,54;3517341,51;2208367,30;6291889,60;17922468,11;10571241,22;
2212102;"Ustka (2)";15105886,01;5686906,39;9582651,67;9756861,95;15449238,59;8996880,27;13245744,85;25707761,67;23390205,04;27958463,47;
2213000;"Powiat starogardzki";42658571,36;42412669,47;80735313,48;147259548,00;114845608,50;106336952,62;94312336,66;149343461,49;200151114,83;215205571,19;
2213013;"Czarna Woda (3)";973852,18;335836,48;1281970,92;2948994,27;2277401,45;2601143,01;1685325,94;12422819,71;4745536,28;8159287,36;
2213021;"Skórcz (1)";424723,51;499368,04;800459,27;3956952,51;1943051,15;7963500,86;4959921,78;9629288,74;11915429,53;8444882,79;
2213031;"Starogard Gdański (1)";16323225,87;10833008,77;33616718,10;73862206,21;29877327,63;26092764,43;24817230,24;33714503,97;19720005,92;34071725,79;
2213042;"Bobowo (2)";608760,79;1014644,53;4246594,89;4008914,88;2207662,96;3551125,42;3129756,72;8499980,88;6257548,66;7497845,49;
2213052;"Kaliska (2)";1366600,03;1838519,78;3421421,32;9911788,09;16700290,87;5514832,23;2306818,34;7261441,64;22781843,88;9572619,93;
2213062;"Lubichowo (2)";2613484,21;2658519,17;3617927,92;3407846,38;7660555,76;6958774,73;8659151,40;9828295,97;19423912,08;15437646,48;
2213072;"Osieczna (2)";417161,69;283913,08;407433,47;262348,37;182302,67;433508,87;522937,72;3579512,43;2101282,80;11689066,91;
2213082;"Osiek (2)";189004,53;179485,92;2520923,06;2700081,35;3036325,31;1987870,65;2162725,38;2466577,76;7810498,12;15631601,82;
2213093;"Skarszewy (3)";3148122,95;3000191,41;9881928,22;9128021,47;4592343,18;10805024,08;7153595,22;9061834,34;23444805,74;33079752,84;
2213102;"Skórcz (2)";2068595,60;1656511,51;3176055,36;4498416,22;5653324,99;4322458,63;1749366,51;4776844,00;19343043,52;16396464,04;
2213112;"Smętowo Graniczne (2)";2949409,98;1602609,38;2938190,75;3533720,87;7031348,47;3447421,09;3083459,52;4731056,87;13439936,36;11790075,00;
2213122;"Starogard Gdański (2)";4549290,30;9858969,36;10191596,29;15824521,11;22734424,40;18420537,70;14304518,90;28428014,21;28315603,59;27744063,69;
2213132;"Zblewo (2)";7026339,72;8651092,04;4634093,91;13215736,27;10949249,66;14237990,92;19777528,99;14943290,97;20851668,35;15690539,05;
2214000;"Powiat tczewski";46479886,43;35226443,04;68996298,65;85548787,89;57712742,38;70443279,21;73847789,75;94614205,29;94108128,08;79099512,24;
2214011;"Tczew (1)";21675077,73;13884800,05;33506032,49;35222009,49;30874537,76;42505734,67;43389320,96;42539840,25;26466201,39;18283499,55;
2214023;"Gniew (3)";4059937,44;5697876,33;9197395,55;17741220,88;8073273,95;6742135,68;8340123,78;11025550,70;14756742,56;21675223,10;
2214032;"Morzeszczyn (2)";1217233,58;1957353,77;3062316,06;587260,66;567296,79;1560331,94;2029846,11;7857985,91;10339878,92;3794735,12;
2214043;"Pelplin (3)";4853081,19;3567364,05;10479266,53;20339993,65;4400537,37;6378923,83;3670709,54;11143871,10;14301372,03;12506757,43;
2214052;"Subkowy (2)";1627816,71;651265,10;1193490,16;2948638,13;2418002,81;1142428,11;1154242,07;5910382,26;10727109,16;9744135,02;
2214062;"Tczew (2)";13046739,78;9467783,74;11557797,86;8709665,08;11379093,70;12113724,98;15263547,29;16136575,07;17516824,02;13095162,02;
2215000;"Powiat wejherowski";139550437,29;103267269,23;131174853,95;236763317,64;206799019,53;163438238,26;182559250,63;193907677,46;277773180,99;239805435,31;
2215011;"Reda (1)";12425839,31;7211920,75;9032904,48;21152155,59;29277437,28;12755991,62;6609914,56;17215389,89;20136398,48;13919424,31;
2215021;"Rumia (1)";17896270,29;14797692,44;16388834,02;31569054,21;25239680,86;51737607,46;58022203,22;52030409,15;40355518,34;45749439,53;
2215031;"Wejherowo (1)";37744376,47;29101644,29;26440882,03;49380873,12;38859631,99;40516890,37;45758941,43;60006015,08;74394466,20;39906007,71;
2215042;"Choczewo (2)";2751868,20;1973057,30;3287401,22;4309834,40;3400771,42;3630190,13;5798169,09;6064139,71;31356896,71;18713448,92;
2215052;"Gniewino (2)";3785685,47;2889927,53;6040296,23;8628639,39;8040969,83;4858430,41;4308277,98;3879089,40;33308918,45;13058393,81;
2215062;"Linia (2)";3020591,69;5657842,84;4767619,35;7482817,34;2096260,46;3245432,36;5937945,96;9470230,85;14106976,91;13921372,95;
2215072;"Luzino (2)";7801650,23;6468119,78;9040412,66;49881150,51;20401484,44;8881554,03;9766484,17;7736450,42;7858886,63;13613297,48;
2215082;"Łęczyce (2)";6687894,39;7240660,43;18326184,95;7921018,08;7573765,18;7810867,54;11251859,43;7728552,06;9030767,79;22677952,96;
2215092;"Szemud (2)";23495717,25;8206461,42;21114791,85;32240112,28;39737716,70;17708785,48;22327312,29;15546771,14;24285664,03;31226769,57;
2215102;"Wejherowo (2)";23940543,99;19719942,45;16735527,16;24197662,72;32171301,37;12292488,86;12778142,50;14230629,76;22938687,45;27019328,07;
2216000;"Powiat sztumski";16824837,80;21665964,24;14355408,41;48594256,09;29174839,87;30099593,42;26860476,59;43298162,87;61641407,53;65071084,32;
2216013;"Dzierzgoń (3)";2188998,48;1869071,74;3740661,70;5092575,88;6925845,68;7220442,25;6933373,30;12016063,96;20169053,73;19102257,88;
2216022;"Mikołajki Pomorskie (2)";2909233,12;1543449,28;2041128,96;9935268,60;2680007,27;3181613,10;2360803,94;5381164,59;6455104,11;10809308,58;
2216032;"Stary Dzierzgoń (2)";962104,75;514125,32;933589,08;572321,95;1968744,60;4115787,01;1919839,33;1516235,01;9218209,29;5027233,97;
2216042;"Stary Targ (2)";1751363,11;1668145,60;1025161,60;2795057,92;4633943,49;7724403,21;2318610,98;10821777,50;13412187,34;9987698,70;
2216053;"Sztum (3)";9013138,34;16071172,30;6614867,07;30199031,74;12966298,83;7857347,85;13327849,04;13562921,81;12386853,06;20144585,19;
2261000;"Powiat m. Gdańsk";538956955,44;408047507,52;348920864,11;569360609,32;592991384,00;533673553,30;439710847,76;466484889,43;536638018,21;511120240,01;
2261011;"Gdańsk (1)";538956955,44;408047507,52;348920864,11;569360609,32;592991384,00;533673553,30;439710847,76;466484889,43;536638018,21;511120240,01;
2262000;"Powiat m. Gdynia";182432186,23;75781941,22;146794421,44;226801544,63;402880267,21;258556790,41;188280860,53;200911159,50;302467464,47;204345934,72;
2262011;"Gdynia (1)";182432186,23;75781941,22;146794421,44;226801544,63;402880267,21;258556790,41;188280860,53;200911159,50;302467464,47;204345934,72;
2263000;"Powiat m. Słupsk";83096932,54;32232074,57;39385107,33;74962011,54;89265649,01;93207853,08;75988465,22;98662777,85;169701321,86;150533235,54;
2263011;"Słupsk (1)";83096932,54;32232074,57;39385107,33;74962011,54;89265649,01;93207853,08;75988465,22;98662777,85;169701321,86;150533235,54;
2264000;"Powiat m. Sopot";61345675,92;47712363,19;46048652,87;69968770,44;61111001,55;63111004,85;73155699,38;83093462,47;99373896,02;67827347,99;
2264011;"Sopot (1)";61345675,92;47712363,19;46048652,87;69968770,44;61111001,55;63111004,85;73155699,38;83093462,47;99373896,02;67827347,99;
2400000;"ŚLĄSKIE";3369181980,99;2156503165,32;2647744611,35;3990366132,06;4190056127,53;3975702412,27;3990951042,65;5096239565,49;7023719542,30;5508610923,08;
2401000;"Powiat będziński";84238881,14;68679688,61;90012185,95;104774888,54;116130479,08;138354146,80;164184611,04;169075651,05;203632507,84;200033888,75;
2401011;"Będzin (1)";6924291,91;12553129,88;10758993,17;17865135,32;15039678,05;18794101,52;22088985,79;22244423,78;29934953,36;32385977,42;
2401021;"Czeladź (1)";14125754,13;17090689,90;18381041,18;27838283,34;35558829,30;40411446,85;55653473,19;46567999,37;62993752,39;58273537,90;
2401031;"Wojkowice (1)";4833822,24;3613824,55;1887701,88;754818,85;2057098,22;10374262,13;6440975,26;7952648,42;17254935,78;23770530,38;
2401042;"Bobrowniki (2)";10818479,29;9756404,43;20418911,02;11379894,46;14533898,98;20164024,23;24199410,63;34110187,47;44972166,83;27947674,25;
2401052;"Mierzęcice (2)";11226442,47;1117124,10;1389524,20;6287653,22;4311698,01;5358430,27;7587367,08;5765546,38;15515312,56;11585939,77;
2401062;"Psary (2)";12224095,32;9537175,52;16405325,61;21244069,32;21365375,84;13195916,35;15211414,19;16639262,76;13059214,15;16387334,00;
2401073;"Siewierz (3)";11592395,48;13180782,64;17718881,68;15650219,62;15398920,79;19090582,81;25832423,26;33383461,62;15104310,47;18008465,26;
2401081;"Sławków (1)";12493600,30;1830557,59;3051807,21;3754814,41;7864979,89;10965382,64;7170561,64;2412121,25;4797862,30;11674429,77;
2402000;"Powiat bielski";74260542,70;48601522,81;73496259,70;130027205,00;175457038,47;140466932,58;123952987,20;162773473,63;222205171,08;212097784,07;
2402011;"Szczyrk (1)";462440,99;3122332,74;1577127,10;8044089,89;3177474,60;2350275,33;6340481,19;11119936,05;9372407,65;13485965,41;
2402022;"Bestwina (2)";1751483,08;2534133,47;7005348,37;8140755,21;10152984,01;8236239,67;5467316,36;11142103,17;17608708,54;12291691,53;
2402032;"Buczkowice (2)";2858045,14;6767587,07;4414220,61;13652116,48;19319464,27;16729223,62;4905077,71;6726902,56;14644761,17;15730560,61;
2402043;"Czechowice-Dziedzice (3)";12785169,37;9427601,27;18743417,08;30386707,00;38504889,66;28721081,83;25567442,23;25211980,55;40481357,43;32940979,86;
2402052;"Jasienica (2)";8923202,51;3173928,52;7177431,03;18382274,24;21289091,20;12582924,38;17646183,92;32651128,15;27890579,49;47488849,30;
2402062;"Jaworze (2)";13968787,70;2205586,60;6403040,25;7413134,01;3585607,88;5277024,34;8676919,99;5723704,22;1745104,57;13233981,06;
2402072;"Kozy (2)";6435726,19;6891314,09;9923624,57;14288351,40;9816012,56;16368313,05;17431154,47;18419802,41;31529020,42;19060650,95;
2402082;"Porąbka (2)";10285193,97;3562916,21;3484156,03;5320996,09;11307081,87;6654508,15;4722386,67;11098406,51;23770784,99;12096469,67;
2402093;"Wilamowice (3)";7908341,84;7084502,48;6838949,63;11597538,40;31478287,17;7793827,86;9557104,55;19289457,14;22806102,87;32113657,84;
2402102;"Wilkowice (2)";8882151,91;3831620,36;7928945,03;12801242,28;26826145,25;35753514,35;23638920,11;21390052,87;32356343,95;13654977,84;
2403000;"Powiat cieszyński";99114258,63;64388775,51;111361246,29;140545899,66;146790480,59;155445163,04;141579527,73;175156854,98;223503550,48;260377870,32;
2403011;"Cieszyn (1)";28349892,22;7226226,67;24354662,84;12999866,83;29396059,23;19733931,30;14848606,93;42155969,32;53638715,35;43435821,97;
2403021;"Ustroń (1)";14547526,40;12330794,23;22813857,27;20731814,32;12717372,15;20921982,18;19313776,42;21300429,81;18504830,73;28088815,66;
2403031;"Wisła (1)";4655830,91;4831573,70;5582714,66;11539002,53;19064791,36;7789149,19;10247911,88;18640706,98;21348858,94;25073402,79;
2403042;"Brenna (2)";5775950,86;4919607,24;7974343,23;10147245,17;13237163,53;10849067,69;3995243,28;7514320,18;7759309,04;9789219,81;
2403052;"Chybie (2)";5444054,78;2805621,30;6139705,59;7535952,98;14258544,56;30178524,08;24784406,20;10145926,49;10285606,83;14957906,58;
2403062;"Dębowiec (2)";2806386,16;2342795,69;3040547,57;6593997,60;5151205,72;2271666,31;3387029,83;3097284,77;10102460,13;13650419,43;
2403072;"Goleszów (2)";4432405,64;5262336,63;5017662,65;7868533,02;6582756,04;8015547,41;11518058,22;18186579,57;15650179,51;26145236,99;
2403082;"Hażlach (2)";5722662,87;4487082,68;5841033,19;8529629,77;12945124,77;7076327,84;6263817,04;9353761,03;11635172,39;19142181,88;
2403092;"Istebna (2)";7617378,32;3984357,72;7614682,42;22267637,58;6140598,44;10645614,07;17143799,00;8646882,37;27983672,52;15064061,09;
2403103;"Skoczów (3)";9515603,43;5326193,87;4882012,91;14212965,78;9429265,03;26332500,09;13239798,51;7244693,30;18735816,12;28407130,99;
2403113;"Strumień (3)";5959391,21;4860647,13;5222549,03;7241603,67;6113633,34;7058565,73;7686868,03;17936050,15;19085389,43;20954150,77;
2403122;"Zebrzydowice (2)";4287175,83;6011538,65;12877474,93;10877650,41;11753966,42;4572287,15;9150212,39;10934251,01;8773539,49;15669522,36;
2404000;"Powiat częstochowski";77184866,62;47431268,50;78823496,08;160848911,92;118512010,34;98342095,46;94175669,67;144053853,00;292390242,85;257849945,32;
2404013;"Blachownia (3)";4401368,16;5983588,62;7543942,48;16898600,41;18220787,58;5148503,27;5556786,50;7174946,44;19670775,93;23912016,82;
2404022;"Dąbrowa Zielona (2)";3790146,98;987457,21;1600297,17;6709724,46;1975616,77;1340877,27;3408562,79;4051424,52;16201884,57;10649933,71;
2404032;"Janów (2)";2805174,47;849418,45;4548774,76;2752077,45;2699195,71;8100001,41;6519504,57;11510484,52;23046142,80;10596303,54;
2404042;"Kamienica Polska (2)";2671506,63;286378,16;922583,21;1571693,90;5683254,31;6361618,12;4182387,66;6988741,38;5609672,57;4354043,03;
2404052;"Kłomnice (2)";7378525,15;1881771,85;4561191,91;15821982,40;3655168,81;4457959,47;5640914,47;8930806,52;10329908,17;21056512,50;
2404063;"Koniecpol (3)";1377498,62;3150429,53;8281458,51;14888473,37;8607263,83;7448517,27;9533194,77;8229652,88;28828993,75;32432237,37;
2404072;"Konopiska (2)";9154119,76;4967718,87;7147010,08;9962064,01;5764666,42;4392742,10;3674991,64;8472527,28;20562890,14;14995607,61;
2404082;"Kruszyna (2)";2012729,91;725617,39;4300407,60;9936382,40;6719552,72;3674277,89;8095336,51;13966768,28;20867300,71;1878639,72;
2404092;"Lelów (2)";6051939,12;2798227,55;1677396,29;6505937,62;9068202,32;4218052,73;2590805,55;8975140,65;14418728,88;22267703,36;
2404102;"Mstów (2)";4222303,27;4732371,94;3538800,68;12342677,10;7526071,17;6333397,59;14454513,18;6080143,50;17995650,11;18644760,55;
2404112;"Mykanów (2)";6020221,26;7467169,60;9050990,33;17425107,55;4133764,80;20069188,61;7830667,55;19043208,68;15872262,77;21350062,85;
2404122;"Olsztyn (2)";5493340,92;3325723,44;5203904,45;16007930,25;7722691,99;3713797,77;7092046,01;;;;
2404123;"Olsztyn (3)";;;;;;;;11392160,51;16502368,93;23282914,13;
2404132;"Poczesna (2)";13910075,06;1898883,92;4524551,21;7216321,89;13533267,42;4389159,68;3278034,78;7693708,67;23806349,38;9011647,23;
2404142;"Przyrów (2)";1850715,07;1373323,09;4037669,54;6487799,95;4478585,11;4159446,29;2502167,86;8384779,59;20190148,84;;
2404143;"Przyrów (3)";;;;;;;;;;12535723,92;
2404152;"Rędziny (2)";3536529,75;6044324,87;9806065,04;14199603,55;15436348,97;12149127,20;7884218,03;5893347,62;27587308,99;17984061,76;
2404162;"Starcza (2)";2508672,49;958864,01;2078452,82;2122535,61;3287572,41;2385428,79;1931537,80;7266011,96;10899856,31;12897777,22;
2405000;"Powiat gliwicki";53840031,38;57878853,62;67897554,11;120521289,88;125882186,76;100330638,37;75594873,46;152193790,55;168209157,15;195867287,33;
2405011;"Knurów (1)";18534149,26;27157868,62;29892405,11;43420715,35;49363680,28;37415879,39;25939980,70;56609152,17;50448839,82;67782200,28;
2405021;"Pyskowice (1)";2723875,35;3413183,53;7501739,54;23078788,67;32657252,21;11557024,85;8616212,99;17368625,65;29087922,30;24534546,40;
2405032;"Gierałtowice (2)";5530249,54;2551277,47;5895117,52;11371210,74;4244537,65;5042690,09;8783602,25;10369094,71;12450225,59;10969421,34;
2405042;"Pilchowice (2)";5877341,65;8727854,59;8221795,99;12409488,88;10714354,00;13741660,47;12758687,02;18725450,98;18041138,64;23261644,37;
2405052;"Rudziniec (2)";8401298,03;6996886,25;5011165,87;14914483,01;8105182,27;8251060,46;5792860,46;11915043,10;16080385,47;15513444,81;
2405063;"Sośnicowice (3)";6701686,47;3587878,48;5756400,51;10758577,85;15134571,93;18675654,68;5164114,23;25789112,26;19169818,06;13142828,47;
2405073;"Toszek (3)";4792606,98;2652274,22;2546808,84;2151472,92;3559953,05;3707765,99;4584826,76;7174991,29;7988456,14;30583732,41;
2405082;"Wielowieś (2)";1278824,10;2791630,46;3072120,73;2416552,46;2102655,37;1938902,44;3954589,05;4242320,39;14942371,13;10079469,25;
2406000;"Powiat kłobucki";34439641,68;36581719,77;58727252,29;104143209,44;61305520,47;43714109,16;51806445,39;77844915,60;113032480,34;123824658,62;
2406013;"Kłobuck (3)";6832808,94;6507509,36;8651794,81;20921627,93;8857847,63;8691763,82;7648313,49;14494416,64;25530745,23;11862158,86;
2406023;"Krzepice (3)";4006379,72;4520384,33;4770135,41;10493084,31;6033617,69;3976028,36;6201189,01;6225469,63;5173527,65;14036079,41;
2406032;"Lipie (2)";4068138,58;6979321,51;2477129,14;6907113,53;7703260,21;3038816,29;7352366,01;6902138,67;13163875,63;17886293,75;
2406042;"Miedźno (2)";2568681,49;2214853,32;12863861,98;8758472,24;8488847,28;6372227,15;8746346,80;13276614,02;12928331,02;3372392,54;
2406052;"Opatów (2)";2181135,66;1131138,15;1487961,89;9245076,15;2879311,70;3886822,59;2948546,46;3072046,05;12936930,94;17210077,40;
2406062;"Panki (2)";2787278,35;883996,41;4804523,13;11103351,38;1701554,77;4556792,06;1385496,69;8731749,21;6540485,39;9061719,49;
2406072;"Popów (2)";3196548,72;747691,80;3462323,58;4578456,85;10051499,33;6535841,37;7097069,15;10845417,26;15195238,62;19848262,87;
2406082;"Przystajń (2)";3497788,84;4136931,41;8155406,11;11351127,63;7065801,67;3878505,38;3803642,07;10779879,38;15468075,63;8770224,11;
2406092;"Wręczyca Wielka (2)";5300881,38;9459893,48;12054116,24;20784899,42;8523780,19;2777312,14;6623475,71;3517184,74;6095270,23;21777450,19;
2407000;"Powiat lubliniecki";73565688,75;40963924,42;48114947,32;73872261,82;92664019,81;100157232,39;86239296,34;90118322,60;157472076,36;131078346,83;
2407011;"Lubliniec (1)";22797543,99;14096029,18;21506643,26;18224540,83;25061536,99;43328384,87;31390251,10;22384412,28;18193369,05;19109130,65;
2407022;"Boronów (2)";4273205,48;5510524,51;1792358,86;3146498,55;4618648,81;2820444,24;3350576,11;8964007,22;20754446,52;17085202,21;
2407032;"Ciasna (2)";13128198,55;8469994,06;7182562,36;16922305,27;18447503,51;14350486,37;9806080,72;12084160,06;16772180,26;14794784,52;
2407042;"Herby (2)";2910987,07;1629030,82;1460627,98;6239721,03;14450332,87;6363470,19;5176169,27;7333906,80;23965909,47;28916988,71;
2407052;"Kochanowice (2)";1613817,24;1241103,41;1549258,76;4478678,72;3215615,55;10796379,50;12590228,15;18013608,38;22110451,79;14523879,20;
2407062;"Koszęcin (2)";12188771,42;4224755,62;6182312,42;10970763,24;4488318,27;2542851,40;7959591,03;5918071,32;10653761,25;16483331,28;
2407072;"Pawonków (2)";1295735,00;1043435,39;1582900,57;3653228,72;10448532,87;12074753,67;4343870,15;6149648,70;29297350,34;4597519,09;
2407083;"Woźniki (3)";15357430,00;4749051,43;6858283,11;10236525,46;11933530,94;7880462,15;11622529,81;9270507,84;15724607,68;15567511,17;
2408000;"Powiat mikołowski";34594914,89;35992742,02;41548227,76;64076263,56;50515322,16;87721380,95;81215259,25;91953711,59;131749123,66;139885428,02;
2408011;"Łaziska Górne (1)";8551721,93;12367517,53;7015445,00;9466214,94;9249350,21;13638001,17;13047626,28;16014532,65;15948902,98;22607068,03;
2408021;"Mikołów (1)";8331345,47;12629897,14;16156325,56;29016271,88;25282484,59;40064061,08;36352210,87;46323555,28;61951508,45;46743768,03;
2408031;"Orzesze (1)";3730921,44;4943605,87;5549305,55;7749586,14;6520342,26;21363839,68;13389016,66;9279010,33;12632437,58;26995542,31;
2408042;"Ornontowice (2)";8605076,93;2577032,82;4920751,05;6884896,37;2671451,77;4421382,85;5192258,94;6837872,65;17338172,21;25549459,78;
2408052;"Wyry (2)";5375849,12;3474688,66;7906400,60;10959294,23;6791693,33;8234096,17;13234146,50;13498740,68;23878102,44;17989589,87;
2409000;"Powiat myszkowski";57646540,19;27393127,03;40012018,96;82514573,34;53112439,14;32289886,52;44125113,08;88772375,26;137593713,78;92700081,02;
2409011;"Myszków (1)";13557147,36;12845862,15;13584965,01;25081532,00;20844017,43;13418943,81;11571288,70;24159162,72;40904398,84;34971821,41;
2409023;"Koziegłowy (3)";19202630,76;5784373,36;13267487,06;28481545,22;15119070,56;9413062,07;15219578,82;41249168,26;52904967,32;23351034,81;
2409032;"Niegowa (2)";2821157,01;2961741,22;4084471,75;8162193,93;5815919,60;3338999,29;3665359,45;12563372,01;16287842,04;11451379,50;
2409042;"Poraj (2)";8446089,69;4195523,55;2124774,66;7162742,65;3353510,74;1803195,96;5664800,74;3012513,02;13955179,13;15109892,90;
2409053;"Żarki (3)";13619515,37;1605626,75;6950320,48;13626559,54;7979920,81;4315685,39;8004085,37;7788159,25;13541326,45;7815952,40;
2410000;"Powiat pszczyński";42416050,94;43683887,58;64566085,18;89725600,83;73748204,73;72541100,24;72585217,65;140496586,74;187320818,84;126275560,53;
2410012;"Goczałkowice-Zdrój (2)";3785299,21;2794580,37;5604679,64;8173646,17;7569131,42;8618494,71;7762895,71;12007616,34;13335474,09;13356423,67;
2410022;"Kobiór (2)";2814567,69;1763990,27;3334406,18;7409242,27;6106938,71;3707622,28;3549565,42;5543243,71;21916198,19;2335111,11;
2410032;"Miedźna (2)";1979097,56;2064094,81;7908574,98;11364657,77;5835233,08;3139348,62;9381584,08;17033932,26;17686100,37;12013504,71;
2410042;"Pawłowice (2)";11578186,54;21648833,52;19102461,24;20282188,95;17454954,14;25986766,67;20874695,09;40187801,53;33973981,40;28451146,13;
2410053;"Pszczyna (3)";15993884,74;12302453,06;24063284,44;35502401,01;33665699,82;28375912,26;24029239,34;49778266,52;88343985,08;55130788,30;
2410062;"Suszec (2)";6265015,20;3109935,55;4552678,70;6993464,66;3116247,56;2712955,70;6987238,01;15945726,38;12065079,71;14988586,61;
2411000;"Powiat raciborski";55479647,02;34267948,15;55709865,09;63354257,44;83878259,94;61346023,84;92108334,04;102339148,73;169365204,26;161722810,60;
2411011;"Racibórz (1)";20672088,13;17901340,09;30222845,22;29036831,30;29446627,92;17951220,64;37563663,53;44156314,91;51613178,11;60100310,07;
2411022;"Kornowac (2)";9678696,88;976835,79;2200593,86;7569417,84;14627782,48;5222262,26;13384215,71;13964850,72;18564291,45;14908802,62;
2411033;"Krzanowice (3)";914720,82;1512936,22;871031,72;2068568,25;1622298,53;2534409,59;2633080,69;2533833,03;11354978,54;8968481,01;
2411042;"Krzyżanowice (2)";10287576,72;5510058,01;11410837,54;10528000,48;14895301,66;16043017,62;15934497,72;11229023,04;30510015,65;16398183,61;
2411053;"Kuźnia Raciborska (3)";3303404,25;1232186,25;3649656,60;3135647,77;3720628,93;10110998,90;9121649,01;15506380,91;14573621,55;11855356,48;
2411062;"Nędza (2)";1869174,02;3115690,19;2176425,10;4665935,39;6697881,11;2426173,08;3446770,71;7883555,69;6540064,00;19939359,70;
2411072;"Pietrowice Wielkie (2)";6584917,96;1626831,69;2878876,14;2389449,01;4153323,99;3395818,75;6806890,37;3840042,62;20035026,29;14653134,99;
2411082;"Rudnik (2)";2169068,24;2392069,91;2299598,91;3960407,40;8714415,32;3662123,00;3217566,30;3225147,81;16174028,67;14899182,12;
2412000;"Powiat rybnicki";26612465,30;26380100,75;32370282,10;34074689,74;40522906,16;57669493,91;50151807,57;76344648,34;67490537,74;88932934,39;
2412013;"Czerwionka-Leszczyny (3)";9803482,84;7036750,25;8819319,66;16806153,13;19087480,28;31683421,64;24645562,87;28446325,43;18138576,86;25824376,91;
2412022;"Gaszowice (2)";957041,90;1731415,56;2824150,34;5286316,65;2070604,19;6695934,53;6414944,89;9979546,12;10302821,55;20975408,90;
2412032;"Jejkowice (2)";1465418,41;1547626,30;1627288,67;2718900,81;3507932,52;2424792,57;2960424,07;4686269,53;6496976,11;15172834,44;
2412042;"Lyski (2)";1736704,24;3731081,00;3032374,13;2735425,97;7122028,36;7464220,00;9165910,68;18961887,94;15552215,01;15668579,16;
2412052;"Świerklany (2)";12649817,91;12333227,64;16067149,30;6527893,18;8734860,81;9401125,17;6964965,06;14270619,32;16999948,21;11291734,98;
2413000;"Powiat tarnogórski";139552854,46;42405650,85;77851101,04;93390302,91;117931474,59;100756159,82;83408711,74;197836221,02;269514173,96;216539272,08;
2413011;"Kalety (1)";6174714,16;2864979,45;9331075,67;9089838,67;10084511,97;5516289,72;4377380,46;10761788,07;20897021,42;22463122,72;
2413021;"Miasteczko Śląskie (1)";5952508,67;3767625,93;5580637,84;7736839,82;2187423,69;4066236,29;6374161,81;1606468,57;6130294,50;14826256,01;
2413031;"Radzionków (1)";7554234,58;4711211,16;14014712,28;13758755,31;29611228,57;16052951,69;7639057,79;15310922,63;27629931,00;19728844,38;
2413041;"Tarnowskie Góry (1)";79733704,13;19535624,18;25733069,59;36272729,67;40764452,27;29309362,72;26480039,98;66861716,95;105013396,85;84555133,16;
2413052;"Krupski Młyn (2)";502876,37;393514,17;2834100,88;231616,66;133176,99;1045668,72;800846,94;4957348,59;17331656,55;3523932,61;
2413062;"Ożarowice (2)";17884371,49;1902363,58;5042622,35;5488035,13;9525958,42;12924789,57;13812176,53;26177128,78;22436909,23;21943311,75;
2413072;"Świerklaniec (2)";11602937,58;4470856,63;5876358,90;11755017,83;7984996,73;13505904,93;13098571,88;41012190,20;39158205,31;16497496,92;
2413082;"Tworóg (2)";1576940,37;1990552,09;1719842,00;1697658,79;10249340,04;8573594,40;1788351,20;12454243,49;5415711,00;14035771,86;
2413092;"Zbrosławice (2)";8570567,11;2768923,66;7718681,53;7359811,03;7390385,91;9761361,78;9038125,15;18694413,74;25501048,10;18965402,67;
2414000;"Powiat bieruńsko-lędziński";49459774,65;29007438,11;39536981,02;64606045,07;70985369,15;42952563,19;45219621,17;56277626,50;89843196,03;69660139,66;
2414011;"Bieruń (1)";24329462,96;14164881,67;21180667,10;16131334,28;21607486,10;14863580,70;21228647,77;11938529,56;42590828,11;17407192,28;
2414021;"Imielin (1)";1536679,00;8205510,58;8091627,32;24787679,80;19411083,34;9114488,29;14745761,13;13058149,55;19973707,98;15270322,12;
2414031;"Lędziny (1)";8585167,16;3281408,29;4878646,23;14764768,50;21202594,62;13847424,79;3117194,48;8541256,46;16638061,58;11905608,65;
2414042;"Bojszowy (2)";9635952,36;2685572,84;1588586,89;4227206,07;4699891,62;2648090,77;2594990,63;11816901,69;6391541,80;10466617,16;
2414052;"Chełm Śląski (2)";5372513,17;670064,73;3797453,48;4695056,42;4064313,47;2478978,64;3533027,16;10922789,24;4249056,56;14610399,45;
2415000;"Powiat wodzisławski";89566495,53;67121143,01;81217593,25;125542765,20;131380425,50;104043454,87;106843111,14;137442136,75;165375305,66;169634715,62;
2415011;"Pszów (1)";2955917,63;4873264,22;3607040,74;13028692,82;13091040,93;4487944,17;4574921,76;11615997,02;11195004,20;22813934,24;
2415021;"Radlin (1)";8152774,37;7353400,02;9228299,19;12352359,47;11457976,73;6943396,56;9169411,50;13680856,82;15091163,75;18165753,25;
2415031;"Rydułtowy (1)";10633542,96;5954593,47;11644950,63;10282479,68;5804867,24;15916384,77;18408577,95;10934852,99;31919865,63;19803985,16;
2415041;"Wodzisław Śląski (1)";30758238,20;17029546,12;22384160,32;33010977,27;26776553,39;19201788,10;27332874,80;37381693,92;31559292,64;15963964,81;
2415052;"Godów (2)";7874583,63;6286781,35;6534785,52;12255785,94;12649143,79;11794049,97;11748933,09;21465505,13;21871937,26;16799268,59;
2415062;"Gorzyce (2)";9542349,55;5892658,12;8915735,11;17870519,06;17976595,22;14660560,13;15098899,21;21064691,11;19363016,06;27754951,21;
2415072;"Lubomia (2)";13198929,36;16041849,06;17026901,78;11836220,40;27783015,70;22912452,70;6872607,76;11377567,43;14372358,08;19679271,70;
2415082;"Marklowice (2)";1549161,15;1589575,67;1035359,50;10411248,06;5311315,64;1359265,63;1722152,86;6934796,63;6808433,89;11971209,42;
2415092;"Mszana (2)";4900998,68;2099474,98;840360,46;4494482,50;10529916,86;6767612,84;11914732,21;2986175,70;13194234,15;16682377,24;
2416000;"Powiat zawierciański";62643579,56;36784317,67;60016377,12;64563430,68;90956470,77;94163574,74;98502486,30;123575072,65;164203767,51;150337077,23;
2416011;"Poręba (1)";1131779,15;214302,25;2361741,24;2583976,93;2579582,00;2144810,04;7493964,38;10570337,01;3774700,23;8981524,70;
2416021;"Zawiercie (1)";23899597,31;16761471,48;23089183,32;22039132,08;36738008,03;41528159,83;31398874,81;33936542,26;33905840,48;43843036,43;
2416032;"Irządze (2)";1426717,14;708623,27;1820266,58;1488356,48;3587694,06;538495,71;5648664,61;4130405,19;12907964,76;5511364,63;
2416042;"Kroczyce (2)";6609909,69;1577806,13;2046521,00;9557133,59;13279048,91;6959213,70;5929931,99;11535568,73;11796662,79;12125541,13;
2416053;"Łazy (3)";4945679,71;3240476,99;6509638,59;5610388,56;7225332,82;10616020,16;15969634,07;13764149,16;16359562,12;15108300,50;
2416063;"Ogrodzieniec (3)";2470901,00;7055288,38;7551368,62;8062338,77;6191686,75;8376785,21;9018466,98;14298813,39;45263794,58;27593178,34;
2416073;"Pilica (3)";14333001,53;3020473,02;2956595,76;5912500,67;9034409,50;5554640,97;1091148,60;12237721,47;8072888,87;6196177,91;
2416083;"Szczekociny (3)";5625401,90;1521807,92;2477371,95;2561980,60;1570030,52;5876110,16;16834979,81;9080950,53;13042085,60;3977134,65;
2416092;"Włodowice (2)";858049,64;506565,78;7700951,31;3843971,78;4973156,35;7138478,05;4279200,88;5357862,60;;;
2416093;"Włodowice (3)";;;;;;;;;11122273,83;14155022,66;
2416102;"Żarnowiec (2)";1342542,49;2177502,45;3502738,75;2903651,22;5777521,83;5430860,91;837620,17;8662722,31;7957994,25;12845796,28;
2417000;"Powiat żywiecki";73000592,35;55243639,77;78190990,87;89344255,44;67984370,76;71693118,53;95914390,56;150358867,36;276043162,65;232997381,10;
2417011;"Żywiec (1)";10525924,40;9012603,92;20901002,70;13009534,76;12276023,78;8993766,18;9938732,60;23259112,70;26502771,00;26577398,08;
2417022;"Czernichów (2)";7043707,26;1482139,17;1131673,31;834581,14;196541,27;400741,01;380056,27;4568033,72;5583406,78;15256754,26;
2417032;"Gilowice (2)";2028344,62;2496263,89;3622897,46;2613843,69;2917739,49;4457545,60;6833445,83;7057792,84;18443704,81;8692909,76;
2417042;"Jeleśnia (2)";6171096,60;4733738,34;5992246,54;8191808,65;6409630,38;5982515,49;10962621,83;11090330,05;18400188,67;13354958,51;
2417052;"Koszarawa (2)";1041443,67;633530,50;568774,75;843871,13;1417269,27;557166,54;1426109,32;2861770,81;6442994,40;1907824,54;
2417062;"Lipowa (2)";2874653,21;3417896,37;5655998,17;7828757,51;7708788,03;3534420,40;5673343,21;7362861,68;9259783,52;19801628,22;
2417072;"Łękawica (2)";6678412,44;3352423,84;5831746,66;6825487,25;3222171,47;5095161,62;1924739,31;6163125,48;7019316,03;11707005,65;
2417082;"Łodygowice (2)";8774470,76;5810015,80;6204418,11;9687030,33;10114660,38;4482597,81;9055963,90;15694219,16;30897777,65;17399277,88;
2417092;"Milówka (2)";5728721,68;4131888,76;3574160,24;8844977,51;3048380,13;3861461,46;4975357,12;12044421,79;20288426,54;14612944,99;
2417102;"Radziechowy-Wieprz (2)";5581367,21;4210456,74;4585643,27;4360649,74;5346492,94;6495686,11;15010335,59;17861672,89;30636577,37;20626707,78;
2417112;"Rajcza (2)";4310915,87;2219441,47;5378399,37;5923078,20;4744256,13;6475216,63;4888984,87;4773405,40;11255661,26;9057491,62;
2417122;"Ślemień (2)";433512,80;2285243,03;1044004,54;2098996,95;1855811,45;1707416,61;1538829,62;3863942,06;3999287,71;21664691,53;
2417132;"Świnna (2)";2935849,04;2412749,03;3498529,91;4886089,10;1331823,43;7235492,48;7624353,63;7163759,37;24293394,42;5573637,23;
2417142;"Ujsoły (2)";1446006,15;1920335,49;1772120,49;2195321,03;2465381,62;1493532,02;4845865,95;13672330,76;9229465,63;13590125,67;
2417152;"Węgierska Górka (2)";7426166,64;7124913,42;8429375,35;11200228,45;4929400,99;10920398,57;10835651,51;12922088,65;53790406,86;33174025,38;
2461000;"Powiat m. Bielsko-Biała";102958327,59;116034909,06;121679183,89;192168325,12;291154300,93;300918219,04;301410565,64;253915512,19;339959660,90;213277069,12;
2461011;"Bielsko-Biała (1)";102958327,59;116034909,06;121679183,89;192168325,12;291154300,93;300918219,04;301410565,64;253915512,19;339959660,90;213277069,12;
2462000;"Powiat m. Bytom";66492620,70;45001039,30;40275189,96;118225862,76;93961316,97;109826221,72;204251689,46;122882955,79;140556498,30;50570832,84;
2462011;"Bytom (1)";66492620,70;45001039,30;40275189,96;118225862,76;93961316,97;109826221,72;204251689,46;122882955,79;140556498,30;50570832,84;
2463000;"Powiat m. Chorzów";74668580,05;78571371,97;61448237,38;114259994,31;98858602,87;84039548,77;76639338,26;66931401,57;90893608,32;92181752,78;
2463011;"Chorzów (1)";74668580,05;78571371,97;61448237,38;114259994,31;98858602,87;84039548,77;76639338,26;66931401,57;90893608,32;92181752,78;
2464000;"Powiat m. Częstochowa";166833404,09;123018620,08;124195130,25;189082186,18;164595333,01;142847057,61;122588938,07;263558809,70;446283905,37;169625622,95;
2464011;"Częstochowa (1)";166833404,09;123018620,08;124195130,25;189082186,18;164595333,01;142847057,61;122588938,07;263558809,70;446283905,37;169625622,95;
2465000;"Powiat m. Dąbrowa Górnicza";136367516,18;88932941,61;107266192,66;141923475,85;115470385,87;167182280,26;147249926,64;199228106,33;280359794,99;121915927,65;
2465011;"Dąbrowa Górnicza (1)";136367516,18;88932941,61;107266192,66;141923475,85;115470385,87;167182280,26;147249926,64;199228106,33;280359794,99;121915927,65;
2466000;"Powiat m. Gliwice";613269948,73;280570311,89;201814571,33;245986314,96;290188568,52;293045834,76;367910840,17;377697662,22;273243269,53;236971754,04;
2466011;"Gliwice (1)";613269948,73;280570311,89;201814571,33;245986314,96;290188568,52;293045834,76;367910840,17;377697662,22;273243269,53;236971754,04;
2467000;"Powiat m. Jastrzębie-Zdrój";41253931,76;24424931,81;27753038,72;47769800,25;66478275,74;95076376,31;66393965,99;93528511,88;121005734,76;88399704,55;
2467011;"Jastrzębie-Zdrój (1)";41253931,76;24424931,81;27753038,72;47769800,25;66478275,74;95076376,31;66393965,99;93528511,88;121005734,76;88399704,55;
2468000;"Powiat m. Jaworzno";88250382,28;59377848,81;41508798,40;89551257,67;55896970,14;74035180,76;79663631,70;85039515,95;112538186,65;108914081,80;
2468011;"Jaworzno (1)";88250382,28;59377848,81;41508798,40;89551257,67;55896970,14;74035180,76;79663631,70;85039515,95;112538186,65;108914081,80;
2469000;"Powiat m. Katowice";276763087,71;138802161,23;145218765,11;300884193,38;433859060,20;454504575,00;345253135,87;405799021,27;810263517,70;490415136,68;
2469011;"Katowice (1)";276763087,71;138802161,23;145218765,11;300884193,38;433859060,20;454504575,00;345253135,87;405799021,27;810263517,70;490415136,68;
2470000;"Powiat m. Mysłowice";33897571,62;36696400,40;36199103,55;33922623,21;35923056,32;41230091,51;50896469,17;50982904,22;40474288,64;64608254,31;
2470011;"Mysłowice (1)";33897571,62;36696400,40;36199103,55;33922623,21;35923056,32;41230091,51;50896469,17;50982904,22;40474288,64;64608254,31;
2471000;"Powiat m. Piekary Śląskie";33788956,91;25747575,32;33017901,00;45011184,22;40837427,10;24000820,17;24035775,97;48130108,89;42663896,96;45593999,44;
2471011;"Piekary Śląskie (1)";33788956,91;25747575,32;33017901,00;45011184,22;40837427,10;24000820,17;24035775,97;48130108,89;42663896,96;45593999,44;
2472000;"Powiat m. Ruda Śląska";71189447,95;79979013,13;96365777,85;123692658,29;92566831,35;52363166,86;63415530,58;154373647,34;251143089,28;106169398,86;
2472011;"Ruda Śląska (1)";71189447,95;79979013,13;96365777,85;123692658,29;92566831,35;52363166,86;63415530,58;154373647,34;251143089,28;106169398,86;
2473000;"Powiat m. Rybnik";68756155,99;85952743,08;178142331,44;287392979,92;280836060,24;147533254,76;126711254,68;152124187,96;230167844,46;281868164,60;
2473011;"Rybnik (1)";68756155,99;85952743,08;178142331,44;287392979,92;280836060,24;147533254,76;126711254,68;152124187,96;230167844,46;281868164,60;
2474000;"Powiat m. Siemianowice Śląskie";10140503,83;14492634,71;49174040,62;40759786,86;32800799,76;50491827,71;45530939,02;59769904,24;39317653,47;36108485,46;
2474011;"Siemianowice Śląskie (1)";10140503,83;14492634,71;49174040,62;40759786,86;32800799,76;50491827,71;45530939,02;59769904,24;39317653,47;36108485,46;
2475000;"Powiat m. Sosnowiec";119636747,77;44175624,67;124627921,39;160357724,83;106350741,23;179377235,52;153068108,62;140721286,79;177781014,79;162919580,35;
2475011;"Sosnowiec (1)";119636747,77;44175624,67;124627921,39;160357724,83;106350741,23;179377235,52;153068108,62;140721286,79;177781014,79;162919580,35;
2476000;"Powiat m. Świętochłowice";18278908,79;10616729,81;9380679,87;14267291,45;10363523,50;17498055,80;34263487,18;77999697,80;63987419,29;58099010,62;
2476011;"Świętochłowice (1)";18278908,79;10616729,81;9380679,87;14267291,45;10363523,50;17498055,80;34263487,18;77999697,80;63987419,29;58099010,62;
2477000;"Powiat m. Tychy";79731409,33;63244963,86;67027020,77;111828286,81;185740743,61;92747919,49;149823345,40;198269042,04;99843783,27;142624061,23;
2477011;"Tychy (1)";79731409,33;63244963,86;67027020,77;111828286,81;185740743,61;92747919,49;149823345,40;198269042,04;99843783,27;142624061,23;
2478000;"Powiat m. Zabrze";195442350,16;44538678,43;44869910,29;67449948,66;103536489,55;79895444,58;74671315,30;137092843,10;282770499,75;87660776,57;
2478011;"Zabrze (1)";195442350,16;44538678,43;44869910,29;67449948,66;103536489,55;79895444,58;74671315,30;137092843,10;282770499,75;87660776,57;
2479000;"Powiat m. Żory";43845303,76;33518917,97;38328352,74;59906386,86;72880662,20;67102227,23;49565321,60;71581189,86;141521685,68;120872127,74;
2479011;"Żory (1)";43845303,76;33518917,97;38328352,74;59906386,86;72880662,20;67102227,23;49565321,60;71581189,86;141521685,68;120872127,74;
2600000;"ŚWIĘTOKRZYSKIE";805468735,09;419829119,08;667008866,18;1159637927,25;1226231946,94;1083463762,65;988208942,12;1441150078,68;2099620490,85;1823049590,52;
2601000;"Powiat buski";67654893,84;32421393,25;36133713,56;83013340,35;78683749,21;80493004,18;65142226,33;80781221,18;129361883,22;146949841,53;
2601013;"Busko-Zdrój (3)";32139768,39;10686804,64;12999135,06;36286923,26;39975281,78;48570194,48;34440600,87;35591161,36;43861878,77;56162523,36;
2601022;"Gnojno (2)";3793272,19;2725133,72;2951535,33;5923182,08;6183060,84;2187774,09;715964,45;1153637,78;5350913,50;9613333,25;
2601032;"Nowy Korczyn (2)";7132166,48;1793495,36;6239510,67;9906809,82;;;;;;;
2601033;"Nowy Korczyn (3)";;;;;5976092,44;3070486,59;2843147,65;6707336,45;13907989,96;11833433,52;
2601042;"Pacanów (2)";2452543,47;2292833,10;3410281,41;6274033,34;;;;;;;
2601043;"Pacanów (3)";;;;;5064345,52;5931153,84;3820959,76;7610710,63;8603490,54;17341160,14;
2601052;"Solec-Zdrój (2)";1733462,87;1595192,49;3239334,25;9658013,46;10949616,39;10167400,49;8885814,71;14647786,20;7283765,62;7142195,90;
2601063;"Stopnica (3)";5550636,86;7527937,69;5167986,24;10505778,99;7167738,07;7141174,39;7651699,07;6610421,66;27209418,43;15236343,73;
2601072;"Tuczępy (2)";4927138,90;1302505,11;965537,64;1582432,81;1399783,02;893524,02;2945423,35;1587372,52;11060656,78;20602237,06;
2601082;"Wiślica (2)";9925904,68;4497491,14;1160392,96;;;;;;;;
2601083;"Wiślica (3)";;;;2876166,59;1967831,15;2531296,28;3838616,47;6872794,58;12083769,62;9018614,57;
2602000;"Powiat jędrzejowski";28639196,63;28894795,34;29339715,43;52635966,13;66236624,24;53363194,79;56946687,31;83200442,87;132525444,61;133219661,42;
2602012;"Imielno (2)";578825,16;610916,17;1023082,68;2833553,49;1755107,93;965846,73;1489310,25;4602506,81;7025834,15;18718679,64;
2602023;"Jędrzejów (3)";6084480,19;8049611,38;6252526,33;10362236,32;13677087,71;17410612,95;12055941,09;17030495,44;18640605,06;15990960,21;
2602033;"Małogoszcz (3)";2365821,07;4856164,68;1716599,40;3615956,82;3471060,41;4155687,62;6350265,32;10025094,66;11277627,36;15518516,73;
2602042;"Nagłowice (2)";5202011,21;1079725,79;1896162,44;2471336,56;4814834,52;4293445,46;3221560,55;5072399,51;8981862,99;8379964,15;
2602052;"Oksa (2)";1224118,39;922377,33;1080363,08;1901192,26;3107909,96;2801572,69;4579633,68;10417779,02;14001384,70;11657416,33;
2602063;"Sędziszów (3)";5189176,03;8860663,41;10082164,05;16537288,77;24611049,93;6549712,61;9400872,23;8839395,18;7909728,45;20867897,97;
2602072;"Słupia (2)";1799226,90;454398,44;1771078,75;4319720,02;4314261,95;2416832,82;4804215,33;2234672,51;15716125,51;11368472,10;
2602082;"Sobków (2)";2794193,19;1728458,50;2584573,86;6044900,02;7376417,44;6764216,13;9134724,93;16318794,76;28920582,09;19557699,83;
2602092;"Wodzisław (2)";3401344,49;2332479,64;2933164,84;4549781,87;3108894,39;8005267,78;;;;;
2602093;"Wodzisław (3)";;;;;;;5910163,93;8659304,98;20051694,30;11160054,46;
2603000;"Powiat kazimierski";15888245,60;8922754,34;11503081,85;25729939,11;21734122,57;31279852,80;32155941,18;42049832,10;70617573,46;77997578,31;
2603012;"Bejsce (2)";2028816,94;694422,74;1827809,74;4646179,10;2672658,09;670172,18;2335625,41;5669750,47;9880066,18;7725324,64;
2603022;"Czarnocin (2)";1806512,48;2374443,36;4568639,12;2701073,99;3036886,18;1871669,36;3968701,08;2867357,52;7970562,75;14559232,87;
2603033;"Kazimierza Wielka (3)";8011588,89;1536548,71;4096574,78;7668122,93;8753730,53;23686854,60;12003171,99;9537385,01;24360936,52;27939720,37;
2603042;"Opatowiec (2)";2003839,29;1413336,40;763795,69;2992789,38;;;;;;;
2603043;"Opatowiec (3)";;;;;2954068,96;3069980,10;5470414,60;4899312,93;11312783,42;14209357,06;
2603053;"Skalbmierz (3)";2037488,00;2904003,13;246262,52;7721773,71;4316778,81;1981176,56;8378028,10;19076026,17;17093224,59;13563943,37;
2604000;"Powiat kielecki";114803986,23;68361257,68;151242330,44;251651421,71;279643000,14;307915929,19;207027079,52;305395715,67;454190445,35;318516054,33;
2604012;"Bieliny (2)";7145268,24;2557926,01;7666972,03;9542383,69;8555457,25;15607858,59;15445837,60;26929871,62;42793727,53;25064385,55;
2604023;"Bodzentyn (3)";2313748,82;1379573,45;3804435,19;14822129,47;6661486,21;6483456,50;2895150,34;9588657,61;14513718,96;18930703,61;
2604033;"Chęciny (3)";5564682,50;7738325,15;9763727,55;30933637,66;13253604,51;22507521,39;17057026,32;27327433,96;34499609,02;28470524,88;
2604043;"Chmielnik (3)";9274095,18;1700725,67;6792335,60;19176691,47;24656747,36;15048595,60;10425240,22;7469708,32;26316931,11;14405763,19;
2604053;"Daleszyce (3)";15082800,93;4846757,46;13150879,39;16639612,30;20560674,52;23105359,77;15599629,80;18198837,24;26066923,93;21657457,71;
2604062;"Górno (2)";3982715,96;2901245,63;7772475,51;17217680,97;34161165,93;30876442,31;20621942,53;13558657,49;28288888,87;15883566,07;
2604072;"Łagów (2)";8257381,39;2723505,89;2709787,61;;;;;;;;
2604073;"Łagów (3)";;;;5455099,18;7499342,96;10264527,47;5479363,88;11868153,28;6598082,65;9112017,38;
2604082;"Łopuszno (2)";3818412,22;2862161,35;4625685,15;6170743,36;21215007,56;14950419,20;12237445,11;6834742,08;;;
2604083;"Łopuszno (3)";;;;;;;;;14159004,75;10981009,64;
2604092;"Masłów (2)";3809802,41;4324967,96;8461789,00;12460932,64;11244897,38;7548411,17;4156733,65;10042587,98;23011133,80;16997564,13;
2604102;"Miedziana Góra (2)";1573542,25;4820079,61;8072457,82;14507098,85;9563096,96;23573790,67;12853007,76;12813259,43;22589906,98;2723984,05;
2604112;"Mniów (2)";883560,07;1705221,67;3922518,34;8743383,80;3963363,97;9157918,76;4921356,43;7921052,82;29810770,70;13054982,01;
2604122;"Morawica (2)";13694013,10;10135951,83;;;;;;;;;
2604123;"Morawica (3)";;;17709983,60;31874243,33;25315921,43;32398510,40;19734638,70;35957205,05;27684089,18;39257838,46;
2604132;"Nowa Słupia (2)";5003462,78;1609816,12;2363675,57;13912969,79;;;;;;;
2604133;"Nowa Słupia (3)";;;;;13631612,34;19286919,02;16700647,10;27027701,57;37209674,72;24239189,79;
2604142;"Piekoszów (2)";845375,67;1341108,49;4660455,10;8227688,41;12203984,92;16107715,33;14316179,54;22354324,93;;;
2604143;"Piekoszów (3)";;;;;;;;;26569651,29;17647200,14;
2604152;"Pierzchnica (2)";3298039,86;1297644,33;2080078,97;3160026,36;;;;;;;
2604153;"Pierzchnica (3)";;;;;4249333,55;3454838,45;4027851,75;7243580,12;21488096,44;8922398,01;
2604162;"Raków (2)";7789189,55;2398367,61;3469587,30;6101849,66;11560783,95;13256917,52;2163725,88;10549688,38;7109796,12;7146962,60;
2604172;"Nowiny (2)";5642216,02;5965842,14;27857556,55;17558660,08;18429934,41;7950297,59;6978870,00;12629035,17;17480887,63;5950860,59;
2604182;"Strawczyn (2)";8364955,19;4379914,20;13137126,32;8350977,88;18031658,28;20254812,99;8646892,40;17379879,23;13435273,72;19767539,30;
2604192;"Zagnańsk (2)";8460724,09;3672123,11;3220803,84;6795612,81;14884926,65;16081616,46;12765540,51;19701339,39;34564277,95;18302107,22;
2605000;"Powiat konecki";27819521,04;26681167,86;43890804,69;67984296,37;68894147,87;75237279,55;76185988,96;93880314,54;140518548,75;128757038,04;
2605012;"Fałków (2)";2767915,24;1698299,75;2458849,54;7850827,99;2693661,45;4089398,97;11925249,27;9782067,58;13865588,64;15499757,08;
2605022;"Gowarczów (2)";1127451,92;1385287,94;1920488,90;3306745,64;2338446,22;2890520,48;2092046,98;4343183,64;8926309,52;;
2605023;"Gowarczów (3)";;;;;;;;;;6862264,66;
2605033;"Końskie (3)";11981145,32;11496848,64;15887103,24;17643222,31;27982934,82;39377113,71;38482827,01;52173033,98;60437561,72;33160039,25;
2605042;"Radoszyce (2)";2434722,48;2461934,34;3827598,52;;;;;;;;
2605043;"Radoszyce (3)";;;;11835891,75;10995632,33;7855815,61;5158201,27;5253661,34;8152110,94;20169755,37;
2605052;"Ruda Maleniecka (2)";683110,91;702880,89;2178175,57;5071753,73;4715286,60;3101359,94;5875721,00;2927823,50;4202854,10;15602718,91;
2605062;"Słupia Konecka (2)";2045939,71;2065705,34;2037225,91;3669705,89;5445604,66;4808091,24;1646527,09;4831505,00;4642433,41;7190821,75;
2605072;"Smyków (2)";3086762,53;3385700,61;2921022,13;5308219,06;1656502,57;3509186,42;3952602,91;4609717,88;15052279,96;11436738,70;
2605083;"Stąporków (3)";3692472,93;3484510,35;12660340,88;13297930,00;13066079,22;9605793,18;7052813,43;9959321,62;25239410,46;18834942,32;
2606000;"Powiat opatowski";49282546,50;13843399,74;21902083,67;39754920,81;39359376,09;32382714,68;42321623,37;54208893,75;105738018,98;100792140,62;
2606012;"Baćkowice (2)";6429515,45;2984246,50;2941991,16;6221062,19;8121232,91;4406104,19;7174230,24;1004780,34;8670385,98;10798893,11;
2606022;"Iwaniska (2)";2629521,21;1869792,49;3635885,54;3803901,26;4947061,40;5087049,88;9757189,07;;;;
2606023;"Iwaniska (3)";;;;;;;;9034956,48;9053342,32;11635005,56;
2606032;"Lipnik (2)";10083082,73;2216585,63;1913087,77;2614912,01;3591161,56;2770589,09;6447135,22;5269193,73;14405879,73;13270294,41;
2606043;"Opatów (3)";5683009,70;1384110,75;3558492,12;9659941,73;4660880,22;4671738,72;3734143,83;17686083,81;24873250,97;12103209,19;
2606053;"Ożarów (3)";19048256,18;2799293,27;5655632,44;9753747,13;9985299,68;7288076,42;7746726,15;8307284,59;10889787,95;32352749,81;
2606062;"Sadowie (2)";1221542,99;146380,50;693992,05;1455899,71;3630485,29;3677572,44;3474788,52;4781797,12;16582320,80;6008318,60;
2606072;"Tarłów (2)";2996595,73;1696506,54;1904095,97;2448967,21;3058257,29;1413525,79;1242894,43;5510193,83;7393199,72;9499710,32;
2606082;"Wojciechowice (2)";1191022,51;746484,06;1598906,62;3796489,57;1364997,74;3068058,15;2744515,91;2614603,85;13869851,51;5123959,62;
2607000;"Powiat ostrowiecki";35348928,81;19449584,62;43324788,93;99962976,92;71166309,07;62387328,52;87469425,70;109370031,52;145881364,20;180523476,15;
2607011;"Ostrowiec Świętokrzyski (1)";12918348,08;11085063,30;31581795,62;36036063,51;29522417,20;37391047,31;53838256,04;64951919,74;80858038,12;94469436,36;
2607022;"Bałtów (2)";1546982,63;1225566,16;803350,41;10651322,49;4169527,99;70599,00;3655843,88;9292366,75;10642476,34;13589053,38;
2607032;"Bodzechów (2)";8884719,23;1557642,76;5276390,51;25451281,29;18558205,77;15483251,62;10947905,41;14639159,09;4481092,11;16292761,21;
2607043;"Ćmielów (3)";2718193,33;1592744,03;984976,61;4437226,85;3893524,96;1423153,50;2254966,86;2419740,12;13298502,19;8470913,40;
2607053;"Kunów (3)";3080663,41;1554812,94;2399668,03;10480705,88;12262131,36;4238374,62;13408136,26;10388247,47;25221604,23;26615212,99;
2607062;"Waśniów (2)";6200022,13;2433755,43;2278607,75;12906376,90;2760501,79;3780902,47;3364317,25;7678598,35;11379651,21;21086098,81;
2608000;"Powiat pińczowski";40230576,09;9673632,49;15951920,58;21915599,25;23010029,04;19034430,19;28761290,76;44097943,11;82704095,59;60015048,13;
2608013;"Działoszyce (3)";5778433,82;636976,89;896532,93;5336726,27;4138378,30;2442793,26;12393041,93;15048267,53;16039397,63;10251146,77;
2608022;"Kije (2)";11012301,39;1383112,49;605981,78;1292246,10;1886130,34;562787,92;3356464,65;9104498,60;13948421,10;8423011,03;
2608032;"Michałów (2)";4452423,69;653725,12;4089373,07;6235482,88;2889257,40;5231615,25;938205,40;1386039,43;11414857,30;9157836,27;
2608043;"Pińczów (3)";17619727,56;6312649,56;6451568,48;6017177,54;12200633,54;8410555,95;10394501,74;13380395,76;36499775,93;25276855,02;
2608052;"Złota (2)";1367689,63;687168,43;3908464,32;3033966,46;1895629,46;2386677,81;1679077,04;5178741,79;4801643,63;6906199,04;
2609000;"Powiat sandomierski";32224878,44;18578220,39;21512993,32;54449372,31;74069949,05;39859480,97;64295116,11;88285121,18;151778662,81;131246794,83;
2609011;"Sandomierz (1)";5341101,80;2626651,14;7167093,85;9131186,42;13787295,99;3143647,77;22553259,23;21659831,99;22961142,71;19341380,97;
2609022;"Dwikozy (2)";3359233,99;1499384,77;1098908,07;5916719,62;6246054,59;5319195,64;8658055,49;14355323,30;13528774,05;8652508,16;
2609032;"Klimontów (2)";5850026,37;3179751,43;2820848,32;14141859,33;6055766,54;;;;;;
2609033;"Klimontów (3)";;;;;;6288751,37;12085847,13;15899012,30;25005320,06;27224966,66;
2609043;"Koprzywnica (3)";1372776,41;2157406,38;1822550,60;2834667,40;17067906,70;7212452,46;4864058,33;9518601,14;16082391,26;16003572,00;
2609052;"Łoniów (2)";3614064,85;1981489,61;1046290,85;11918547,52;9847580,65;1820956,78;2789423,74;2387573,41;2519124,72;16766989,66;
2609062;"Obrazów (2)";4007058,62;1333938,18;1471308,47;1788151,88;3233219,47;7386284,96;3929031,67;2799598,83;12550649,11;10579501,11;
2609072;"Samborzec (2)";5605426,54;3668847,74;3187605,07;6162846,39;13624746,15;3961214,44;4959407,71;7188935,92;17234387,10;9478335,64;
2609082;"Wilczyce (2)";2547150,58;1113687,71;1486293,61;1366326,18;3012198,48;3637069,49;964734,50;8406531,27;22299335,05;7193998,01;
2609093;"Zawichost (3)";528039,28;1017063,43;1412094,48;1189067,57;1195180,48;1089908,06;3491298,31;6069713,02;19597538,75;16005542,62;
2610000;"Powiat skarżyski";13675443,79;9822835,88;15419538,07;37734997,17;30537098,69;36662418,71;34304536,40;67758152,37;68021657,77;69200610,75;
2610011;"Skarżysko-Kamienna (1)";5480731,76;5746321,36;7681013,20;13301360,60;13399535,32;19558329,22;17771874,47;41665343,69;11631021,22;25473634,44;
2610022;"Bliżyn (2)";2220008,02;955356,21;1558683,85;7950282,41;5227703,72;2715869,87;2933007,53;2541987,32;13471703,90;13087672,65;
2610032;"Łączna (2)";2629176,56;573391,51;1340332,60;3096284,37;2721585,42;1630647,04;1781864,70;3115565,72;5074952,21;16241717,47;
2610042;"Skarżysko Kościelne (2)";2113616,21;809742,61;1399348,67;2851920,60;5172104,27;2194304,38;4240366,56;2328794,89;12509140,91;6069565,96;
2610053;"Suchedniów (3)";1231911,24;1738024,19;3440159,75;10535149,19;4016169,96;10563268,20;7577423,14;18106460,75;25334839,53;8328020,23;
2611000;"Powiat starachowicki";33025624,67;23177026,39;47284250,24;95185326,30;69754380,00;71846788,39;87083544,81;167451013,02;169972198,11;95900170,46;
2611011;"Starachowice (1)";13461042,43;11939728,54;26101657,32;44487466,79;20635916,80;38300392,53;52010492,43;109728097,25;109199099,71;53121327,62;
2611022;"Brody (2)";3810867,50;3929035,91;7523032,79;9784744,42;12593109,70;21506577,37;9917422,34;12527757,14;7399936,56;8061557,06;
2611032;"Mirzec (2)";2133606,52;2023761,84;4322534,43;15139042,68;10336414,88;3095667,25;5770938,80;21070649,47;24323851,23;8311807,02;
2611042;"Pawłów (2)";9450932,53;4029637,57;8018777,36;22525444,58;20930509,33;7117488,88;18199381,27;18384901,06;25439815,58;23214617,15;
2611053;"Wąchock (3)";4169175,69;1254862,53;1318248,34;3248627,83;5258429,29;1826662,36;1185309,97;5739608,10;3609495,03;3190861,61;
2612000;"Powiat staszowski";42243885,42;22769581,02;32037331,10;62474036,41;65783160,00;28744471,66;62468010,63;69561617,67;103732394,36;130393159,26;
2612012;"Bogoria (2)";5991007,02;2900105,00;3301777,52;6654976,90;6347664,23;2924928,06;9773724,12;9369643,26;7532767,55;;
2612013;"Bogoria (3)";;;;;;;;;;11089744,64;
2612022;"Łubnice (2)";1304916,46;459095,20;1908336,28;4189063,74;5500694,78;3158041,70;6219891,72;6585015,95;5215772,66;15280423,88;
2612032;"Oleśnica (2)";2543061,97;750902,69;970660,20;2623896,73;;;;;;;
2612033;"Oleśnica (3)";;;;;3151063,60;2985389,94;4524483,14;9976087,08;15891204,39;3722497,89;
2612043;"Osiek (3)";603042,91;191039,00;329973,22;962579,04;1419361,23;899677,28;1778972,41;6008144,49;5845687,04;14212064,29;
2612053;"Połaniec (3)";17734161,36;9447530,26;11419692,62;22491417,28;13612942,03;8108923,24;10037996,46;5481250,76;24790479,24;23462391,15;
2612062;"Rytwiany (2)";696104,16;1124136,72;1473387,42;2491412,97;3474749,76;2885536,35;7101268,60;2345211,71;19738278,18;12132819,31;
2612073;"Staszów (3)";10408853,08;6010030,07;8572579,97;13302485,90;20108591,74;5432740,91;16646271,35;22478328,29;17385498,33;35141823,09;
2612082;"Szydłów (2)";2962738,46;1886742,08;4060923,87;9758203,85;;;;;;;
2612083;"Szydłów (3)";;;;;12168092,63;2349234,18;6385402,83;7317936,13;7332706,97;15351395,01;
2613000;"Powiat włoszczowski";17705600,89;14288664,53;18243036,12;48770192,46;26395998,19;37408707,81;23230265,73;56483991,54;82084479,95;65537329,41;
2613012;"Kluczewsko (2)";4480778,80;1125007,19;2933430,34;7103412,75;3329928,60;6845224,06;2373405,49;14811600,81;16540195,79;12088218,28;
2613022;"Krasocin (2)";6614468,14;5515849,16;5642964,64;12018736,31;4246007,94;10388997,02;8609322,54;12998308,90;20027009,26;11402237,84;
2613032;"Moskorzew (2)";438203,99;517196,07;1046994,15;2212351,25;2566494,25;2190864,14;2141769,50;4703454,52;4161333,24;12728490,22;
2613042;"Radków (2)";910710,93;772497,22;1139683,89;1350669,16;2592714,10;1539756,94;1979438,07;6929117,13;9569634,51;11402488,01;
2613052;"Secemin (2)";1827170,72;1582545,89;1948214,52;7726488,28;3482032,46;3068877,39;1467289,89;3229037,17;18017718,74;6818809,24;
2613063;"Włoszczowa (3)";3434268,31;4775569,00;5531748,58;18358534,71;10178820,84;13374988,26;6659040,24;13812473,01;13768588,41;11097085,82;
2661000;"Powiat m. Kielce";286925407,14;122944805,55;179223278,18;218375541,95;310964002,78;206848161,21;120817205,31;178625788,16;262493723,69;184000687,28;
2661011;"Kielce (1)";286925407,14;122944805,55;179223278,18;218375541,95;310964002,78;206848161,21;120817205,31;178625788,16;262493723,69;184000687,28;
2800000;"WARMIŃSKO-MAZURSKIE";1085074919,10;484579285,53;871982728,32;1423989913,91;1133652231,85;1013136669,73;1123640628,10;1405309891,27;2563397706,58;2132437122,25;
2801000;"Powiat bartoszycki";30668859,00;18791353,19;38221303,70;48191423,54;45461796,50;37923535,32;44911986,32;58585631,53;138082202,32;116989050,97;
2801011;"Bartoszyce (1)";8688945,43;8071599,53;15622709,65;19869989,31;21882986,45;22590174,28;15410282,79;10474220,11;22058201,49;35381679,08;
2801021;"Górowo Iławeckie (1)";1024366,37;506445,36;1015291,49;6202098,09;3549862,00;175901,83;3094656,65;6029892,62;10308225,31;8237317,54;
2801032;"Bartoszyce (2)";8702027,25;4814878,47;5769116,08;4624477,12;2818914,82;5493493,34;12591657,64;21677440,47;22251163,43;28993525,65;
2801043;"Bisztynek (3)";2979669,28;1213716,96;2744570,92;7098569,09;7303842,79;1648067,63;1922887,71;1201161,18;10644037,55;11532551,83;
2801052;"Górowo Iławeckie (2)";6036936,29;1647179,96;4976125,92;3584741,46;7653531,94;4836449,84;5067027,10;15247797,00;62198013,80;19505562,43;
2801063;"Sępopol (3)";3236914,38;2537532,91;8093489,64;6811548,47;2252658,50;3179448,40;6825474,43;3955120,15;10622560,74;13338414,44;
2802000;"Powiat braniewski";20018996,82;11722969,69;22698939,15;20736788,93;13356557,93;28706575,33;16634492,43;29901142,01;73802705,58;61315406,65;
2802011;"Braniewo (1)";1309307,53;4147455,48;3150140,64;4592991,61;5652977,99;17043131,03;9830387,88;9035144,90;32658866,20;10479215,02;
2802022;"Braniewo (2)";1897574,92;945844,75;6366367,19;4318298,76;3356815,89;1886332,77;2468254,70;3237008,71;8452015,15;8423289,64;
2802033;"Frombork (3)";5962796,91;1421801,90;1103318,73;2346926,62;759631,50;3653247,19;219694,94;945852,05;3244824,77;8459915,79;
2802042;"Lelkowo (2)";1746718,13;195580,47;1881838,59;714913,58;148397,48;922039,10;868305,63;2370386,09;4242896,52;8996882,35;
2802053;"Pieniężno (3)";6216044,96;4204735,35;2871573,71;2326961,28;1966099,21;3939216,06;952711,40;8636161,57;1841240,63;19790040,83;
2802062;"Płoskinia (2)";2120857,65;402470,98;5147410,86;2722307,87;1149197,23;975961,68;1563989,96;2641756,70;10015872,88;4246881,96;
2802072;"Wilczęta (2)";765696,72;405080,76;2178289,43;3714389,21;323438,63;286647,50;731147,92;3034831,99;13346989,43;919181,06;
2803000;"Powiat działdowski";25260537,71;26671397,33;49735272,66;58329964,19;47433971,49;37968633,02;67832668,21;76189235,68;92770715,86;119311147,45;
2803011;"Działdowo (1)";7174970,15;7769311,61;23786029,25;20580487,53;13661127,83;7316760,27;14723085,34;16413829,39;31324414,16;29268671,99;
2803022;"Działdowo (2)";5300626,96;2878361,96;4397071,09;6892557,02;4630643,89;6478861,63;8726449,62;9389709,83;22300924,02;28644506,24;
2803032;"Iłowo-Osada (2)";1346270,13;1490245,05;5358213,65;3576675,89;2477042,05;3730755,04;12748675,24;14540582,00;7024537,14;9597933,92;
2803043;"Lidzbark (3)";4874838,31;7625533,82;7079002,60;10522206,09;9021774,86;5158431,30;12571188,14;15905690,32;10358884,54;21073389,72;
2803052;"Płośnica (2)";4115950,73;4970322,44;5856624,80;9586503,43;7199981,34;7167117,42;7594905,64;11463816,87;10526635,47;10566919,56;
2803062;"Rybno (2)";2447881,43;1937622,45;3258331,27;7171534,23;10443401,52;8116707,36;11468364,23;8475607,27;11235320,53;20159726,02;
2804000;"Powiat elbląski";25360546,66;19397630,45;29945533,39;49927482,58;53724299,91;45901174,74;53472094,28;65730681,52;113789046,16;96304895,87;
2804012;"Elbląg (2)";4916870,34;3233364,87;8672952,88;11764949,38;16043821,55;15665557,52;16090672,68;9614262,41;19368322,99;23354329,64;
2804022;"Godkowo (2)";820360,86;603248,86;1986982,30;2108800,38;1197126,43;34035,00;1883858,80;6068961,93;7251046,70;6189961,29;
2804032;"Gronowo Elbląskie (2)";792673,40;928825,38;1991460,30;4560169,76;4547575,84;4493649,74;3518246,59;10115375,00;14967166,23;4770031,66;
2804042;"Markusy (2)";630110,71;52695,29;48425,52;1126692,55;45782,98;1203615,08;1283959,29;1953470,65;6623345,29;7535366,15;
2804052;"Milejewo (2)";574925,79;614076,06;1192917,18;1195777,06;876737,49;3050173,02;3318712,46;2551643,91;2908128,58;5636130,20;
2804063;"Młynary (3)";798180,23;1344241,45;3543510,33;5067953,11;6519316,55;3701702,17;7534593,80;9017949,39;14739750,37;12256982,00;
2804073;"Pasłęk (3)";9317129,66;10245864,99;8639280,67;12646478,50;20163504,09;10235492,91;13573710,67;13166551,82;31014345,45;20776449,33;
2804082;"Rychliki (2)";3049812,53;2057741,33;3088675,05;3678540,49;2643725,94;5392589,27;3975408,55;7256145,04;10865110,75;4182222,36;
2804093;"Tolkmicko (3)";4460483,14;317572,22;781329,16;7778121,35;1686709,04;2124360,03;2292931,44;5986321,37;6051829,80;11603423,24;
2805000;"Powiat ełcki";35018609,43;20032427,70;63104778,00;86875287,15;68959765,68;72995367,51;69259289,15;67381480,49;114362141,66;132545827,16;
2805011;"Ełk (1)";25550951,87;11351299,58;40040901,25;54245762,69;49426810,07;45249281,86;41513721,66;26405121,79;43825408,42;58110039,84;
2805022;"Ełk (2)";3100796,83;3408921,79;12387723,58;18906911,10;8507310,70;9280761,14;17668534,43;16973429,76;21971235,62;35340323,65;
2805032;"Kalinowo (2)";2410076,11;1808624,73;5405447,45;5963355,32;4590546,59;7052082,11;3847586,50;10829086,53;16075471,01;17772201,23;
2805042;"Prostki (2)";2923349,75;3116361,12;3583884,23;7493612,14;4813763,04;8283962,51;3144181,68;9664268,50;26381030,00;14041958,16;
2805052;"Stare Juchy (2)";1033434,87;347220,48;1686821,49;265645,90;1621335,28;3129279,89;3085264,88;3509573,91;6108996,61;7281304,28;
2806000;"Powiat giżycki";18703260,16;18490644,35;32326952,04;75229743,16;48664089,92;41086367,66;40881059,68;72670618,90;101567355,48;91404268,47;
2806011;"Giżycko (1)";6367161,05;9202219,58;15227735,33;30681130,67;25232134,81;14369312,78;17029611,58;20022494,12;17649541,87;18344675,14;
2806042;"Giżycko (2)";2829836,30;4913202,73;5982431,39;10088973,06;7920299,64;11268538,43;8900005,83;22602990,88;39337000,61;10654164,82;
2806052;"Kruklanki (2)";178027,01;744203,64;2661365,85;5000862,85;1356104,67;1800196,52;1670712,23;1889501,04;6900710,27;8758394,90;
2806062;"Miłki (2)";2315694,56;907619,30;2464839,73;6050437,79;645183,75;1526813,84;1783994,45;6178426,95;14061823,82;7653463,29;
2806083;"Ryn (3)";5419972,27;1770409,49;3997861,84;12908842,98;9062251,70;7043862,45;5399411,26;10694820,79;6077127,40;31792882,54;
2806102;"Wydminy (2)";1592568,97;952989,61;1992717,90;10499495,81;4448115,35;5077643,64;6097324,33;11282385,12;17541151,51;14200687,78;
2807000;"Powiat iławski";37515662,11;49778049,29;60424318,53;102084899,95;73493513,45;81176171,13;68176805,76;85247636,16;139761776,93;118461122,02;
2807011;"Iława (1)";11144676,04;17795877,15;23230450,81;38985348,77;21377459,45;35270326,37;26110154,29;16112555,45;31604789,16;29747318,42;
2807021;"Lubawa (1)";4248812,83;6850360,81;9188151,66;15836368,75;13009653,32;15187291,58;6417028,72;11339502,37;25701300,85;15542242,82;
2807032;"Iława (2)";10648037,67;9546449,11;7611405,77;14358775,26;11474244,28;8233682,55;9931477,92;24024920,87;36741657,80;20260668,71;
2807043;"Kisielice (3)";1144708,28;1021852,57;1275861,79;3416877,38;3754398,36;3508578,23;4816031,80;4425449,93;6297618,48;9733383,53;
2807052;"Lubawa (2)";1947995,20;2651399,89;7539142,02;7632752,77;10103969,01;6174063,28;3493292,00;15085264,37;16001475,51;20350253,03;
2807063;"Susz (3)";5676119,72;7266219,49;7709819,59;13446732,10;8254572,92;8319952,88;7143462,52;7339649,41;11681095,06;13996383,75;
2807073;"Zalewo (3)";2705312,37;4645890,27;3869486,89;8408044,92;5519216,11;4482276,24;10265358,51;6920293,76;11733840,07;8830871,76;
2808000;"Powiat kętrzyński";26646904,99;21690487,63;39647700,30;67365805,28;39713020,26;24725419,45;30120107,23;30837167,04;85660458,56;101359156,86;
2808011;"Kętrzyn (1)";9126189,90;11668315,90;15250406,90;34116359,82;15435266,48;11596048,53;6264711,69;7239959,17;33856919,53;17301112,78;
2808022;"Barciany (2)";8884493,78;1943017,39;4760326,83;1751664,42;1612101,35;5059915,87;3273987,07;5771860,02;8578793,19;17245250,49;
2808032;"Kętrzyn (2)";1230314,99;3671900,69;8665810,47;9210377,01;7274105,52;2833598,89;5642901,16;6044265,72;18573114,96;15153945,00;
2808043;"Korsze (3)";4078240,72;2320274,93;3427461,75;9508320,40;1282014,65;2411998,64;7133856,18;6300892,80;1859730,92;21387328,37;
2808053;"Reszel (3)";2491540,67;1212873,44;3045682,07;10314266,83;13164000,60;1469464,62;5437795,85;3397014,84;13600220,20;15459086,93;
2808062;"Srokowo (2)";836124,93;874105,28;4498012,28;2464816,80;945531,66;1354392,90;2366855,28;2083174,49;9191679,76;14812433,29;
2809000;"Powiat lidzbarski";36826881,65;11188631,91;28137813,96;41810996,63;28407315,15;35274531,82;43581309,62;42674328,93;72813855,45;48471125,25;
2809011;"Lidzbark Warmiński (1)";28436413,92;5620338,55;17924771,01;24351578,95;14172004,17;23908667,06;19260120,57;21083418,16;32194268,46;12043524,85;
2809022;"Kiwity (2)";733399,94;624736,69;1194431,61;2663409,28;536588,06;1523162,03;1574360,74;3565362,93;8551606,41;2638346,59;
2809032;"Lidzbark Warmiński (2)";2116252,16;1972774,55;3818087,88;6542889,13;6233491,74;2420579,06;7217887,68;5587160,58;9270575,36;16551243,46;
2809042;"Lubomino (2)";2241747,70;889113,06;1497306,61;2214457,00;633265,41;5288017,97;8156901,01;5398214,16;10168953,30;5487127,30;
2809053;"Orneta (3)";3299067,93;2081669,06;3703216,85;6038662,27;6831965,77;2134105,70;7372039,62;7040173,10;12628451,92;11750883,05;
2810000;"Powiat mrągowski";17032860,60;25655605,67;25206387,63;36796012,11;45501421,49;48054220,93;37351046,13;66592847,21;66765199,81;99640010,96;
2810011;"Mrągowo (1)";4337211,51;9104225,46;11050881,84;15623900,21;7779117,09;17454918,19;15906622,25;21723286,95;23773875,40;43012801,53;
2810023;"Mikołajki (3)";5517282,61;12148765,84;5598503,01;8539157,18;25116032,94;18563375,75;9146069,53;17087247,09;14083262,47;17782976,34;
2810032;"Mrągowo (2)";5077886,78;1631191,72;2915276,10;5064856,33;5459827,85;5543631,10;8064019,58;11419712,58;15371651,17;17033011,71;
2810042;"Piecki (2)";1785416,04;2344587,69;2571214,51;5774635,34;6637504,39;4395335,88;2810804,61;13023369,17;7295295,46;10973625,79;
2810052;"Sorkwity (2)";315063,66;426834,96;3070512,17;1793463,05;508939,22;2096960,01;1423530,16;3339231,42;6241115,31;10837595,59;
2811000;"Powiat nidzicki";13396921,93;19719788,28;18413729,02;28749061,65;12353720,55;32074105,31;19400470,79;20202477,11;64691873,63;83903551,82;
2811012;"Janowiec Kościelny (2)";2452504,46;1350402,86;2302110,69;3221175,15;1008201,91;2633670,72;3869653,48;2041992,02;9514502,91;17800192,32;
2811022;"Janowo (2)";1512402,05;1337270,12;666744,09;2437858,34;413864,61;609619,86;974559,45;220426,77;6511822,03;4957537,62;
2811032;"Kozłowo (2)";757661,53;692623,11;921289,37;2296041,71;1354099,25;868548,74;2188559,25;5404643,07;15301719,44;22128168,76;
2811043;"Nidzica (3)";8674353,89;16339492,19;14523584,87;20793986,45;9577554,78;27962265,99;12367698,61;12535415,25;33363829,25;39017653,12;
2812000;"Powiat nowomiejski";37298953,15;26497576,63;35051482,30;58906941,55;47913456,84;44569426,43;46469561,53;64908127,04;91221954,37;91494266,23;
2812011;"Nowe Miasto Lubawskie (1)";6638255,91;5285316,72;5407412,99;13392625,30;4837002,12;9291318,64;13479165,92;19792913,33;9162110,93;5183937,39;
2812022;"Biskupiec (2)";1803845,55;2767817,09;9489816,94;14598134,73;8602771,79;7222128,76;5471472,46;7926043,78;31453530,74;20415424,60;
2812032;"Grodziczno (2)";4716773,21;4071416,81;3743065,16;6671873,01;8293876,23;8788737,53;1804204,96;8355379,16;10967602,28;9014769,42;
2812042;"Kurzętnik (2)";16993982,28;5907294,51;8627788,61;12101461,46;9547267,41;11239816,02;9878675,36;9623328,94;15034288,48;15411668,34;
2812052;"Bratian (2)";7146096,20;8465731,50;7783398,60;12142847,05;16632539,29;8027425,48;15836042,83;19210461,83;24604421,94;41468466,48;
2813000;"Powiat olecki";9906588,67;5441906,50;14690227,80;28593416,27;16533503,02;30063045,97;22938278,97;33729826,51;66875874,82;55838116,82;
2813032;"Kowale Oleckie (2)";477333,37;573397,44;1716627,94;2561703,24;3292190,85;5856879,37;4065482,05;1710282,79;8646612,04;11634371,46;
2813043;"Olecko (3)";7164228,99;3373165,38;8126139,72;19344564,50;7838148,13;18917830,13;14953502,58;21923287,58;37641507,41;23080769,35;
2813052;"Świętajno (2)";1501021,59;821069,04;781953,13;1084094,43;1956847,67;3522657,40;1512922,47;5866832,07;11462467,45;13666961,65;
2813062;"Wieliczki (2)";764004,72;674274,64;4065507,01;5603054,10;3446316,37;1765679,07;2406371,87;4229424,07;9125287,92;7456014,36;
2814000;"Powiat olsztyński";49668880,08;41510193,07;81393759,71;162285741,24;163103263,34;127010160,34;143105419,12;180254119,67;172025710,87;225754877,76;
2814013;"Barczewo (3)";4269963,93;4184701,30;12652980,76;15273915,80;15544668,02;17438741,52;14999325,33;15024553,02;15809733,14;14382263,34;
2814023;"Biskupiec (3)";4982003,23;6532319,79;6375978,28;27905647,49;33840932,56;9596676,53;23321885,99;13746787,11;25895570,96;14970039,53;
2814033;"Dobre Miasto (3)";1701686,32;2886151,87;9041029,36;30869952,59;4025883,18;2416299,27;2266814,14;4844595,92;12050302,08;8776138,02;
2814042;"Dywity (2)";7431118,91;5600174,89;10547888,70;17280835,94;20347192,79;11713638,48;17285395,27;31748748,30;12690613,57;33862020,18;
2814052;"Gietrzwałd (2)";3338991,20;1308547,47;4529763,25;8331535,05;9793770,09;11643390,79;11399663,01;17788139,76;20812473,32;25022126,92;
2814063;"Jeziorany (3)";2297892,63;932652,50;4161588,59;6288305,54;5915158,96;6826609,25;14243452,74;21711024,92;12183588,77;16598767,73;
2814072;"Jonkowo (2)";2911664,97;2684015,69;2368216,29;11305370,95;20269055,00;14427982,71;6623703,09;7537039,18;8237908,68;13416844,46;
2814082;"Kolno (2)";4721758,48;606522,50;2279323,27;2043001,31;1570510,92;3365343,01;1200779,96;3725239,28;4142960,86;6191308,00;
2814093;"Olsztynek (3)";6144579,38;6436535,69;5613327,94;7680509,05;8626086,84;4642374,49;9413470,76;5797111,39;4081570,55;20441102,50;
2814102;"Purda (2)";2201869,84;2777449,76;6188895,11;8414432,18;9637947,15;12826168,80;10117660,47;15542133,67;15468323,70;26868702,50;
2814112;"Stawiguda (2)";9146806,32;6176989,02;16746487,68;23587100,40;30618928,63;28594145,29;30200502,40;38370735,00;32743740,35;39572235,29;
2814122;"Świątki (2)";520544,87;1384132,59;888280,48;3305134,94;2913129,20;3518790,20;2032765,96;4418012,12;7908924,89;5653329,29;
2815000;"Powiat ostródzki";55596178,38;33110637,17;52862955,39;90831855,12;86757213,61;63718670,20;61278716,70;73132052,44;135774407,53;158921697,02;
2815011;"Ostróda (1)";5931914,43;14740145,72;12357632,02;39405550,36;40431294,28;14063507,48;15469670,52;16657158,91;28409238,81;26956624,14;
2815022;"Dąbrówno (2)";1381679,99;388241,19;2865646,20;1912801,73;1982433,10;3251958,07;2845066,14;6754568,33;9882133,58;20592306,48;
2815032;"Grunwald (2)";5707022,63;1447757,21;2790739,68;4707262,88;817334,43;3292018,36;2722854,16;5415649,31;2212497,62;6710901,18;
2815042;"Łukta (2)";449437,00;1093716,87;1627884,57;7099977,16;2810806,78;745075,52;2459366,75;3461816,18;10922316,55;14890530,30;
2815052;"Małdyty (2)";1221790,53;462682,72;3374526,17;3172363,09;1222078,68;4482765,69;4924780,44;2238463,27;15314808,84;13468751,52;
2815063;"Miłakowo (3)";506904,13;637606,23;1367741,70;3443164,35;3436246,66;4967202,02;1720846,23;4760476,40;6368510,80;10643805,90;
2815073;"Miłomłyn (3)";848089,89;1811097,05;7742013,77;802034,36;4894746,81;4352795,30;10506068,38;5804016,34;18454864,23;12056647,75;
2815083;"Morąg (3)";20459155,95;6598965,78;13707008,27;15492482,66;16212998,88;14617568,53;6227311,41;14902091,86;11910963,45;30112574,48;
2815092;"Ostróda (2)";19090183,83;5930424,40;7029763,01;14796218,53;14949273,99;13945779,23;14402752,67;13137811,84;32299073,65;23489555,27;
2816000;"Powiat piski";12757119,05;8933226,05;21803208,15;41127450,90;32965266,23;36961399,12;44968803,89;35177532,62;91519650,89;86831448,60;
2816013;"Biała Piska (3)";1849053,12;1749802,36;6907971,37;7787517,14;5513149,31;3811589,43;2773283,89;1819367,36;11018266,79;14509402,87;
2816023;"Orzysz (3)";3289216,00;1793683,12;1769090,36;12563807,45;2349323,27;2794216,38;7885150,70;6520014,40;5714637,09;30913899,45;
2816033;"Pisz (3)";5718615,53;2111656,50;5911397,52;13355418,12;17456610,97;16934939,94;23892514,85;15749600,75;44701506,84;28877036,39;
2816043;"Ruciane-Nida (3)";1900234,40;3278084,07;7214748,90;7420708,19;7646182,68;13420653,37;10417854,45;11088550,11;30085240,17;12531109,89;
2817000;"Powiat szczycieński";31172557,10;29749230,29;38620110,25;61710924,65;42828922,02;61279363,26;63380390,68;73053769,91;114659698,93;186879013,78;
2817011;"Szczytno (1)";5193096,71;7449359,16;7936847,57;12229684,03;11913555,31;23269009,68;17739992,55;11454156,56;27257220,21;10042563,44;
2817022;"Dźwierzuty (2)";712324,08;1974434,47;3262048,86;3916203,28;3511191,59;1541543,24;8412105,86;5054185,45;5585709,20;14832847,15;
2817032;"Jedwabno (2)";3037473,21;2061723,73;3543495,54;4834338,20;4208649,86;3041285,28;2754589,03;6517934,30;8984741,61;17233460,03;
2817043;"Pasym (3)";761854,02;679351,29;4129870,77;15649163,69;1659943,14;2656449,71;7449181,42;6998212,65;14773154,93;20440418,52;
2817052;"Rozogi (2)";987842,79;1580265,40;746483,04;3761890,49;2507001,25;7251075,30;2010432,48;6522501,04;6563976,86;15162319,27;
2817062;"Szczytno (2)";11844358,38;7384841,54;9496995,60;9389908,52;8576801,47;10702036,24;16403040,29;17125325,07;28520194,61;88899181,94;
2817072;"Świętajno (2)";4630133,59;4621913,97;4603555,72;6472966,07;5079439,76;5787318,67;2865627,55;11739142,76;8662812,36;7138704,78;
2817082;"Wielbark (2)";4005474,32;3997340,73;4900813,15;5456770,37;;;;;;;
2817083;"Wielbark (3)";;;;;5372339,64;7030645,14;5745421,50;7642312,08;14311889,15;13129518,65;
2818000;"Powiat gołdapski";13165902,61;3067527,51;17528945,38;27260599,66;22151208,41;23637234,63;10267536,27;12117860,08;23109240,74;33850299,78;
2818012;"Banie Mazurskie (2)";4010020,05;485350,08;1114622,64;1397377,92;1259166,31;852211,71;1861384,70;5030189,88;5051078,86;9222720,74;
2818022;"Dubeninki (2)";1705045,00;246957,23;1969759,66;1737872,25;1624768,77;3314333,18;1929597,43;2186615,25;4312963,77;12713482,96;
2818033;"Gołdap (3)";7450837,56;2335220,20;14444563,08;24125349,49;19267273,33;19470689,74;6476554,14;4901054,95;13745198,11;11914096,08;
2819000;"Powiat węgorzewski";12113066,33;3854598,14;8079758,53;11969218,78;11194512,69;16245252,89;18146704,88;28468751,21;38740053,54;59408313,16;
2819012;"Budry (2)";3624472,14;764864,12;3184034,18;285307,88;1733589,01;1095679,38;1924442,10;10937939,15;12264926,04;8793992,00;
2819022;"Pozezdrze (2)";97901,50;176568,08;813209,63;3257884,63;2572179,84;4390341,80;1364715,14;4958734,59;10312109,55;16704120,42;
2819033;"Węgorzewo (3)";8390692,69;2913165,94;4082514,72;8426026,27;6888743,84;10759231,71;14857547,64;12572077,47;16163017,95;33910200,74;
2861000;"Powiat m. Elbląg";45516546,91;37584993,42;56249884,72;47078134,68;64572361,24;30209959,48;67349132,11;53160090,43;51404193,16;67836189,45;
2861011;"Elbląg (1)";45516546,91;37584993,42;56249884,72;47078134,68;64572361,24;30209959,48;67349132,11;53160090,43;51404193,16;67836189,45;
2862000;"Powiat m. Olsztyn";531429085,76;51690411,26;137839667,71;278128165,89;168563052,12;93556055,19;154114754,35;235294514,78;713999590,29;95917336,17;
2862011;"Olsztyn (1)";531429085,76;51690411,26;137839667,71;278128165,89;168563052,12;93556055,19;154114754,35;235294514,78;713999590,29;95917336,17;
3000000;"WIELKOPOLSKIE";2113897309,71;1917944347,18;2537361713,15;3398599988,02;3067061749,25;3037245363,09;3205010020,43;3947389959,41;5228924009,36;5426617808,91;
3001000;"Powiat chodzieski";21057106,02;20323049,29;36383707,32;48402883,38;33876822,82;33978720,76;33077580,85;52281907,69;78187181,65;95176892,89;
3001011;"Chodzież (1)";2025958,67;3843506,52;16028970,89;15092679,05;4053008,91;4710252,53;10254746,56;21518356,34;21683442,20;17954922,92;
3001022;"Budzyń (2)";5711834,18;5148118,03;5025569,36;10586674,67;9615386,20;9483435,82;;;;;
3001023;"Budzyń (3)";;;;;;;7248040,32;13055070,40;19898870,19;23672436,75;
3001032;"Chodzież (2)";5300641,72;3007796,64;3993335,47;4925473,87;7454100,68;2835444,26;6495583,86;6241155,14;13199437,70;13247464,93;
3001043;"Margonin (3)";5282895,76;4629635,03;6490239,84;11638195,59;7787672,15;5615663,02;4265739,86;7395493,66;13933549,51;17653389,63;
3001053;"Szamocin (3)";2735775,69;3693993,07;4845591,76;6159860,20;4966654,88;11333925,13;4813470,25;4071832,15;9471882,05;22648678,66;
3002000;"Powiat czarnkowsko-trzcianecki";23815366,20;21767434,83;54533744,54;58710062,97;52501261,85;57441550,92;47817105,62;90466741,15;103517497,25;116063573,69;
3002011;"Czarnków (1)";5961582,57;2576554,17;3642664,59;6168537,65;6214810,04;4321482,16;2840653,72;14617372,55;15992626,03;8378343,66;
3002022;"Czarnków (2)";2315401,39;2570555,11;5591467,72;9703744,10;4894169,97;8012512,99;8947668,15;4999579,36;4293836,71;10265377,92;
3002032;"Drawsko (2)";1401516,57;958226,13;2732181,97;6472451,62;2383872,83;1782581,54;3132531,69;4938105,39;13289333,78;5140515,61;
3002043;"Krzyż Wielkopolski (3)";3036760,29;3541256,22;5672503,90;5809880,65;2594642,36;5571948,81;3533582,11;7679387,98;18123074,22;4903869,65;
3002052;"Lubasz (2)";1942121,51;1893987,87;7514980,96;13229706,00;2118734,73;2926889,46;6216179,78;6637412,76;4983264,50;13433036,53;
3002062;"Połajewo (2)";1096760,57;645922,93;3535409,81;2634261,61;4044000,26;1122806,35;4242494,35;7798580,40;11119862,10;23169945,25;
3002073;"Trzcianka (3)";5267303,21;6160890,86;18611718,95;7473916,33;18458618,10;18263094,32;8836538,82;20614759,03;21790850,47;39459117,76;
3002083;"Wieleń (3)";2793920,09;3420041,54;7232816,64;7217565,01;11792413,56;15440235,29;10067457,00;23181543,68;13924649,44;11313367,31;
3003000;"Powiat gnieźnieński";53134025,07;70917328,53;105998298,98;168732292,49;112885719,18;79783805,45;90076891,59;128930888,60;173550654,58;220368305,18;
3003011;"Gniezno (1)";12584321,73;38136239,60;45834213,32;53992592,94;57313099,23;21724656,60;41991053,39;61766934,93;67116093,75;44551077,46;
3003023;"Czerniejewo (3)";2057921,94;1837344,81;6895463,57;8218943,14;6287956,11;3835299,77;4003338,49;2562208,94;17406973,62;12772514,18;
3003032;"Gniezno (2)";9742304,43;8952411,13;13492503,84;17953590,84;13712773,41;14164832,27;12471801,94;21716726,43;16695386,52;36969982,15;
3003042;"Kiszkowo (2)";4798193,74;1812108,06;5973207,60;5910420,56;6157590,09;4780597,57;5609113,80;7526830,79;18364071,61;21209292,38;
3003053;"Kłecko (3)";1776743,91;7058939,06;11730174,48;22049721,05;8476961,52;18568379,01;5276002,69;12946254,39;13054800,55;12095664,04;
3003062;"Łubowo (2)";2819377,09;2771005,99;6813212,49;23709860,41;5250874,55;4926274,04;6446975,15;5476005,03;4600850,10;45476810,92;
3003072;"Mieleszyn (2)";493862,69;822923,28;982301,64;2852263,28;1482117,00;662807,78;1751474,30;4049594,67;4600444,09;14531588,23;
3003082;"Niechanowo (2)";2054431,09;755632,89;1152039,95;6940993,20;4037597,71;2467708,96;3953014,72;3231171,23;6209402,76;14860467,47;
3003093;"Trzemeszno (3)";9813180,27;6939692,04;7774235,75;19074131,69;5775432,75;2833846,50;2610765,36;3845699,20;8757628,99;5687796,88;
3003103;"Witkowo (3)";6993688,18;1831031,67;5350946,34;8029775,38;4391316,81;5819402,95;5963351,75;5809462,99;16745002,59;12213111,47;
3004000;"Powiat gostyński";34506511,12;33495890,43;35856800,92;42179280,50;43241904,87;44270708,03;45148149,79;81261081,68;106196091,13;107252925,19;
3004013;"Borek Wielkopolski (3)";3281023,44;1563968,04;3117775,63;2936847,98;3668207,35;2662565,41;2941603,74;6891765,35;9928982,39;3528908,77;
3004023;"Gostyń (3)";9433893,04;13845746,59;14721944,95;16920321,28;18319860,34;11165403,12;17954767,19;29760009,76;15763024,69;35667127,85;
3004033;"Krobia (3)";6803715,57;7965638,67;5687763,81;8528948,86;8106518,22;13395975,40;11053821,78;21453917,14;23396983,94;9976296,42;
3004042;"Pępowo (2)";2419532,20;2392047,03;2693879,84;2682375,42;6223445,53;9375817,86;4333034,31;5304597,13;16688206,54;20619147,63;
3004052;"Piaski (2)";2466414,54;3233250,00;5654533,02;7095499,95;2292994,81;3279308,26;2747109,20;5355780,17;20634317,61;14688012,22;
3004063;"Pogorzela (3)";2449615,07;1974995,59;1461361,67;849580,69;1525845,30;2375064,43;2282038,55;2424708,55;12659503,16;3422129,78;
3004073;"Poniec (3)";7652317,26;2520244,51;2519542,00;3165706,32;3105033,32;2016573,55;3835775,02;10070303,58;7125072,80;19351302,52;
3005000;"Powiat grodziski";18444218,82;18656696,16;37545620,15;39789259,28;23662048,09;36144140,34;26559006,97;40194468,93;66180154,01;88603493,11;
3005012;"Granowo (2)";2606854,58;1431516,78;5462078,27;7288740,16;4987993,64;5701622,71;7900518,23;6355252,89;3362934,97;16096243,71;
3005023;"Grodzisk Wielkopolski (3)";5735319,47;8343087,51;11687199,01;14643553,94;7952060,65;11977856,95;4908937,06;15835916,53;20343048,61;10973901,86;
3005032;"Kamieniec (2)";3324444,10;1943485,68;4487698,36;5029250,17;2207727,81;3285683,58;3613078,79;7131912,87;13976821,07;14980139,39;
3005043;"Rakoniewice (3)";4425316,19;6015047,23;13823193,30;9237276,72;6952315,03;8603637,52;4829993,07;7128858,50;19414249,57;30140307,04;
3005053;"Wielichowo (3)";2352284,48;923558,96;2085451,21;3590438,29;1561950,96;6575339,58;5306479,82;3742528,14;9083099,79;16412901,11;
3006000;"Powiat jarociński";20416882,46;34656540,69;44604455,25;78289296,73;42389701,18;64645937,59;82128918,43;110553038,12;91891214,29;81693371,60;
3006012;"Jaraczewo (2)";2928850,09;;;;;;;;;;
3006013;"Jaraczewo (3)";;2451458,07;2268460,60;9576049,81;3515265,94;6868760,41;10326380,79;18069016,08;18395265,70;11389283,19;
3006023;"Jarocin (3)";10811361,57;25355995,64;25792406,42;53736496,99;28253667,51;44369117,69;59288690,78;64819500,50;52050133,92;37664800,02;
3006032;"Kotlin (2)";3952592,40;3243312,21;5663518,72;5133545,03;5703066,92;7524539,81;8019124,69;5406621,58;7635616,06;11304361,25;
3006043;"Żerków (3)";2724078,40;3605774,77;10880069,51;9843204,90;4917700,81;5883519,68;4494722,17;22257899,96;13810198,61;21334927,14;
3007000;"Powiat kaliski";32114921,67;36659617,00;62819215,84;97258470,12;85216478,07;76206510,12;68812982,29;100569452,11;164237222,97;164156027,98;
3007012;"Blizanów (2)";3135818,01;5191233,59;10415581,95;13540932,41;8408888,10;7982316,12;7421446,28;13542773,64;21962276,51;10396307,12;
3007022;"Brzeziny (2)";2749805,00;1098947,33;1936869,38;3016988,98;5952134,74;10339260,92;6796660,69;6329211,57;12191329,87;9806449,32;
3007032;"Ceków-Kolonia (2)";1716895,06;3375821,14;5984100,87;7076226,07;4313465,35;2554827,72;5167792,08;6721140,10;13589298,97;19361936,90;
3007042;"Godziesze Wielkie (2)";3712438,41;4024340,33;5487049,81;11178865,48;14325664,69;10137901,33;6548847,25;12546272,06;7472835,94;16927264,48;
3007052;"Koźminek (2)";2339667,91;3362770,88;2998314,27;10364553,07;9408636,13;6380200,20;;;;;
3007053;"Koźminek (3)";;;;;;;3185289,06;9837081,82;18684289,83;9960571,18;
3007062;"Lisków (2)";2272510,93;2485023,48;4439397,86;3962682,63;5946945,57;7376586,04;3694603,69;6122438,14;15168161,26;6800739,28;
3007072;"Mycielin (2)";1394667,27;1628776,22;2219396,26;2819738,30;4565997,32;567830,49;5347992,81;5889722,19;15752808,09;22708942,20;
3007082;"Opatówek (2)";5526696,90;5460429,57;;;;;;;;;
3007083;"Opatówek (3)";;;12975580,55;18678854,97;9556531,22;6059662,82;10778415,26;16498635,56;14455790,75;18606882,15;
3007093;"Stawiszyn (3)";1123043,02;1495676,86;2195740,45;7755788,26;5845231,48;8891278,39;6204271,86;6281237,52;5068501,40;20355626,24;
3007102;"Szczytniki (2)";4077327,36;3545565,03;7825931,84;9224365,46;6729843,56;10077861,16;5639767,92;8955477,66;15306528,83;10878683,79;
3007112;"Żelazków (2)";4066051,80;4991032,57;6341252,60;9639474,49;10163139,91;5838784,93;8027895,39;7845461,85;24585401,52;18352625,32;
3008000;"Powiat kępiński";23833641,99;28564648,27;53031118,68;62013545,37;57801616,57;60148996,96;94280920,78;92052634,41;151323820,45;141590245,40;
3008012;"Baranów (2)";6360727,99;7240327,66;10065985,71;15592870,12;7293478,32;31230600,73;31202829,07;29494881,43;40968704,72;27821150,60;
3008022;"Bralin (2)";968889,46;1991015,64;4021174,45;6858063,14;3915855,04;2381872,38;8229857,02;13651519,44;11301233,93;9815396,86;
3008033;"Kępno (3)";10988055,46;11300655,06;22595702,68;22028611,38;16970886,06;13126322,24;17681601,02;21300049,82;45023572,95;30786692,71;
3008042;"Łęka Opatowska (2)";1490506,31;2957286,10;3723854,29;5092284,13;16036744,99;3663825,16;18757265,34;4943149,35;18522152,42;18895719,02;
3008052;"Perzów (2)";751295,17;2941421,83;6113985,79;4565333,92;3517344,97;2748602,62;11087208,89;10341921,39;12782185,65;20003531,99;
3008062;"Rychtal (2)";613088,98;721438,72;3066880,90;734149,81;1828191,33;1541200,58;4848798,96;6358189,33;7115789,87;;
3008063;"Rychtal (3)";;;;;;;;;;23523938,77;
3008072;"Trzcinica (2)";2661078,62;1412503,26;3443534,86;7142232,87;8239115,86;5456573,25;2473360,48;5962923,65;15610180,91;10743815,45;
3009000;"Powiat kolski";27568994,67;27228061,49;39860318,39;78013456,14;55510405,37;39188999,87;56474097,91;99357458,21;122651961,94;161515895,08;
3009011;"Koło (1)";3752154,77;3709068,13;7905933,03;20178629,81;14107916,06;3620873,62;16061143,38;15050535,47;11344275,00;14357263,27;
3009022;"Babiak (2)";3157353,96;3953237,53;2948090,06;4859462,76;3359121,94;5970248,08;3655634,56;5501754,62;5143670,69;21267328,43;
3009032;"Chodów (2)";3262984,53;3153920,66;3284952,65;3300489,19;1253423,43;853057,26;2223055,56;2119007,04;6742711,82;7884247,17;
3009043;"Dąbie (3)";683541,20;2153003,74;2071189,96;6521719,37;9065166,34;3459705,30;3089088,68;9466930,95;24916909,35;16105592,31;
3009052;"Grzegorzew (2)";1219721,68;983488,34;4024094,63;9598864,19;2783755,67;2044205,76;3141624,86;7970245,60;9479500,89;14109766,85;
3009063;"Kłodawa (3)";2629381,62;4169669,09;3222057,01;6254662,17;2644691,81;4643319,45;10081004,21;11155823,49;20313519,24;27711615,81;
3009072;"Koło (2)";2957961,97;1913123,12;1883746,01;5890078,47;3934111,36;4174663,76;5993520,56;12859232,91;10277756,76;18688453,77;
3009082;"Kościelec (2)";1437725,88;1412778,57;3927097,96;9433346,49;7635378,90;4308933,47;2964591,77;7964813,00;9925498,86;6895532,62;
3009092;"Olszówka (2)";1828224,33;1572010,01;3072060,09;3870496,25;4927187,44;2634878,17;2769966,81;13285988,32;8630257,68;6886886,61;
3009102;"Osiek Mały (2)";4965006,92;1033773,43;3113479,78;5687365,58;2427945,78;5901132,30;3061040,07;4959121,83;11374787,14;10411425,46;
3009113;"Przedecz (3)";1674937,81;3173988,87;4407617,21;2418341,86;3371706,64;1577982,70;3433427,45;9024004,98;4503074,51;17197782,78;
3010000;"Powiat koniński";58393154,81;46411224,64;66906183,39;121851384,10;84698218,76;93086199,04;78846347,55;158796375,46;237657986,11;268128133,68;
3010013;"Golina (3)";1295305,47;4539217,02;7446547,31;8901691,88;5911804,70;11624548,18;7371381,21;8351202,55;9463406,03;22383841,11;
3010022;"Grodziec (2)";4618460,96;925638,06;3313370,41;5737585,97;5149833,08;6682644,53;3360960,90;8488197,77;16052666,87;19316955,99;
3010032;"Kazimierz Biskupi (2)";4101495,07;4091561,87;6201066,47;8720115,94;7314976,36;9859234,21;7750637,20;22172066,82;32884710,82;29910502,69;
3010043;"Kleczew (3)";11401652,90;10078067,51;6765195,93;15499939,28;16007775,92;13186142,61;7855603,30;13178314,88;14312371,48;9977911,61;
3010052;"Kramsk (2)";3055342,65;2499323,29;3384722,88;5694303,16;3507212,98;4049069,55;3384431,60;11503669,46;23326843,67;19970476,52;
3010062;"Krzymów (2)";1761379,26;1720582,29;1661208,52;2808204,46;2589596,82;4937363,26;3616189,76;13075667,20;6365434,07;21823207,16;
3010073;"Rychwał (3)";1708633,71;1287234,91;3146193,32;7255729,10;5309726,32;3777569,26;3759208,46;5556541,19;14160398,23;21637946,74;
3010082;"Rzgów (2)";1483518,95;3606277,80;6494384,46;15522001,13;10596042,47;10696119,81;5396163,12;21928900,61;13233711,51;18321507,91;
3010092;"Skulsk (2)";1725179,60;1232667,19;1149092,35;2265125,98;1741790,25;2716157,32;3447337,56;7329725,14;25863305,34;13358914,72;
3010103;"Sompolno (3)";4944581,17;2361602,42;5383209,75;6074883,88;2803535,78;3917861,21;4180155,21;9030183,42;12417953,38;16361918,38;
3010112;"Stare Miasto (2)";4542542,15;2387598,12;3919583,29;7855566,09;8129700,21;6092613,18;8275734,84;14261390,94;10526155,09;19481289,11;
3010123;"Ślesin (3)";11810195,49;7077221,99;7881710,74;7798240,07;7254066,75;9660541,83;9207099,70;9854444,60;21307795,86;17907027,70;
3010132;"Wierzbinek (2)";3635164,67;2473067,34;5492044,65;20300639,79;7631133,61;3820487,25;9975964,61;10294274,34;30302975,46;20565600,01;
3010142;"Wilczyn (2)";2309702,76;2131164,83;4667853,31;7417357,37;751023,51;2065846,84;1265480,08;3771796,54;7440258,30;17111034,03;
3011000;"Powiat kościański";32731765,35;46154823,69;73793149,52;98360278,85;74502190,03;67610465,04;83715365,79;86986421,95;96428764,02;92355289,84;
3011011;"Kościan (1)";7918028,80;9280738,45;8292929,70;11488432,05;16369852,83;15554309,78;26183040,24;20327972,00;17939498,84;13787314,33;
3011023;"Czempiń (3)";2418339,53;7743624,74;15015964,94;36091633,56;7223502,38;12676957,44;18412727,94;21112691,97;23693420,65;34150213,44;
3011032;"Kościan (2)";13732253,73;12934402,66;21965332,30;16401053,96;31019089,89;26224194,86;27069838,25;31946229,84;24851291,28;19946838,39;
3011043;"Krzywiń (3)";3496887,57;3567942,91;12618315,91;25165442,35;9719115,19;6602077,29;2689792,77;7096306,84;18050391,26;16227833,11;
3011053;"Śmigiel (3)";5166255,72;12628114,93;15900606,67;9213716,93;10170629,74;6552925,67;9359966,59;6503221,30;11894161,99;8243090,57;
3012000;"Powiat krotoszyński";22897912,05;17521740,07;27854182,00;59077715,02;52964820,92;62989427,41;46531685,80;63835662,48;79860353,84;97415949,30;
3012011;"Sulmierzyce (1)";250349,70;983761,63;2103295,57;1989416,13;1068404,60;1069101,87;2886471,05;965009,69;5726786,63;9844590,47;
3012023;"Kobylin (3)";2585042,21;1843559,88;5317235,75;3420454,14;3280455,71;3537311,89;4059440,89;12733629,56;8422302,29;9511199,18;
3012033;"Koźmin Wielkopolski (3)";3881175,83;1692351,94;2856062,04;6554774,37;6052783,70;3951698,42;3980260,57;16688285,38;20490890,48;25888932,20;
3012043;"Krotoszyn (3)";14534595,97;9074662,43;11374442,53;32144663,29;37380397,82;44238099,15;17677633,30;16846839,19;21762742,53;33166036,10;
3012052;"Rozdrażew (2)";1314822,16;2835037,15;1463609,71;2610331,15;1664820,40;1618128,98;6372594,18;5878962,25;4720031,76;9917169,96;
3012063;"Zduny (3)";331926,18;1092367,04;4739536,40;12358075,94;3517958,69;8575087,10;11555285,81;10722936,41;18737600,15;9088021,39;
3013000;"Powiat leszczyński";23095045,26;27224316,28;71282146,46;112368603,89;44950731,00;47631501,11;53753376,61;77866841,98;149728131,50;123093417,05;
3013012;"Krzemieniewo (2)";1563304,02;1320146,97;18037884,66;17321167,50;2902306,90;8933540,69;4066202,83;7315974,95;16345673,93;10743227,68;
3013022;"Lipno (2)";2499719,23;2383460,55;5044553,54;6438660,59;5884114,31;7520601,77;6287410,37;8167543,53;33407364,96;33767006,95;
3013033;"Osieczna (3)";4789771,81;9708041,71;17497571,83;24812934,65;5114733,49;10884959,71;11170691,98;11077549,93;12984816,85;30610428,58;
3013043;"Rydzyna (3)";3961112,01;3846223,95;9227884,07;17944908,66;7080183,59;4774264,31;12585146,65;19213324,31;19835912,21;11037829,08;
3013052;"Święciechowa (2)";3064347,71;5882761,64;6524977,81;16945792,63;8648199,13;8805020,19;3592671,60;20044050,52;22478678,40;8700317,81;
3013062;"Wijewo (2)";4411602,83;849334,08;4582578,56;15716745,97;3091260,76;1437206,52;8029173,64;2951774,36;9352557,49;6731009,29;
3013072;"Włoszakowice (2)";2805187,65;3234347,38;10366695,99;13188393,89;12229932,82;5275907,92;8022079,54;9096624,38;35323127,66;21503597,66;
3014000;"Powiat międzychodzki";13267614,55;15073167,35;36711603,71;37409575,41;23564296,65;38930989,16;28785480,99;40002752,72;51004388,60;59709076,56;
3014012;"Chrzypsko Wielkie (2)";1257499,45;1728130,51;4755182,96;3442649,63;4030631,32;3185581,77;3576071,20;5868217,46;9702549,73;16433041,70;
3014022;"Kwilcz (2)";1828591,49;2307373,50;3200525,08;2454084,79;2719237,74;5973964,40;6115401,14;6677670,11;10749517,11;15004623,95;
3014033;"Międzychód (3)";8114212,90;8560311,82;17186190,87;14498113,55;11644921,00;21456047,75;9806429,00;20022880,72;17764082,64;20329260,63;
3014043;"Sieraków (3)";2067310,71;2477351,52;11569704,80;17014727,44;5169506,59;8315395,24;9287579,65;7433984,43;12788239,12;7942150,28;
3015000;"Powiat nowotomyski";36355995,26;34081396,35;59521207,11;58540944,36;53561994,48;65592726,08;55623306,86;60629382,65;93363069,49;115308596,07;
3015012;"Kuślin (2)";686304,97;1584106,94;1325545,79;1751492,44;4504469,04;6300520,26;3099358,16;5979003,33;2947994,90;10386692,99;
3015023;"Lwówek (3)";4773732,93;4531544,66;3478804,48;7127123,84;6153239,78;13837014,03;4333945,37;4747227,83;17494179,81;10152614,17;
3015032;"Miedzichowo (2)";3725121,28;745009,28;1379394,01;964503,74;3645056,09;4248741,92;4608684,30;9603221,18;8286138,07;10243039,55;
3015043;"Nowy Tomyśl (3)";3823507,07;8576277,01;32328914,71;24672660,80;17726654,69;11224835,09;17727652,15;21127219,40;28624702,09;37820603,28;
3015053;"Opalenica (3)";8803321,89;13051870,91;12152237,91;12411926,73;11660688,31;11771457,77;11071452,55;11943046,16;11549590,98;20986728,86;
3015063;"Zbąszyń (3)";14544007,12;5592587,55;8856310,21;11613236,81;9871886,57;18210157,01;14782214,33;7229664,75;24460463,64;25718917,22;
3016000;"Powiat obornicki";15105668,83;20516091,01;35674984,12;58366594,27;19079630,13;21904350,82;27973599,99;27827737,44;65091677,27;89572385,43;
3016013;"Oborniki (3)";9817091,25;11957668,91;18147008,70;34546965,40;13428674,09;9039189,06;13788448,72;12777656,34;36988261,63;46722877,78;
3016023;"Rogoźno (3)";3343435,34;5551085,30;4333434,97;17578454,87;3554233,24;9701515,86;8742920,54;6291077,67;15131844,32;28576638,66;
3016032;"Ryczywół (2)";1945142,24;3007336,80;13194540,45;6241174,00;2096722,80;3163645,90;5442230,73;8759003,43;12971571,32;14272868,99;
3017000;"Powiat ostrowski";74130712,17;84327182,22;95341797,18;135884922,92;139126513,81;122098357,44;102049982,00;178593345,97;195809360,33;205789988,77;
3017011;"Ostrów Wielkopolski (1)";27379222,19;37400419,31;41445303,03;44855781,51;59729225,30;56878877,21;37572831,87;78104618,80;49645002,45;46873124,15;
3017023;"Nowe Skalmierzyce (3)";11336341,04;17444228,02;13941048,23;16777644,08;13739021,97;9101525,39;10949943,80;16743417,59;23831465,81;20761766,47;
3017033;"Odolanów (3)";9938720,60;5757363,30;8606052,22;15668055,27;14096803,39;11626187,25;9673509,27;15369536,17;36913912,85;28330229,46;
3017042;"Ostrów Wielkopolski (2)";5827537,01;6995756,44;9683759,30;14484163,22;17489035,74;17878673,67;13978443,23;10585903,47;16587771,51;20739878,00;
3017052;"Przygodzice (2)";6276884,64;5141900,34;7280052,70;22045642,45;17875314,40;8299898,61;13582574,71;11043025,40;13634529,28;21382251,10;
3017063;"Raszków (3)";7216097,76;5225289,01;6011713,28;9192988,71;5116842,69;10309479,65;7433501,35;16147750,28;23317932,77;28867766,40;
3017072;"Sieroszewice (2)";2957395,78;2509351,68;5393903,82;7565162,48;3815457,13;4115827,99;5364448,56;6933902,66;16614874,65;13021652,88;
3017082;"Sośnie (2)";3198513,15;3852874,12;2979964,60;5295485,20;7264813,19;3887887,67;3494729,21;23665191,60;15263871,01;25813320,31;
3018000;"Powiat ostrzeszowski";17132174,74;18792014,50;25612502,23;56164517,65;51249015,11;37535172,37;40117440,95;80549129,34;76145068,45;109808797,99;
3018012;"Czajków (2)";913178,57;1196107,82;2101619,35;2535485,21;7085322,32;2733601,84;5437091,17;11344092,53;15956265,41;11709364,16;
3018022;"Doruchów (2)";985913,54;1382925,45;2638886,85;7468124,15;6199718,65;3353362,19;4934483,99;11657062,29;6263780,56;14959588,60;
3018033;"Grabów nad Prosną (3)";2314040,00;1225038,17;2405118,18;3180590,42;5620523,71;2941039,45;8666814,33;15689166,58;5889096,04;11984907,07;
3018042;"Kobyla Góra (2)";3668506,08;4453662,13;5610775,36;2825387,15;5537754,75;10453330,46;3243359,46;12021134,75;3719499,86;24762194,94;
3018052;"Kraszewice (2)";1504297,35;1073587,95;2697486,57;7522880,46;10335697,59;4573404,64;2636186,39;9235083,30;7107018,82;9729402,64;
3018063;"Mikstat (3)";2977981,00;2532397,11;2324519,70;3012644,48;4639783,15;3174826,74;5763650,43;9047893,08;10674191,15;13401255,59;
3018073;"Ostrzeszów (3)";4768258,20;6928295,87;7834096,22;29619405,78;11830214,94;10305607,05;9435855,18;11554696,81;26535216,61;23262084,99;
3019000;"Powiat pilski";52376779,40;43183423,97;77023699,79;95004092,08;81012683,69;81811981,26;74296751,24;118635308,31;175113791,24;226772006,21;
3019011;"Piła (1)";33565934,86;22055499,79;42840160,76;46426841,92;28575550,34;41727028,62;37377177,09;57973895,63;75132618,91;87608939,62;
3019022;"Białośliwie (2)";1113941,84;1145829,44;1837174,66;3498167,32;9980660,03;3170430,00;1599127,00;1589445,70;8911244,13;16836349,40;
3019032;"Kaczory (2)";2879623,25;5941015,52;8901680,16;8427300,02;4083260,10;4522316,10;5553700,53;;;;
3019033;"Kaczory (3)";;;;;;;;11528995,90;9414743,43;17243091,70;
3019043;"Łobżenica (3)";2255980,28;3283743,41;5422367,95;3428974,39;5590266,73;10829856,50;7902053,56;5637066,22;10605820,18;27044850,70;
3019052;"Miasteczko Krajeńskie (2)";1276822,24;1044339,41;599597,68;1652288,08;7747747,73;3339610,07;679879,64;2780372,18;;;
3019053;"Miasteczko Krajeńskie (3)";;;;;;;;;5108924,96;13026159,51;
3019062;"Szydłowo (2)";3443106,82;3012362,90;3780671,87;7921988,39;7403566,44;11898028,52;7250469,13;12869546,26;23450977,56;28755759,62;
3019073;"Ujście (3)";2610531,44;3079402,82;5418306,14;8936034,00;4037271,28;2506063,17;3948091,50;10179119,63;15136679,61;12681815,17;
3019083;"Wyrzysk (3)";4187856,96;2213277,78;4765574,72;7119342,16;12017044,68;2683645,73;5306684,32;7182424,88;14916937,01;8796173,86;
3019093;"Wysoka (3)";1042981,71;1407952,90;3458165,85;7593155,80;1577316,36;1135002,55;4679568,47;8894441,91;12435845,45;14778866,63;
3020000;"Powiat pleszewski";22153384,47;22165874,14;45247802,81;81573948,21;50383078,07;43203235,25;36804685,52;67073068,64;76297497,86;87030718,71;
3020013;"Chocz (3)";1144145,08;1751062,44;2838826,63;7498917,82;10638448,83;7780869,32;2568234,61;6821090,55;3568237,41;13024701,19;
3020022;"Czermin (2)";781329,01;1557889,52;4703507,60;6680646,03;942968,41;4694676,76;4558242,20;7958300,24;4098614,33;13049649,29;
3020033;"Dobrzyca (3)";3552962,45;3244786,05;8941371,97;11120846,83;4296025,03;4630637,72;3730583,97;6418949,26;14258217,33;10558801,76;
3020042;"Gizałki (2)";1568362,69;1309969,69;4864850,70;8228619,58;6994223,42;5596895,26;4730821,51;7879790,79;9822745,25;10222435,65;
3020052;"Gołuchów (2)";3189410,48;5315822,76;5712332,71;15294879,18;4952174,09;8567750,00;8342851,44;9444008,74;10734070,72;17240637,23;
3020063;"Pleszew (3)";11917174,76;8986343,68;18186913,20;32750038,77;22559238,29;11932406,19;12873951,79;28550929,06;33815612,82;22934493,59;
3021000;"Powiat poznański";286339898,48;303902590,76;392700228,19;541547330,93;478493424,88;445237166,04;425400002,92;558011009,37;758314930,14;754959379,83;
3021011;"Luboń (1)";11583194,13;7866620,61;15408814,58;18899680,55;34281196,16;20322177,35;15357390,72;30319657,27;38502002,27;30281335,70;
3021021;"Puszczykowo (1)";4578620,46;7321383,33;9804642,93;17283403,18;12837910,31;12945243,23;3887616,02;12911731,44;11649517,73;15605892,56;
3021033;"Buk (3)";6681745,10;6947676,20;8281696,11;16934556,88;5841743,12;10059739,45;19173033,32;17579446,48;17873210,43;33222039,81;
3021042;"Czerwonak (2)";18256825,86;21702332,46;23187184,40;35917711,89;33871821,39;25614722,02;27255940,19;55138635,17;46026700,22;50736015,21;
3021052;"Dopiewo (2)";24426892,40;27256139,10;19166618,11;41682580,19;34261832,38;36073489,73;31027040,44;49933004,22;58507758,79;69545351,12;
3021062;"Kleszczewo (2)";5924761,33;3306793,62;2601245,71;16823596,50;9458628,16;19915192,41;13906723,63;17888577,84;33477876,36;30826308,47;
3021072;"Komorniki (2)";24708181,59;37318691,43;35032829,41;41325436,34;52088678,07;40396424,22;39164158,07;65959338,06;81735828,63;57441803,03;
3021083;"Kostrzyn (3)";14044173,95;11155696,91;17033286,32;32697197,90;18782802,31;29838777,18;24979179,91;28253465,89;20299705,18;45673075,26;
3021093;"Kórnik (3)";38182323,87;22428296,92;32501709,45;48615105,79;28453399,44;28773255,72;38211035,98;34400128,99;75595475,89;48372165,25;
3021103;"Mosina (3)";14882550,79;11050599,12;26607401,76;27812315,19;18721451,45;38563995,70;23345156,19;20685325,59;31685080,36;20570325,94;
3021113;"Murowana Goślina (3)";6742226,87;8858789,90;5959708,33;7367776,51;4214679,65;6506363,69;4820844,92;7461606,67;7097757,74;22981935,65;
3021123;"Pobiedziska (3)";7622961,38;11924258,20;17695447,98;51559540,74;4843243,67;8902961,47;14684337,28;18751505,02;34741603,55;33636865,82;
3021132;"Rokietnica (2)";6814956,17;11958940,21;18540872,02;24112021,64;16821003,27;24544069,17;22208090,29;22153029,10;29513895,54;15574026,32;
3021143;"Stęszew (3)";7184959,85;8657430,30;11680729,97;18277118,61;7164368,83;4928102,14;11819794,41;16254440,63;17617638,09;36653803,56;
3021152;"Suchy Las (2)";23235129,01;25025741,80;29776325,09;38031494,38;73230048,15;33718746,43;28694832,32;19217946,76;48157154,65;58313401,50;
3021163;"Swarzędz (3)";43450137,76;37949842,83;63368316,88;51472329,34;57709076,33;49286326,43;60471290,80;87713048,43;90247969,41;90474718,49;
3021172;"Tarnowo Podgórne (2)";28020257,96;43173357,82;56053399,14;52735465,30;65911542,19;54847579,70;46393538,43;53390121,81;115585755,30;95050316,14;
3022000;"Powiat rawicki";20863733,24;21621178,85;45426184,01;51911497,55;50409315,68;38186381,99;52489813,03;68522567,80;101241855,38;132948830,15;
3022013;"Bojanowo (3)";2020615,85;2387169,92;2523150,51;4531740,95;3390756,31;2848512,34;2474327,71;2468955,96;13110229,89;12678403,19;
3022023;"Jutrosin (3)";2816039,58;5019044,40;1929094,20;4414112,94;4506817,41;4460640,59;6955494,61;11949446,67;26616676,37;19707118,81;
3022033;"Miejska Górka (3)";2885493,65;1488882,33;10107155,12;12782915,88;4320376,47;2533581,88;7846578,40;24712370,70;13254010,73;36109718,34;
3022042;"Pakosław (2)";1360359,36;1363984,05;3223086,58;1672973,03;656625,02;1669627,86;7920375,50;6083592,50;17682489,60;8859013,25;
3022053;"Rawicz (3)";11781224,80;11362098,15;27643697,60;28509754,75;37534740,47;26674019,32;27293036,81;23308201,97;30578448,79;55594576,56;
3023000;"Powiat słupecki";21302243,60;13409330,90;29603436,31;27824950,71;52805959,53;33573345,46;40155817,74;72912494,55;112273345,99;109106203,69;
3023011;"Słupca (1)";3320442,52;2476035,74;2205843,08;6520996,07;13711528,58;6411782,03;5267117,17;6257772,15;3362365,83;15692481,16;
3023022;"Lądek (2)";857531,58;958688,17;6506675,92;2461724,88;3335099,98;2514864,35;4073369,56;12671110,17;10910727,81;13059830,56;
3023032;"Orchowo (2)";1466960,01;451153,00;1167203,50;1558237,14;4055476,59;444523,90;1695719,88;2638255,82;9719379,86;7433310,45;
3023042;"Ostrowite (2)";3533142,20;2689503,62;4418057,24;1941852,99;5403160,73;8430128,73;7093256,44;19612617,68;24335701,75;23751792,60;
3023052;"Powidz (2)";3488099,52;935692,64;1079005,12;3786080,74;2297726,23;4053797,14;5047229,77;8224180,98;32460279,50;20953595,70;
3023062;"Słupca (2)";2738183,70;1954785,28;7047299,91;2156260,82;1386350,99;1231685,09;1888442,11;2484503,59;5408420,76;5082911,64;
3023072;"Strzałkowo (2)";3898092,84;2089678,45;2902727,32;4892069,74;8193488,03;3953373,79;5343954,93;10922006,87;13310839,56;10973174,59;
3023083;"Zagórów (3)";1999791,23;1853794,00;4276624,22;4507728,33;14423128,40;6533190,43;9746727,88;10102047,29;12765630,92;12159106,99;
3024000;"Powiat szamotulski";41867861,54;36392859,99;70659756,73;84586335,65;58116603,45;49662118,10;61623626,25;68650721,29;115504543,80;92213710,98;
3024011;"Obrzycko (1)";434066,65;176775,12;480812,44;1023133,19;270753,02;1730489,75;698006,53;2691977,81;1268776,37;4957163,67;
3024022;"Duszniki (2)";4543730,84;4406231,27;5236444,80;6481862,74;3594524,31;2750983,93;4063436,86;5511283,72;8660327,86;6470959,98;
3024032;"Kaźmierz (2)";1022725,05;4125200,53;5055732,73;11482776,44;2522801,04;1349641,51;4474448,83;5042061,19;15608065,53;16315769,89;
3024042;"Obrzycko (2)";494816,45;948142,02;3155879,89;9797863,21;1342742,97;6055049,31;2026118,55;5774859,29;12789798,54;8105413,11;
3024053;"Ostroróg (3)";3079514,84;1328879,88;1551814,09;3693468,91;1107583,02;1095115,77;1909639,17;2453483,63;6878238,36;7923064,43;
3024063;"Pniewy (3)";11093913,78;3856349,41;10516820,25;9656277,62;11921751,74;11664101,82;24311209,39;10554098,13;16544878,76;14494731,81;
3024073;"Szamotuły (3)";12993046,32;11959302,50;26478345,93;22958543,48;20628267,25;15125586,86;13983909,84;19448653,67;10599752,91;19574977,84;
3024083;"Wronki (3)";8206047,61;9591979,26;18183906,60;19492410,06;16728180,10;9891149,15;10156857,08;17174303,85;43154705,47;14371630,25;
3025000;"Powiat średzki";36965116,47;35619591,81;27000165,47;40950006,36;39807834,64;58326083,15;25273612,45;57590684,74;63506514,99;72657958,03;
3025012;"Dominowo (2)";1136546,85;968178,28;3997535,24;4915615,42;1168443,79;851716,98;859801,85;2570949,13;8788933,21;17238448,43;
3025022;"Krzykosy (2)";3401098,48;4091618,77;2390745,45;4349785,92;14512659,86;32962769,92;5526966,20;11098022,43;15528584,20;14405660,18;
3025032;"Nowe Miasto nad Wartą (2)";1597121,13;1024861,21;1847579,46;3098637,40;2739435,16;7243197,38;4243110,30;6380266,72;6108945,74;6728138,26;
3025043;"Środa Wielkopolska (3)";26245642,88;23912049,07;15676904,54;23656437,39;15117367,72;13664134,10;12861632,63;32441190,75;26848006,14;28092037,81;
3025052;"Zaniemyśl (2)";4584707,13;5622884,48;3087400,78;4929530,23;6269928,11;3604264,77;1782101,47;5100255,71;6232045,70;6193673,35;
3026000;"Powiat śremski";18643964,30;22673744,24;28568458,60;28736944,08;25499677,34;26503639,89;49708982,96;47221608,66;47243534,98;47151139,29;
3026012;"Brodnica (2)";2099523,37;1884964,62;2889033,66;1017612,68;1283244,84;410301,47;2029311,22;9130898,88;9081008,49;5550926,57;
3026023;"Dolsk (3)";4054507,98;5640841,39;579435,50;746717,25;846846,10;854882,41;576280,56;1808308,00;6649944,73;6953696,02;
3026033;"Książ Wielkopolski (3)";2857781,86;3334669,45;7991993,31;3927525,54;3606123,97;7051877,10;14920297,63;9944308,01;9953341,02;7768790,66;
3026043;"Śrem (3)";9632151,09;11813268,78;17107996,13;23045088,61;19763462,43;18186578,91;32183093,55;26338093,77;21559240,74;26877726,04;
3027000;"Powiat turecki";32129690,58;29789332,61;55854338,19;84100268,12;67331829,88;42364301,82;50677352,32;84255642,51;184640520,17;161620305,75;
3027011;"Turek (1)";6904638,93;5565035,62;12462789,89;13440409,15;27709347,97;4107500,68;11649513,24;15906368,17;26400434,17;12216929,36;
3027022;"Brudzew (2)";3624113,36;2839024,55;6489153,71;5114048,07;3685261,19;2472962,17;5861833,17;5475591,99;10384541,73;23196712,17;
3027033;"Dobra (3)";2855628,12;2936935,91;8277773,24;13504069,13;7374824,44;4950625,45;4758427,15;7675617,94;19955574,28;12116056,71;
3027042;"Kawęczyn (2)";1823251,63;965017,40;5087309,54;3640216,07;3499987,10;5826027,32;2710863,77;3835995,81;15202748,42;12433054,33;
3027052;"Malanów (2)";2559331,04;2961119,20;5010013,04;6212861,79;3525731,77;8996493,21;4740840,18;10449713,11;19621073,61;13607868,51;
3027062;"Przykona (2)";2828795,18;5167333,87;3792996,50;10405182,12;3098122,97;3308118,90;3831100,53;6977122,47;9992557,91;20083789,17;
3027073;"Tuliszków (3)";4213816,06;2431195,47;6143729,60;7022342,87;11492243,05;7655328,65;5478307,20;13586926,33;25386581,68;24760524,48;
3027082;"Turek (2)";5535493,69;4582047,10;5824233,24;18673976,32;4850516,00;1322459,07;4226524,36;7481963,32;44449365,73;19301743,34;
3027092;"Władysławów (2)";1784622,57;2341623,49;2766339,43;6087162,60;2095795,39;3724786,37;7419942,72;12866343,37;13247642,64;23903627,68;
3028000;"Powiat wągrowiecki";30681929,23;32972852,06;53763026,07;54361182,53;41569984,52;42626878,98;42645574,40;93967179,40;131827661,80;101490908,86;
3028011;"Wągrowiec (1)";9570970,52;12963512,31;13563528,84;19046722,53;12243208,31;8207611,84;12388348,08;32661378,96;35390793,36;28141977,41;
3028022;"Damasławek (2)";489621,93;1653355,02;5736355,58;1398983,34;3557382,88;2119424,59;3126889,65;8463664,14;6328641,97;9401909,17;
3028033;"Gołańcz (3)";4545830,60;2566755,88;6702317,01;11276670,13;3667373,80;5924584,92;4418849,15;13495944,37;18850370,94;5848456,21;
3028042;"Mieścisko (2)";1038892,43;1228920,42;1979660,44;3285266,10;1960604,72;5654317,77;4194633,26;10371143,15;19946853,80;;
3028043;"Mieścisko (3)";;;;;;;;;;14467874,50;
3028053;"Skoki (3)";5784200,92;6235401,70;10084552,56;9755396,50;9426208,13;5307254,24;6212773,66;9311783,53;20621647,15;17500291,50;
3028062;"Wapno (2)";355369,96;525576,24;621446,49;340827,74;223859,10;612587,51;1482249,90;4309923,96;7449108,89;7009319,36;
3028072;"Wągrowiec (2)";8897042,87;7799330,49;15075165,15;9257316,19;10491347,58;14801098,11;10821830,70;15353341,29;23240245,69;19121080,71;
3029000;"Powiat wolsztyński";28289115,05;26057724,87;42546853,33;44761482,01;36570237,19;31760309,87;26734128,98;50761485,15;62202400,13;54234750,27;
3029012;"Przemęt (2)";13947879,82;6673394,22;14973399,02;15615103,87;10079046,80;6207004,19;6224518,84;15260378,52;17524999,84;16365740,77;
3029022;"Siedlec (2)";1719765,09;3396992,80;4710593,82;7808320,97;5621974,01;4648122,79;3392843,77;9460245,24;11610091,48;11794896,87;
3029033;"Wolsztyn (3)";12621470,14;15987337,85;22862860,49;21338057,17;20869216,38;20905182,89;17116766,37;26040861,39;33067308,81;26074112,63;
3030000;"Powiat wrzesiński";73166056,53;18303345,35;56668587,36;75871532,87;57466482,52;105525762,11;53909229,97;61952410,02;116804366,60;116601384,40;
3030012;"Kołaczkowo (2)";1619940,51;1285792,74;3782458,43;2403358,35;10857007,26;5196503,54;5947394,46;8590662,25;14338844,83;17389748,44;
3030023;"Miłosław (3)";1489127,90;1332710,34;3077534,40;11088256,29;2613600,68;2022131,78;7485242,06;4360454,33;13283590,04;18191940,38;
3030033;"Nekla (3)";4520222,48;1931436,33;4055006,04;5437212,36;5794019,91;4784956,62;7607346,18;9262243,70;21355063,20;8952128,23;
3030043;"Pyzdry (3)";2162141,13;1929267,92;3305164,39;6047294,06;4707978,11;5474695,38;5845246,15;7537633,47;10994052,45;27361325,56;
3030053;"Września (3)";63374624,51;11824138,02;42448424,10;50895411,81;33493876,56;88047474,79;27024001,12;32201416,27;56832816,08;44706241,79;
3031000;"Powiat złotowski";22657237,90;32881382,71;41933883,79;53146264,43;40446679,61;30356401,89;43766131,71;74836480,56;127105684,79;136730985,11;
3031011;"Złotów (1)";5285507,15;9988134,45;12583560,57;10331723,30;9154938,89;5852176,63;10839684,73;9267622,97;25566415,00;25976777,92;
3031023;"Jastrowie (3)";3118526,58;4453114,20;5018797,89;9940529,65;5255243,59;4668534,37;4894601,87;11038963,75;12821861,68;20718690,38;
3031033;"Krajenka (3)";1844801,31;5397288,97;7317542,87;7163949,77;3256931,09;3308085,59;3461977,07;6246952,51;11574469,99;6811320,19;
3031042;"Lipka (2)";2054284,24;1862100,19;1158437,85;3979808,85;2248423,23;1976903,07;7979763,31;8157737,95;17073438,68;22253507,58;
3031053;"Okonek (3)";2936922,44;5272764,98;2915606,46;2866614,29;4462853,60;2927865,30;6091982,00;12683940,00;17588949,28;27609509,44;
3031062;"Tarnówka (2)";700213,49;566003,12;2234512,09;5662424,19;484663,06;643111,23;1692765,66;6310367,27;14526350,75;7083419,93;
3031072;"Zakrzewo (2)";1561616,86;2012922,11;2747617,73;3364479,55;3491723,92;4033001,23;4135946,73;12538834,77;15887158,30;13510096,73;
3031082;"Złotów (2)";5155365,83;3329054,69;7957808,33;9836734,83;12091902,23;6946724,47;4669410,34;8592061,34;12067041,11;12767662,94;
3061000;"Powiat m. Kalisz";60952034,19;53996658,93;107171168,86;127932121,15;91709853,13;79986184,07;91969053,37;103816094,22;52517618,31;105349433,57;
3061011;"Kalisz (1)";60952034,19;53996658,93;107171168,86;127932121,15;91709853,13;79986184,07;91969053,37;103816094,22;52517618,31;105349433,57;
3062000;"Powiat m. Konin";40541216,83;25415434,71;34175707,04;76800334,24;80718305,28;129898833,78;44685461,53;20548764,96;51974720,71;71742850,29;
3062011;"Konin (1)";40541216,83;25415434,71;34175707,04;76800334,24;80718305,28;129898833,78;44685461,53;20548764,96;51974720,71;71742850,29;
3063000;"Powiat m. Leszno";28181464,17;33247279,35;55348182,20;62821090,27;79693771,93;95190124,86;100679787,90;52438777,23;51358017,94;65713498,55;
3063011;"Leszno (1)";28181464,17;33247279,35;55348182,20;62821090,27;79693771,93;95190124,86;100679787,90;52438777,23;51358017,94;65713498,55;
3064000;"Powiat m. Poznań";748783872,69;563940519,13;410339198,61;455257523,38;684242659,02;653844056,06;922417767,37;775440341,11;898172406,65;752691380,41;
3064011;"Poznań (1)";748783872,69;563940519,13;410339198,61;455257523,38;684242659,02;653844056,06;922417767,37;775440341,11;898172406,65;752691380,41;
3200000;"ZACHODNIOPOMORSKIE";1392381940,14;737851208,28;1063269419,49;1711328944,86;1745514184,19;2090281949,58;2217344673,73;2300195851,92;2886765050,83;2693509796,46;
3201000;"Powiat białogardzki";19771759,38;16316018,14;18123715,25;22822297,63;18931372,93;24482016,49;37359909,21;35124334,88;50928403,51;49904280,87;
3201011;"Białogard (1)";7181099,80;6736255,80;11832181,79;9268710,55;10034251,85;13133310,26;22627182,99;5916043,54;15146240,30;19914843,56;
3201022;"Białogard (2)";1580505,94;92501,66;376617,10;967265,11;1394365,79;3376126,74;4485372,22;9561206,89;6624162,26;16224218,00;
3201033;"Karlino (3)";9758418,56;5765666,35;3601421,44;8389821,75;5033013,99;4876990,57;7553829,48;13077610,13;11598947,42;9648549,68;
3201043;"Tychowo (3)";1251735,08;3721594,33;2313494,92;4196500,22;2469741,30;3095588,92;2693524,52;6569474,32;17559053,53;4116669,63;
3202000;"Powiat choszczeński";13472349,44;7048020,11;15899375,74;27453613,33;32559740,40;32985901,06;31496195,24;45600874,76;77722041,33;71740194,08;
3202012;"Bierzwnik (2)";939004,50;379607,59;3072894,09;1183240,81;2200581,05;2062713,18;3087866,13;920605,18;12885205,87;5889431,78;
3202023;"Choszczno (3)";3630627,46;1487371,58;4834915,83;13688949,44;13560627,85;6086042,15;1479228,03;6520704,05;11701908,63;5488712,83;
3202033;"Drawno (3)";3883913,36;1455889,90;1429266,69;4681109,56;4008563,12;2871100,11;5700218,52;7893608,38;10387047,31;12012569,63;
3202042;"Krzęcin (2)";821872,48;1197091,20;934276,90;2936399,70;4273125,83;735898,60;2677512,47;5819892,29;3848620,31;15228078,35;
3202053;"Pełczyce (3)";2738666,17;1895828,48;4587911,45;4135233,26;6949711,73;20509964,70;16635574,71;18857545,40;28404426,39;21208317,05;
3202063;"Recz (3)";1458265,47;632231,36;1040110,78;828680,56;1567130,82;720182,32;1915795,38;5588519,46;10494832,82;11913084,44;
3203000;"Powiat drawski";21756960,49;17378620,12;24225024,77;39679286,86;28483431,14;28619122,20;33080578,34;57835330,84;51772407,79;49181449,14;
3203013;"Czaplinek (3)";3653896,00;2137012,09;9546734,34;12963222,87;6629465,98;3412946,42;5622024,61;10253003,48;8821546,58;9345149,83;
3203023;"Drawsko Pomorskie (3)";11025685,53;8340273,03;6205227,84;8327507,73;6912585,20;10593284,13;14259525,63;16709764,12;15886258,39;20799984,20;
3203033;"Kalisz Pomorski (3)";2066538,98;3346299,13;4315225,31;4303036,68;5280153,10;4008495,43;5421679,93;19707397,69;8670765,63;7036897,25;
3203042;"Ostrowice (2)";153180,23;108999,14;0,00;0,00;;;;;;;
3203052;"Wierzchowo (2)";2523310,86;1472052,14;388332,21;2594331,53;3073166,61;5563300,22;5546580,49;4940126,39;7892145,82;1235037,04;
3203063;"Złocieniec (3)";2334348,89;1973984,59;3769505,07;11491188,05;6588060,25;5041096,00;2230767,68;6225039,16;10501691,37;10764380,82;
3204000;"Powiat goleniowski";53021774,16;41493483,41;53042263,05;88651320,95;41215052,79;52130876,99;46593461,50;87494158,63;81561975,76;104943154,72;
3204023;"Goleniów (3)";35804606,13;28771351,45;38231902,07;65880336,61;27816682,73;38469708,33;28026813,69;58611745,32;27115767,35;38675470,22;
3204033;"Maszewo (3)";4640019,15;1768824,86;840371,80;2111178,53;677668,32;1558986,75;3412618,08;4317928,09;9935623,67;2624239,06;
3204043;"Nowogard (3)";4137001,22;6943608,13;5600280,89;11206714,47;4638232,09;6547495,61;8131864,63;4304580,98;12594896,22;18422556,87;
3204052;"Osina (2)";347275,26;2062210,31;2167478,62;2091760,55;1241144,28;250891,41;1968529,28;2041003,78;8348063,03;17949202,86;
3204062;"Przybiernów (2)";1237420,07;600856,38;515734,02;3475139,19;1509254,66;2502712,09;1832847,93;6882630,20;13982479,11;13540489,38;
3204073;"Stepnica (3)";6855452,33;1346632,28;5686495,65;3886191,60;5332070,71;2801082,80;3220787,89;11336270,26;9585146,38;13731196,33;
3205000;"Powiat gryficki";36963035,10;20060286,05;15960044,47;34983733,49;24559592,77;35593657,06;37696405,75;54882207,75;98166806,83;116128747,74;
3205012;"Brojce (2)";1355671,19;224665,78;260369,93;381655,55;476538,29;1862076,07;1929378,04;2647501,65;7164990,16;6148625,49;
3205023;"Gryfice (3)";8018076,87;5061969,45;8558968,56;14315793,80;8710791,55;15906970,83;14674041,15;15181727,32;22850770,03;17771305,48;
3205032;"Karnice (2)";3209549,65;316433,37;1441970,69;2054990,00;724759,22;1801474,16;3493712,06;3234160,15;15450068,14;18844564,87;
3205043;"Płoty (3)";2574865,80;7572568,60;503822,25;4536431,73;4282027,86;3980553,67;2950307,03;6404706,65;6138051,74;16716247,67;
3205072;"Rewal (2)";9418705,79;4702898,57;10000,00;404703,20;1384381,11;7098022,00;6525250,46;15891282,81;17231877,44;22844549,58;
3205083;"Trzebiatów (3)";12386165,80;2181750,28;5184913,04;13290159,21;8981094,74;4944560,33;8123717,01;11522829,17;29331049,32;33803454,65;
3206000;"Powiat gryfiński";26794477,37;23196305,01;24614868,80;43372809,32;67057900,51;49664201,52;49524295,14;85517208,77;107632301,20;110995337,64;
3206012;"Banie (2)";3663799,94;2390868,99;4418093,69;2842177,22;13410658,38;4398984,43;4124252,26;12381411,58;13390093,09;15661184,99;
3206023;"Cedynia (3)";655454,52;2595942,25;2423908,28;4048143,94;1551523,57;2551793,83;1482519,94;9408959,55;19330881,37;11518691,04;
3206033;"Chojna (3)";5221164,46;1654974,75;757823,04;5282582,92;6910163,91;7200115,26;12556952,76;13822789,49;11601386,49;13981360,12;
3206043;"Gryfino (3)";8806902,23;10181384,94;8479512,54;19656569,98;22125209,32;15592917,83;11330992,27;23920395,57;22501046,09;11160819,99;
3206053;"Mieszkowice (3)";4483646,21;1787902,53;2534267,34;3050056,82;3020651,31;5871212,60;7067973,98;7955557,61;11630225,08;10500041,57;
3206063;"Moryń (3)";442567,31;714424,30;1567435,86;1566790,52;2361659,82;6164083,47;5237877,20;3709417,27;5218871,52;11360265,39;
3206072;"Stare Czarnowo (2)";126307,84;1030019,71;3417327,92;5524182,62;7752102,78;2734214,99;1286473,46;2086321,19;4604064,71;8434778,63;
3206083;"Trzcińsko-Zdrój (3)";2817527,13;884587,17;597208,96;758210,58;668536,20;2297971,82;3937971,96;10318998,35;11352471,81;8503986,62;
3206092;"Widuchowa (2)";577107,73;1956200,37;419291,17;644094,72;9257395,22;2852907,29;2499281,31;1913358,16;8003261,04;19874209,29;
3207000;"Powiat kamieński";58711083,15;28703011,28;29296927,30;43982750,20;15784050,44;49488162,10;58743405,33;90557319,66;137163815,43;112122434,84;
3207013;"Dziwnów (3)";35112634,66;8288961,73;10676847,87;13945792,15;5440453,98;10287226,36;14134915,79;23532857,09;28385854,82;6852369,08;
3207023;"Golczewo (3)";1726325,18;2701898,64;3807333,27;3615430,28;1149250,06;6717779,04;7478659,28;5444968,00;8772724,97;7756766,04;
3207033;"Kamień Pomorski (3)";4944249,32;1303511,21;2494717,63;7269611,72;2847978,24;6696360,82;10786562,08;9522066,58;18354054,96;24141850,85;
3207043;"Międzyzdroje (3)";8025401,58;8667739,24;6545799,95;12687427,01;1202541,87;16573821,99;12455308,96;30611503,61;23230289,14;42455737,77;
3207052;"Świerzno (2)";2810378,58;3026576,72;1242832,45;2977920,14;1556703,80;3934452,20;2856519,47;5119002,54;10671692,07;12308655,34;
3207063;"Wolin (3)";6092093,83;4714323,74;4529396,13;3486568,90;3587122,49;5278521,69;11031439,75;16326921,84;47749199,47;18607055,76;
3208000;"Powiat kołobrzeski";64718698,96;37134534,85;62572288,92;107908442,80;48289031,40;75207807,23;73203044,92;113556708,22;170732147,67;193250702,48;
3208011;"Kołobrzeg (1)";34321578,32;14263197,71;35304762,29;49400531,49;24540701,66;37959635,98;29886773,60;46222026,75;50866582,72;93029039,19;
3208022;"Dygowo (2)";7514886,52;2731644,23;2411649,64;6842282,74;2722133,95;2206872,29;4271476,35;17330365,52;17601626,54;19479096,64;
3208033;"Gościno (3)";4574956,15;5366581,17;8014663,98;5087168,00;6544783,58;8400108,01;14806582,16;7738801,79;9077868,89;11872425,12;
3208042;"Kołobrzeg (2)";7022467,36;9807192,40;11794278,44;36932161,97;10727752,64;16007101,04;11921429,45;15043692,21;29957043,05;23677664,45;
3208052;"Rymań (2)";969266,91;569042,62;1327262,32;1699704,19;830836,45;3413891,20;6487131,60;10246637,56;13480570,21;8061275,95;
3208062;"Siemyśl (2)";125378,28;127952,21;833205,22;461224,23;373369,49;1129447,62;596681,91;10026621,69;9333951,60;7097479,59;
3208072;"Ustronie Morskie (2)";10190165,42;4268924,51;2886467,03;7485370,18;2549453,63;6090751,09;5232969,85;6948562,70;40414504,66;30033721,54;
3209000;"Powiat koszaliński";52208956,23;29943524,33;40767411,34;75184125,09;66198798,23;49457196,68;67002000,52;88169076,64;124603527,11;153477573,91;
3209012;"Będzino (2)";10560480,04;2927582,22;2606664,54;6364224,53;10725882,07;4248373,57;6904555,66;2835974,90;12104110,99;11278480,01;
3209022;"Biesiekierz (2)";968715,66;3345749,20;2427962,05;11235046,49;8321481,72;6770741,15;8159609,00;15225228,91;10094728,65;18088933,50;
3209033;"Bobolice (3)";2567738,66;649832,67;998482,32;3307430,14;8355899,29;3649057,48;4091050,69;7646240,62;7330427,98;19169414,02;
3209042;"Manowo (2)";2754231,22;1095105,79;1674540,38;4558792,93;4508539,58;4101063,71;2879033,03;3818035,76;15189039,18;16643110,63;
3209052;"Mielno (2)";12510767,88;6326376,97;;;;;;;;;
3209053;"Mielno (3)";;;7061100,89;16775025,29;10646603,10;4420283,23;8535241,85;15144703,64;19813174,13;32101865,37;
3209063;"Polanów (3)";4424967,49;3492025,67;5862233,07;4407298,69;8145374,13;3043444,96;5577501,39;15355754,12;18065678,23;12580242,88;
3209073;"Sianów (3)";11835206,26;7506718,88;8561109,42;15068414,83;8227991,80;10485102,79;20030781,46;19483389,37;20223145,58;25156720,13;
3209082;"Świeszyno (2)";6586849,02;4600132,93;11575318,67;13467892,19;7267026,54;12739129,79;10824227,44;8659749,32;21783222,37;18458807,37;
3210000;"Powiat myśliborski";25715894,61;27490361,14;42041783,96;56040752,46;68250101,01;51524285,04;50614367,40;62191900,68;84078700,46;104300934,27;
3210013;"Barlinek (3)";7602709,58;7794235,55;14700532,10;23040508,35;17951632,49;16808267,01;13636406,67;13344845,29;20938467,90;20851154,86;
3210022;"Boleszkowice (2)";817405,75;503535,37;460362,16;1177320,32;1058173,46;5488808,95;1100290,91;3080161,24;5543969,53;15998878,75;
3210033;"Dębno (3)";12175525,28;12037012,65;16499802,64;20826763,00;20991822,91;10358898,58;13023000,55;23174867,33;14904668,41;32509183,19;
3210043;"Myślibórz (3)";2339127,02;6934996,72;9356141,52;10624471,80;24415026,41;17700405,49;17672213,90;18745610,12;28951657,55;22795044,87;
3210052;"Nowogródek Pomorski (2)";2781126,98;220580,85;1024945,54;371688,99;3833445,74;1167905,01;5182455,37;3846416,70;13739937,07;12146672,60;
3211000;"Powiat policki";58156468,46;53852443,08;100934498,02;100510905,45;128282252,02;96006281,70;70484590,95;118344800,50;221238237,14;140540315,18;
3211012;"Dobra (Szczecińska) (2)";29674415,72;25085426,62;46694770,14;42554183,20;57086963,33;55589425,90;38499637,57;70769741,44;69789784,23;72462600,62;
3211022;"Kołbaskowo (2)";11002760,89;10081174,24;20076304,63;28426953,26;41617558,30;24211564,11;7121554,74;28998539,85;73276186,05;19366620,02;
3211033;"Nowe Warpno (3)";1010762,85;365706,14;2645752,47;1551891,92;105326,18;156847,11;451818,51;547401,85;82631,63;5201669,75;
3211043;"Police (3)";16468529,00;18320136,08;31517670,78;27977877,07;29472404,21;16048444,58;24411580,13;18029117,36;78089635,23;43509424,79;
3212000;"Powiat pyrzycki";9467278,51;6396640,08;11430083,31;11698188,94;20550812,41;12935223,50;25644321,93;27283615,12;64842751,07;69563839,30;
3212012;"Bielice (2)";729630,49;45686,72;165302,02;1096764,41;59180,47;335297,45;714262,40;1242374,04;7340586,30;8205184,43;
3212022;"Kozielice (2)";2920457,57;542009,88;2693438,22;1350939,04;4992016,89;1314293,39;5662778,06;7668829,30;8249273,55;13809345,18;
3212033;"Lipiany (3)";769600,47;1191894,63;1760820,26;873670,52;1652224,01;2373291,54;5323870,13;6986736,23;2892669,08;8297536,39;
3212042;"Przelewice (2)";2683020,84;1379762,44;1798298,43;5050787,96;3643577,50;2190470,87;903279,97;1260214,38;6187771,10;13672337,66;
3212053;"Pyrzyce (3)";2000494,91;2819903,16;4722354,02;2741607,22;9742049,93;6426596,20;11792767,14;4664086,88;24840308,26;15377688,31;
3212062;"Warnice (2)";364074,23;417383,25;289870,36;584419,79;461763,61;295274,05;1247364,23;5461374,29;15332142,78;10201747,33;
3213000;"Powiat sławieński";61684599,31;38359391,12;43792528,21;91417021,93;60414823,36;67443323,83;59627439,29;109887152,10;138563405,22;149643048,97;
3213011;"Darłowo (1)";31023533,52;2089826,05;4871081,01;13787329,83;11985140,63;2718112,65;4170047,89;10368289,58;13291442,50;22570051,95;
3213021;"Sławno (1)";1670576,50;5261064,15;2994249,81;5916460,84;3145851,55;4492377,39;4235545,49;5946481,19;22409819,88;14304924,12;
3213032;"Darłowo (2)";4873796,13;12295284,15;11788257,58;19685384,57;9910180,92;16616058,68;13407373,23;25643221,30;35501637,76;41308799,46;
3213042;"Malechowo (2)";5408580,67;2340465,62;3833001,77;6879815,25;7853981,53;5606647,41;6412428,61;8483243,28;9060336,83;8533639,25;
3213052;"Postomino (2)";12750121,70;9411258,64;8571083,61;36235596,20;18235674,38;24482360,59;18109391,48;27139854,60;38248569,81;35104837,50;
3213062;"Sławno (2)";5957990,79;6961492,51;11734854,43;8912435,24;9283994,35;13527767,11;13292652,59;32306062,15;20051598,44;27820796,69;
3214000;"Powiat stargardzki";44546335,81;25557648,80;52151996,85;127629832,77;86578739,16;62303675,94;80007533,47;119680417,90;204100953,76;221078231,92;
3214011;"Stargard (1)";24264580,53;11539047,97;26777495,93;74203732,44;37921141,89;26686397,86;42831866,52;58137842,11;67541817,26;75616341,25;
3214023;"Chociwel (3)";830818,54;1053583,83;981248,58;2497009,25;2728396,99;1643222,62;5409617,75;6691780,10;21402332,10;21180336,20;
3214033;"Dobrzany (3)";4757137,66;2752831,34;377190,40;5133635,38;2266745,21;5664191,76;1186330,58;5938726,28;13214398,52;9330893,37;
3214042;"Dolice (2)";6263999,57;1870905,44;4244396,83;7032579,72;6617094,10;6418027,10;7503382,02;13509885,29;15426007,54;14327007,14;
3214053;"Ińsko (3)";746055,58;186357,84;130568,28;431527,95;667113,67;1217180,54;1153854,89;5866428,05;7252873,62;7296688,83;
3214062;"Kobylanka (2)";3342813,65;3076866,53;4634515,52;12735591,23;7824457,29;4083419,70;7094732,99;7410060,92;23920842,09;29674269,51;
3214082;"Marianowo (2)";141824,64;266666,40;673011,77;3254129,38;323256,44;632434,20;1088677,40;2685893,45;15277227,02;6599135,48;
3214092;"Stara Dąbrowa (2)";1020381,63;2578944,99;5202538,11;2561627,85;1697135,54;1903965,30;5085966,91;3133415,98;8248948,92;17501634,35;
3214102;"Stargard (2)";1852600,16;1775712,20;6127357,24;11977891,32;22357278,64;11555807,52;5991122,56;10426340,33;23170792,38;29360076,95;
3214113;"Suchań (3)";1326123,85;456732,26;3003674,19;7802108,25;4176119,39;2499029,34;2661981,85;5880045,39;8645714,31;10191848,84;
3215000;"Powiat szczecinecki";27403028,65;21171642,90;27314738,29;33359782,08;39068829,35;34108543,02;29505052,46;57526600,34;91166994,20;104496184,21;
3215011;"Szczecinek (1)";17825915,19;12177055,85;16861988,71;15809091,90;20860298,61;20316095,21;11303952,15;16671040,06;20193663,89;33151875,82;
3215023;"Barwice (3)";1855855,44;1427618,49;2329301,92;2221771,99;1304163,64;2885386,23;3485072,94;8314380,28;16161176,92;13358694,34;
3215033;"Biały Bór (3)";1848859,23;87365,84;22000,00;471873,45;1819960,79;2463136,59;4076326,64;8103812,70;1528429,22;17008657,48;
3215043;"Borne Sulinowo (3)";2752330,12;3880503,42;3123054,77;5162851,96;6262271,56;3858345,24;3089192,08;11051885,30;24204584,83;17222158,00;
3215052;"Grzmiąca (2)";1391342,10;555465,92;447826,95;358807,01;291685,99;1280942,57;2111420,18;3051520,22;10073833,81;8465791,14;
3215062;"Szczecinek (2)";1728726,57;3043633,38;4530565,94;9335385,77;8530448,76;3304637,18;5439088,47;10333961,78;19005305,53;15289007,43;
3216000;"Powiat świdwiński";15494598,10;12694478,59;20447808,05;15291434,79;15825517,19;17945482,50;23417286,88;38806455,51;46709656,98;77360581,50;
3216011;"Świdwin (1)";6819016,93;9787824,00;8533813,05;5735227,26;5588170,84;4651898,67;5831467,28;12607801,22;7309751,74;16153468,57;
3216022;"Brzeżno (2)";353578,28;193733,36;4512339,90;562738,08;3442251,27;1129939,19;1624682,65;1649725,14;1516990,74;8035086,85;
3216033;"Połczyn-Zdrój (3)";6263138,40;1399855,12;3699147,97;4552233,75;2302627,27;5496625,97;8403826,79;6248554,16;18596818,13;17476419,46;
3216042;"Rąbino (2)";823473,08;402184,00;161848,46;144900,00;424600,00;468975,00;877474,98;6189589,61;4092584,10;10071141,06;
3216052;"Sławoborze (2)";619174,48;82896,99;2402059,55;2481660,91;1571774,15;3184796,90;3965028,39;8035318,79;7802013,47;5602102,75;
3216062;"Świdwin (2)";616216,93;827985,12;1138599,12;1814674,79;2496093,66;3013246,77;2714806,79;4075466,59;7391498,80;20022362,81;
3217000;"Powiat wałecki";13664890,01;16066870,27;27829876,83;31650188,64;23153209,18;31664282,26;27221502,11;47689294,98;86111690,15;86286181,00;
3217011;"Wałcz (1)";3120729,66;5999361,88;7049599,98;12244494,32;7651277,82;14908113,93;13407926,31;18943388,76;35412841,21;34376426,28;
3217023;"Człopa (3)";1096789,98;1221951,29;3267516,97;5664668,97;3309334,94;4831597,90;1691119,79;5155661,25;8983573,62;18641820,01;
3217033;"Mirosławiec (3)";2292473,93;2546862,82;6062040,98;3424841,92;2798144,76;3343548,91;1198696,52;5708854,65;13273083,70;4974355,71;
3217043;"Tuczno (3)";383433,71;1197386,80;3628498,71;2952558,78;1371885,43;1750989,50;4962755,82;7957122,62;7418527,13;10498686,34;
3217052;"Wałcz (2)";6771462,73;5101307,48;7822220,19;7363624,65;8022566,23;6830032,02;5961003,67;9924267,70;21023664,49;17794892,66;
3218000;"Powiat łobeski";23146167,57;10615756,81;17981096,16;38099252,75;27837214,24;35843593,00;26925475,00;25699208,63;80221907,95;65903774,25;
3218013;"Dobra (3)";44094,00;187903,83;81467,54;373109,00;364200,14;947440,64;1661338,70;4313558,12;12733323,48;8491346,46;
3218023;"Łobez (3)";13166192,36;6342027,34;6573233,04;15677025,70;10095445,72;11445792,28;10776684,46;6846876,02;29447738,97;18116027,69;
3218032;"Radowo Małe (2)";499605,90;440018,72;367637,02;767877,97;972381,88;811199,47;2091296,35;1481955,60;4612228,32;18792003,95;
3218043;"Resko (3)";6200622,42;2213428,98;9740680,71;10177289,51;11272253,77;8044016,45;8280340,33;7235499,51;17382062,83;13230458,15;
3218053;"Węgorzyno (3)";3235652,89;1432377,94;1218077,85;11103950,57;5132932,73;14595144,16;4115815,16;5821319,38;16046554,35;7273938,00;
3261000;"Powiat m. Koszalin";67694563,59;37641149,12;92564773,73;72799812,17;91762316,24;77011318,32;59225506,90;82113949,34;102271329,61;76131537,38;
3261011;"Koszalin (1)";67694563,59;37641149,12;92564773,73;72799812,17;91762316,24;77011318,32;59225506,90;82113949,34;102271329,61;76131537,38;
3262000;"Powiat m. Szczecin";651810405,31;225301393,09;302763211,32;525102905,30;632484004,00;841059379,28;839776605,20;722699359,96;696894597,62;587938985,37;
3262011;"Szczecin (1)";651810405,31;225301393,09;302763211,32;525102905,30;632484004,00;841059379,28;839776605,20;722699359,96;696894597,62;587938985,37;
3263000;"Powiat m. Świnoujście";46178615,93;41429629,98;39515105,12;123690487,91;208227395,42;364807619,86;490195696,19;229535876,71;170281400,04;48522307,69;
3263011;"Świnoujście (1)";46178615,93;41429629,98;39515105,12;123690487,91;208227395,42;364807619,86;490195696,19;229535876,71;170281400,04;48522307,69;
