"Kod";"Nazwa";"ogółem;miejsce zamieszkania;stan na 31 grudnia;ogółem;2015;[osoba]";"ogółem;miejsce zamieszkania;stan na 31 grudnia;ogółem;2016;[osoba]";"ogółem;miejsce zamieszkania;stan na 31 grudnia;ogółem;2017;[osoba]";"ogółem;miejsce zamieszkania;stan na 31 grudnia;ogółem;2018;[osoba]";"ogółem;miejsce zamieszkania;stan na 31 grudnia;ogółem;2019;[osoba]";"ogółem;miejsce zamieszkania;stan na 31 grudnia;ogółem;2020;[osoba]";"ogółem;miejsce zamieszkania;stan na 31 grudnia;ogółem;2021;[osoba]";"ogółem;miejsce zamieszkania;stan na 31 grudnia;ogółem;2022;[osoba]";"ogółem;miejsce zamieszkania;stan na 31 grudnia;ogółem;2023;[osoba]";"ogółem;miejsce zamieszkania;stan na 31 grudnia;ogółem;2024;[osoba]";
0000000;"POLSKA";38437239;38432992;38433558;38411148;38382576;38088564;37907704;37766327;37636508;37489087;
0200000;"DOLNOŚLĄSKIE";2904207;2903710;2902547;2901225;2900163;2908378;2897737;2888033;2879271;2868242;
0201000;"Powiat bolesławiecki";90199;90180;90173;90200;90103;88524;88275;87922;87642;87255;
0201011;"Bolesławiec (1)";39373;39167;39084;38935;38872;37659;37522;37293;37055;36795;
0201022;"Bolesławiec (2)";14104;14210;14391;14626;14699;14967;15119;15176;15267;15359;
0201032;"Gromadka (2)";5438;5417;5345;5367;5337;5156;5094;5059;5003;4978;
0201043;"Nowogrodziec (3)";15281;15311;15290;15258;15214;14852;14747;14680;14622;14523;
0201044;"Nowogrodziec - miasto (4)";4259;4237;4244;4235;4207;4167;4120;4122;4102;4050;
0201045;"Nowogrodziec - obszar wiejski (5)";11022;11074;11046;11023;11007;10685;10627;10558;10520;10473;
0201052;"Osiecznica (2)";7490;7482;7398;7371;7349;7358;7329;7307;7284;7198;
0201062;"Warta Bolesławiecka (2)";8513;8593;8665;8643;8632;8532;8464;8407;8411;8402;
0202000;"Powiat dzierżoniowski";103349;102649;102077;101437;100813;97985;96884;95863;94740;93863;
0202011;"Bielawa (1)";30652;30357;30207;30055;29872;28973;28688;28344;28027;27713;
0202021;"Dzierżoniów (1)";33946;33785;33653;33344;33137;31997;31478;31061;30614;30312;
0202031;"Pieszyce (1)";9628;;;;;;;;;;
0202033;"Pieszyce (3)";;9633;9550;9492;9410;9107;9012;8979;8904;8876;
0202034;"Pieszyce - miasto (4)";;7230;7170;7136;7095;6959;6876;6827;6765;6750;
0202035;"Pieszyce - obszar wiejski (5)";;2403;2380;2356;2315;2148;2136;2152;2139;2126;
0202041;"Piława Górna (1)";6633;6569;6479;6457;6394;6129;6059;5969;5904;5847;
0202052;"Dzierżoniów (2)";9250;9199;9185;9138;9092;9243;9215;9194;9152;9109;
0202062;"Łagiewniki (2)";7541;7495;7458;7449;7438;7287;7254;7192;7118;7033;
0202073;"Niemcza (3)";5699;5611;5545;5502;5470;5249;5178;5124;5021;4973;
0202074;"Niemcza - miasto (4)";3062;3017;2981;2974;2963;2820;2752;2723;2683;2650;
0202075;"Niemcza - obszar wiejski (5)";2637;2594;2564;2528;2507;2429;2426;2401;2338;2323;
0203000;"Powiat głogowski";90205;89989;89933;89541;89102;86797;86376;85689;85043;84387;
0203011;"Głogów (1)";68666;68292;68179;67615;66980;64450;63730;62886;62049;61206;
0203022;"Głogów (2)";6538;6602;6663;6734;6791;6933;7063;7110;7207;7260;
0203032;"Jerzmanowa (2)";4743;4868;4925;5042;5156;5439;5669;5743;5879;5983;
0203042;"Kotla (2)";4461;4430;4415;4430;4455;4401;4359;4389;4411;4414;
0203052;"Pęcław (2)";2281;2299;2284;2274;2259;2136;2119;2113;2102;2126;
0203062;"Żukowice (2)";3516;3498;3467;3446;3461;3438;3436;3448;3395;3398;
0204000;"Powiat górowski";35940;35715;35473;35182;34870;33376;33027;32738;32459;32054;
0204013;"Góra (3)";20426;20306;20177;20037;19878;19005;18797;18619;18458;18294;
0204014;"Góra - miasto (4)";12217;12084;11994;11859;11678;11217;11036;10877;10700;10623;
0204015;"Góra - obszar wiejski (5)";8209;8222;8183;8178;8200;7788;7761;7742;7758;7671;
0204022;"Jemielno (2)";3130;3066;3051;3010;2997;2826;2775;2757;2719;2636;
0204032;"Niechlów (2)";5004;5028;4985;4939;4840;4632;4614;4554;4513;4454;
0204043;"Wąsosz (3)";7380;7315;7260;7196;7155;6913;6841;6808;6769;6670;
0204044;"Wąsosz - miasto (4)";2771;2733;2688;2672;2660;2615;2582;2574;2551;2510;
0204045;"Wąsosz - obszar wiejski (5)";4609;4582;4572;4524;4495;4298;4259;4234;4218;4160;
0205000;"Powiat jaworski";51451;51176;50947;50545;50116;48626;48029;47584;47213;46822;
0205011;"Jawor (1)";23650;23473;23266;23056;22758;21575;21264;20853;20503;20298;
0205023;"Bolków (3)";10716;10631;10611;10503;10388;9942;9749;9655;9587;9497;
0205024;"Bolków - miasto (4)";5155;5093;5047;5001;4967;4780;4670;4652;4632;4601;
0205025;"Bolków - obszar wiejski (5)";5561;5538;5564;5502;5421;5162;5079;5003;4955;4896;
0205032;"Męcinka (2)";4971;4971;5001;4991;5007;5068;5085;5175;5219;5222;
0205042;"Mściwojów (2)";4125;4135;4113;4094;4054;4053;4020;3983;3981;3943;
0205052;"Paszowice (2)";3988;3980;3976;3967;3997;4130;4116;4160;4199;4181;
0205062;"Wądroże Wielkie (2)";4001;3986;3980;3934;3912;3858;3795;3758;3724;3681;
0206000;"Powiat karkonoski";64599;64395;64178;63855;63591;61884;61469;61016;60438;59864;
0206011;"Karpacz (1)";4882;4770;4711;4633;4570;4477;4358;4321;4208;4140;
0206021;"Kowary (1)";11287;11188;11090;10957;10813;10266;10139;9913;9745;9520;
0206031;"Piechowice (1)";6443;6363;6314;6222;6156;5968;5886;5798;5743;5668;
0206041;"Szklarska Poręba (1)";6703;6651;6681;6611;6633;5968;5873;5872;5776;5588;
0206052;"Janowice Wielkie (2)";4319;4324;4320;4309;4302;4136;4113;4082;4045;4046;
0206062;"Jeżów Sudecki (2)";7146;7245;7283;7397;7456;7663;7801;7830;7898;8002;
0206072;"Mysłakowice (2)";10275;10293;10218;10196;10160;9867;9828;9749;9640;9545;
0206082;"Podgórzyn (2)";8270;8297;8294;8254;8249;8254;8178;8147;8115;8111;
0206092;"Stara Kamienica (2)";5274;5264;5267;5276;5252;5285;5293;5304;5268;5244;
0207000;"Powiat kamiennogórski";44402;44262;43999;43621;43239;41817;41244;40786;40319;39875;
0207011;"Kamienna Góra (1)";19663;19522;19348;19136;18840;18073;17724;17376;17110;16838;
0207022;"Kamienna Góra (2)";9010;9042;9046;9037;9035;8904;8860;8864;8838;8816;
0207033;"Lubawka (3)";11144;11109;11052;10935;10851;10465;10319;10257;10143;10004;
0207034;"Lubawka - miasto (4)";6192;6172;6106;6063;5989;5742;5652;5617;5536;5469;
0207035;"Lubawka - obszar wiejski (5)";4952;4937;4946;4872;4862;4723;4667;4640;4607;4535;
0207042;"Marciszów (2)";4585;4589;4553;4513;4513;4375;4341;4289;4228;4217;
0208000;"Powiat kłodzki";162465;161452;160465;159337;157996;152651;150515;148681;146952;145243;
0208011;"Duszniki-Zdrój (1)";4787;4745;4728;4629;4545;4271;4178;4090;4001;3907;
0208021;"Kłodzko (1)";27656;27395;27193;26954;26742;25869;25442;25113;24810;24503;
0208031;"Kudowa-Zdrój (1)";10180;10085;10018;9954;9886;9666;9509;9392;9280;9145;
0208041;"Nowa Ruda (1)";22823;22636;22455;22246;21908;21400;21018;20674;20421;20100;
0208051;"Polanica-Zdrój (1)";6521;6486;6381;6357;6307;6259;6141;6038;5937;5800;
0208063;"Bystrzyca Kłodzka (3)";19340;19243;19077;18984;18825;17947;17728;17487;17207;17074;
0208064;"Bystrzyca Kłodzka - miasto (4)";10357;10340;10239;10189;10047;9443;9335;9122;8939;8802;
0208065;"Bystrzyca Kłodzka - obszar wiejski (5)";8983;8903;8838;8795;8778;8504;8393;8365;8268;8272;
0208072;"Kłodzko (2)";17234;17235;17285;17208;17112;16803;16680;16493;16480;16369;
0208083;"Lądek-Zdrój (3)";8474;8411;8365;8276;8210;7817;7689;7601;7468;7379;
0208084;"Lądek-Zdrój - miasto (4)";5804;5715;5685;5622;5557;5232;5115;5043;4946;4862;
0208085;"Lądek-Zdrój - obszar wiejski (5)";2670;2696;2680;2654;2653;2585;2574;2558;2522;2517;
0208092;"Lewin Kłodzki (2)";1938;1937;1940;1940;1923;1971;1962;1960;1957;1947;
0208103;"Międzylesie (3)";7366;7325;7241;7212;7168;6956;6859;6825;6756;6695;
0208104;"Międzylesie - miasto (4)";2678;2642;2623;2591;2561;2495;2448;2410;2375;2353;
0208105;"Międzylesie - obszar wiejski (5)";4688;4683;4618;4621;4607;4461;4411;4415;4381;4342;
0208112;"Nowa Ruda (2)";11879;11814;11755;11657;11546;10948;10833;10718;10586;10479;
0208123;"Radków (3)";9198;9155;9089;9059;9052;8670;8573;8514;8413;8330;
0208124;"Radków - miasto (4)";2447;2422;2427;2418;2413;2319;2302;2282;2245;2209;
0208125;"Radków - obszar wiejski (5)";6751;6733;6662;6641;6639;6351;6271;6232;6168;6121;
0208133;"Stronie Śląskie (3)";7623;7598;7568;7559;7493;7031;6918;6822;6758;6702;
0208134;"Stronie Śląskie - miasto (4)";5861;5821;5755;5741;5679;5200;5089;5028;4992;4910;
0208135;"Stronie Śląskie - obszar wiejski (5)";1762;1777;1813;1818;1814;1831;1829;1794;1766;1792;
0208143;"Szczytna (3)";7446;7387;7370;7302;7279;7043;6985;6954;6878;6813;
0208144;"Szczytna - miasto (4)";5281;5247;5242;5163;5130;4920;4864;4850;4788;4742;
0208145;"Szczytna - obszar wiejski (5)";2165;2140;2128;2139;2149;2123;2121;2104;2090;2071;
0209000;"Powiat legnicki";55051;55182;55233;55326;55166;55038;55083;55032;55032;54967;
0209011;"Chojnów (1)";13825;13727;13573;13426;13266;12852;12619;12443;12361;12243;
0209022;"Chojnów (2)";9550;9545;9565;9636;9597;9554;9536;9499;9474;9425;
0209032;"Krotoszyce (2)";3263;3282;3319;3336;3319;3302;3318;3343;3343;3312;
0209042;"Kunice (2)";6559;6685;6750;6893;7025;7312;7514;7626;7736;7782;
0209052;"Legnickie Pole (2)";5179;5222;5252;5241;5196;5188;5272;5303;5334;5353;
0209062;"Miłkowice (2)";6531;6580;6629;6706;6762;7058;7121;7165;7234;7400;
0209073;"Prochowice (3)";7478;7486;7507;7455;7406;7313;7258;7224;7133;7062;
0209074;"Prochowice - miasto (4)";3635;3640;3646;3620;3577;3582;3536;3533;3496;3470;
0209075;"Prochowice - obszar wiejski (5)";3843;3846;3861;3835;3829;3731;3722;3691;3637;3592;
0209082;"Ruja (2)";2666;2655;2638;2633;2595;2459;2445;2429;2417;2390;
0210000;"Powiat lubański";55533;55238;54991;54699;54254;52944;52372;51886;51410;50909;
0210011;"Lubań (1)";21580;21402;21318;21168;20965;20167;19964;19756;19545;19257;
0210021;"Świeradów-Zdrój (1)";4261;4240;4209;4183;4100;4129;4080;3985;3960;3906;
0210033;"Leśna (3)";10387;10286;10162;10093;9952;9653;9456;9359;9261;9169;
0210034;"Leśna - miasto (4)";4606;4582;4532;4484;4394;4226;4135;4047;3995;3942;
0210035;"Leśna - obszar wiejski (5)";5781;5704;5630;5609;5558;5427;5321;5312;5266;5227;
0210042;"Lubań (2)";6616;6626;6607;6593;6597;6504;6527;6493;6454;6462;
0210053;"Olszyna (3)";6540;6528;6524;6523;6508;6439;6360;6334;6268;6262;
0210054;"Olszyna - miasto (4)";4400;4378;4347;4359;4344;4376;4345;4322;4288;4282;
0210055;"Olszyna - obszar wiejski (5)";2140;2150;2177;2164;2164;2063;2015;2012;1980;1980;
0210062;"Platerówka (2)";1614;1616;1631;1631;1630;1559;1537;1511;1515;1487;
0210072;"Siekierczyn (2)";4535;4540;4540;4508;4502;4493;4448;4448;4407;4366;
0211000;"Powiat lubiński";106319;106355;106320;106254;106150;104480;103927;103426;102872;102376;
0211011;"Lubin (1)";73352;73154;72892;72581;72300;70166;69267;68407;67620;66864;
0211022;"Lubin (2)";15056;15310;15605;15920;16178;17324;17722;18075;18467;18812;
0211032;"Rudna (2)";7699;7729;7742;7785;7806;7471;7437;7489;7429;7428;
0211043;"Ścinawa (3)";10212;10162;10081;9968;9866;9519;9501;9455;9356;9272;
0211044;"Ścinawa - miasto (4)";5721;5712;5677;5589;5530;5349;5349;5304;5251;5229;
0211045;"Ścinawa - obszar wiejski (5)";4491;4450;4404;4379;4336;4170;4152;4151;4105;4043;
0212000;"Powiat lwówecki";46677;46527;46360;46059;45925;44033;43473;43157;42817;42465;
0212013;"Gryfów Śląski (3)";9873;9813;9779;9721;9667;9417;9306;9185;9085;9036;
0212014;"Gryfów Śląski - miasto (4)";6777;6693;6684;6641;6617;6398;6302;6201;6104;6061;
0212015;"Gryfów Śląski - obszar wiejski (5)";3096;3120;3095;3080;3050;3019;3004;2984;2981;2975;
0212023;"Lubomierz (3)";6162;6168;6235;6188;6218;5760;5657;5619;5618;5589;
0212024;"Lubomierz - miasto (4)";1915;1922;2002;1990;2004;1808;1756;1759;1775;1772;
0212025;"Lubomierz - obszar wiejski (5)";4247;4246;4233;4198;4214;3952;3901;3860;3843;3817;
0212033;"Lwówek Śląski (3)";17536;17478;17346;17252;17268;16607;16354;16246;16087;15907;
0212034;"Lwówek Śląski - miasto (4)";9102;9051;8895;8870;8822;8524;8346;8233;8132;8015;
0212035;"Lwówek Śląski - obszar wiejski (5)";8434;8427;8451;8382;8446;8083;8008;8013;7955;7892;
0212043;"Mirsk (3)";8733;8696;8692;8639;8525;8234;8192;8182;8127;8067;
0212044;"Mirsk - miasto (4)";3998;3967;3938;3902;3814;3728;3703;3679;3619;3551;
0212045;"Mirsk - obszar wiejski (5)";4735;4729;4754;4737;4711;4506;4489;4503;4508;4516;
0212053;"Wleń (3)";4373;4372;4308;4259;4247;4015;3964;3925;3900;3866;
0212054;"Wleń - miasto (4)";1831;1837;1806;1778;1751;1632;1606;1592;1569;1564;
0212055;"Wleń - obszar wiejski (5)";2542;2535;2502;2481;2496;2383;2358;2333;2331;2302;
0213000;"Powiat milicki";37213;37148;37125;37093;36999;36184;36033;35826;35603;35396;
0213012;"Cieszków (2)";4678;4641;4663;4696;4663;4601;4581;4589;4565;4561;
0213022;"Krośnice (2)";8178;8165;8177;8169;8139;8011;8016;8011;7980;7940;
0213033;"Milicz (3)";24357;24342;24285;24228;24197;23572;23436;23226;23058;22895;
0213034;"Milicz - miasto (4)";11593;11552;11482;11357;11312;11064;10977;10859;10771;10606;
0213035;"Milicz - obszar wiejski (5)";12764;12790;12803;12871;12885;12508;12459;12367;12287;12289;
0214000;"Powiat oleśnicki";106486;106794;106907;107062;107269;106650;106409;106481;106516;106706;
0214011;"Oleśnica (1)";37450;37366;37300;37242;37142;35931;35640;35346;35132;34914;
0214023;"Bierutów (3)";10112;10125;10058;9988;9960;9599;9465;9384;9295;9193;
0214024;"Bierutów - miasto (4)";4973;4981;4935;4871;4874;4635;4553;4510;4459;4418;
0214025;"Bierutów - obszar wiejski (5)";5139;5144;5123;5117;5086;4964;4912;4874;4836;4775;
0214032;"Dobroszyce (2)";6463;6504;6595;6667;6801;7021;7089;7225;7265;7412;
0214042;"Dziadowa Kłoda (2)";4634;4668;4644;4597;4598;4590;4555;4563;4579;4578;
0214053;"Międzybórz (3)";5111;5118;5096;5095;5092;5078;5061;5030;5014;4973;
0214054;"Międzybórz - miasto (4)";2328;2342;2362;2352;2354;2371;2362;2324;2314;2292;
0214055;"Międzybórz - obszar wiejski (5)";2783;2776;2734;2743;2738;2707;2699;2706;2700;2681;
0214062;"Oleśnica (2)";12936;13132;13299;13535;13854;15202;15513;15896;16208;16635;
0214073;"Syców (3)";16771;16797;16834;16878;16874;16540;16490;16485;16502;16534;
0214074;"Syców - miasto (4)";10474;10483;10413;10420;10381;10136;10003;9946;9938;9920;
0214075;"Syców - obszar wiejski (5)";6297;6314;6421;6458;6493;6404;6487;6539;6564;6614;
0214083;"Twardogóra (3)";13009;13084;13081;13060;12948;12689;12596;12552;12521;12467;
0214084;"Twardogóra - miasto (4)";6796;6810;6784;6716;6624;6390;6315;6231;6177;6111;
0214085;"Twardogóra - obszar wiejski (5)";6213;6274;6297;6344;6324;6299;6281;6321;6344;6356;
0215000;"Powiat oławski";76064;76329;76505;76595;76752;77405;77341;77300;77428;77387;
0215011;"Oława (1)";32572;32773;32883;32927;33108;33295;33201;33153;33166;33086;
0215022;"Domaniów (2)";5281;5245;5215;5182;5162;5019;4962;4923;4914;4853;
0215033;"Jelcz-Laskowice (3)";23123;23180;23269;23286;23292;23658;23636;23661;23712;23751;
0215034;"Jelcz-Laskowice - miasto (4)";15853;15863;15867;15792;15745;15412;15234;15109;15004;14912;
0215035;"Jelcz-Laskowice - obszar wiejski (5)";7270;7317;7402;7494;7547;8246;8402;8552;8708;8839;
0215042;"Oława (2)";15088;15131;15138;15200;15190;15433;15542;15563;15636;15697;
0216000;"Powiat polkowicki";63057;63081;63017;62982;63065;61610;61309;61308;61189;60913;
0216013;"Chocianów (3)";12978;12953;12866;12798;12796;12598;12503;12469;12378;12323;
0216014;"Chocianów - miasto (4)";8073;8074;7996;7911;7866;7602;7519;7455;7356;7270;
0216015;"Chocianów - obszar wiejski (5)";4905;4879;4870;4887;4930;4996;4984;5014;5022;5053;
0216022;"Gaworzyce (2)";3977;4009;4009;4011;3991;3815;3796;3768;3765;3750;
0216032;"Grębocice (2)";5403;5374;5387;5367;5402;5280;5263;5293;5294;5299;
0216043;"Polkowice (3)";27387;27443;27512;27625;27727;27025;26910;26915;26836;26697;
0216044;"Polkowice - miasto (4)";22535;22525;22504;22487;22486;21828;21630;21505;21350;21090;
0216045;"Polkowice - obszar wiejski (5)";4852;4918;5008;5138;5241;5197;5280;5410;5486;5607;
0216053;"Przemków (3)";8622;8555;8488;8376;8341;8039;7932;7834;7828;7696;
0216054;"Przemków - miasto (4)";6317;6279;6217;6149;6091;5857;5744;5608;5598;5506;
0216055;"Przemków - obszar wiejski (5)";2305;2276;2271;2227;2250;2182;2188;2226;2230;2190;
0216062;"Radwanice (2)";4690;4747;4755;4805;4808;4853;4905;5029;5088;5148;
0217000;"Powiat strzeliński";44165;44052;44006;43773;43570;42522;42239;41990;41782;41473;
0217012;"Borów (2)";5338;5318;5324;5306;5272;5115;5079;5065;5013;4986;
0217022;"Kondratowice (2)";4440;4379;4363;4298;4276;4097;4046;3979;3983;3929;
0217032;"Przeworno (2)";4913;4861;4845;4800;4754;4648;4580;4551;4504;4467;
0217043;"Strzelin (3)";22109;22168;22178;22153;22167;21610;21545;21450;21450;21347;
0217044;"Strzelin - miasto (4)";12498;12475;12423;12435;12474;12152;12091;11984;11936;11841;
0217045;"Strzelin - obszar wiejski (5)";9611;9693;9755;9718;9693;9458;9454;9466;9514;9506;
0217053;"Wiązów (3)";7365;7326;7296;7216;7101;7052;6989;6945;6832;6744;
0217054;"Wiązów - miasto (4)";2310;2335;2296;2257;2212;2318;2293;2280;2254;2233;
0217055;"Wiązów - obszar wiejski (5)";5055;4991;5000;4959;4889;4734;4696;4665;4578;4511;
0218000;"Powiat średzki";52837;53181;53722;54269;55079;57409;57978;58508;59078;59713;
0218012;"Kostomłoty (2)";7136;7167;7178;7162;7119;7272;7229;7179;7162;7151;
0218022;"Malczyce (2)";6008;6005;5997;5965;5952;5776;5714;5674;5707;5631;
0218032;"Miękinia (2)";14665;14999;15524;16175;17006;19543;20313;20987;;;
0218033;"Miękinia (3)";;;;;;;;;21613;22403;
0218034;"Miękinia - miasto (4)";;;;;;;;;2094;2150;
0218035;"Miękinia - obszar wiejski (5)";;;;;;;;;19519;20253;
0218043;"Środa Śląska (3)";19719;19728;19798;19831;19914;19851;19813;19805;19773;19773;
0218044;"Środa Śląska - miasto (4)";9337;9399;9428;9484;9539;9518;9549;9552;9540;9520;
0218045;"Środa Śląska - obszar wiejski (5)";10382;10329;10370;10347;10375;10333;10264;10253;10233;10253;
0218052;"Udanin (2)";5309;5282;5225;5136;5088;4967;4909;4863;4823;4755;
0219000;"Powiat świdnicki";159633;158939;158392;157615;156921;153694;152443;151248;150410;149312;
0219011;"Świdnica (1)";58377;57959;57671;57310;56803;55013;54192;53423;52874;52050;
0219021;"Świebodzice (1)";23053;22901;22840;22830;22744;22278;22110;21942;21805;21634;
0219032;"Dobromierz (2)";5295;5323;5301;5212;5206;5018;4978;4926;4904;4850;
0219043;"Jaworzyna Śląska (3)";10356;10342;10344;10297;10239;10234;10244;10222;10233;10256;
0219044;"Jaworzyna Śląska - miasto (4)";5178;5185;5164;5141;5111;5099;5066;5046;5035;5015;
0219045;"Jaworzyna Śląska - obszar wiejski (5)";5178;5157;5180;5156;5128;5135;5178;5176;5198;5241;
0219052;"Marcinowice (2)";6525;6502;6497;6481;6519;6327;6298;6361;6359;6376;
0219063;"Strzegom (3)";26418;26207;26102;25887;25708;24882;24577;24332;24111;23996;
0219064;"Strzegom - miasto (4)";16526;16379;16272;16153;16032;15413;15225;15086;14940;14813;
0219065;"Strzegom - obszar wiejski (5)";9892;9828;9830;9734;9676;9469;9352;9246;9171;9183;
0219072;"Świdnica (2)";17038;17140;17131;17155;17311;17654;17806;17860;17997;18114;
0219083;"Żarów (3)";12571;12565;12506;12443;12391;12288;12238;12182;12127;12036;
0219084;"Żarów - miasto (4)";6875;6873;6811;6755;6698;6603;6551;6507;6424;6334;
0219085;"Żarów - obszar wiejski (5)";5696;5692;5695;5688;5693;5685;5687;5675;5703;5702;
0220000;"Powiat trzebnicki";83699;84063;84495;84886;85253;86869;86980;87287;87635;87765;
0220013;"Oborniki Śląskie (3)";19902;19995;20105;20209;20317;20782;20884;20993;21088;21122;
0220014;"Oborniki Śląskie - miasto (4)";9108;9092;9118;9109;9120;9071;9050;9027;8990;8914;
0220015;"Oborniki Śląskie - obszar wiejski (5)";10794;10903;10987;11100;11197;11711;11834;11966;12098;12208;
0220023;"Prusice (3)";9342;9346;9363;9362;9377;9380;9320;9318;9303;9258;
0220024;"Prusice - miasto (4)";2239;2234;2235;2232;2241;2227;2195;2164;2144;2102;
0220025;"Prusice - obszar wiejski (5)";7103;7112;7128;7130;7136;7153;7125;7154;7159;7156;
0220033;"Trzebnica (3)";23911;24061;24179;24300;24436;24874;25000;25048;25135;25077;
0220034;"Trzebnica - miasto (4)";13099;13215;13261;13322;13343;13614;13696;13674;13655;13575;
0220035;"Trzebnica - obszar wiejski (5)";10812;10846;10918;10978;11093;11260;11304;11374;11480;11502;
0220042;"Wisznia Mała (2)";9899;10067;10198;10370;10559;11593;11669;11900;12112;12305;
0220052;"Zawonia (2)";5837;5874;5921;5957;5904;5851;5826;5836;5866;5888;
0220063;"Żmigród (3)";14808;14720;14729;14688;14660;14389;14281;14192;14131;14115;
0220064;"Żmigród - miasto (4)";6487;6470;6472;6449;6443;6354;6264;6222;6177;6193;
0220065;"Żmigród - obszar wiejski (5)";8321;8250;8257;8239;8217;8035;8017;7970;7954;7922;
0221000;"Powiat wałbrzyski";57023;56788;56446;56004;55611;54085;53534;53115;52656;52275;
0221011;"Boguszów-Gorce (1)";15869;15733;15566;15444;15310;14673;14535;14349;14166;14079;
0221021;"Jedlina-Zdrój (1)";4970;4930;4887;4851;4820;4808;4766;4682;4623;4578;
0221031;"Szczawno-Zdrój (1)";5699;5692;5650;5608;5569;5400;5257;5243;5240;5180;
0221042;"Czarny Bór (2)";4840;4861;4858;4848;4840;4820;4804;4796;4757;4717;
0221053;"Głuszyca (3)";8791;8777;8708;8659;8605;8315;8204;8133;8065;7952;
0221054;"Głuszyca - miasto (4)";6526;6509;6431;6381;6335;6116;5999;5968;5924;5829;
0221055;"Głuszyca - obszar wiejski (5)";2265;2268;2277;2278;2270;2199;2205;2165;2141;2123;
0221063;"Mieroszów (3)";6992;6948;6935;6866;6760;6394;6361;6289;6202;6099;
0221064;"Mieroszów - miasto (4)";4212;4168;4147;4106;4045;3888;3815;3790;3729;3676;
0221065;"Mieroszów - obszar wiejski (5)";2780;2780;2788;2760;2715;2506;2546;2499;2473;2423;
0221072;"Stare Bogaczowice (2)";4255;4259;4269;4298;4304;4261;4266;4286;4292;4344;
0221082;"Walim (2)";5607;5588;5573;5430;5403;5414;5341;5337;5311;5326;
0222000;"Powiat wołowski";47194;47137;47124;47056;46818;46352;46044;45728;45458;45112;
0222013;"Brzeg Dolny (3)";15980;16059;16086;16131;16134;16365;16280;16199;16129;15992;
0222014;"Brzeg Dolny - miasto (4)";12420;12460;12486;12492;12506;12782;12695;12607;12536;12395;
0222015;"Brzeg Dolny - obszar wiejski (5)";3560;3599;3600;3639;3628;3583;3585;3592;3593;3597;
0222022;"Wińsko (2)";8428;8386;8409;8369;8274;8044;8005;7946;7882;7786;
0222033;"Wołów (3)";22786;22692;22629;22556;22410;21943;21759;21583;21447;21334;
0222034;"Wołów - miasto (4)";12522;12466;12439;12425;12350;12288;12190;12054;12010;11942;
0222035;"Wołów - obszar wiejski (5)";10264;10226;10190;10131;10060;9655;9569;9529;9437;9392;
0223000;"Powiat wrocławski";134145;137419;141337;146060;151385;174276;178857;182778;187153;191110;
0223012;"Czernica (2)";13856;14280;14743;15573;16619;20836;22031;23010;23974;24933;
0223022;"Długołęka (2)";28501;29514;30706;32153;33838;40719;41872;42904;43967;44927;
0223032;"Jordanów Śląski (2)";3134;3149;3154;3161;3179;3270;3261;3248;3273;3275;
0223043;"Kąty Wrocławskie (3)";22910;23303;24021;24639;25282;28554;29193;29707;30202;30672;
0223044;"Kąty Wrocławskie - miasto (4)";6621;6708;6846;6948;7001;7163;7220;7184;7168;7127;
0223045;"Kąty Wrocławskie - obszar wiejski (5)";16289;16595;17175;17691;18281;21391;21973;22523;23034;23545;
0223052;"Kobierzyce (2)";19085;19765;20437;21097;21760;23722;24053;24387;24977;25421;
0223062;"Mietków (2)";3880;3866;3821;3785;3759;3900;3870;3811;3831;3760;
0223073;"Sobótka (3)";12825;12812;12835;12827;12914;12998;12968;12976;12995;13076;
0223074;"Sobótka - miasto (4)";6972;6965;6951;6957;6989;7032;7005;6998;7022;7076;
0223075;"Sobótka - obszar wiejski (5)";5853;5847;5884;5870;5925;5966;5963;5978;5973;6000;
0223083;"Siechnice (3)";19819;20429;21037;21960;22878;27536;28553;29320;30214;31002;
0223084;"Siechnice - miasto (4)";6791;7081;7410;7892;8320;9857;10310;10684;10991;11366;
0223085;"Siechnice - obszar wiejski (5)";13028;13348;13627;14068;14558;17679;18243;18636;19223;19636;
0223092;"Żórawina (2)";10135;10301;10583;10865;11156;12741;13056;13415;13720;14044;
0224000;"Powiat ząbkowicki";66971;66527;66009;65428;64802;62561;61846;61087;60562;59803;
0224013;"Bardo (3)";5433;5381;5362;5328;5286;5193;5131;5025;4957;4866;
0224014;"Bardo - miasto (4)";2639;2607;2603;2563;2553;2473;2416;2356;2309;2276;
0224015;"Bardo - obszar wiejski (5)";2794;2774;2759;2765;2733;2720;2715;2669;2648;2590;
0224022;"Ciepłowody (2)";3113;3087;3059;3014;2989;3052;2987;2882;2840;2780;
0224032;"Kamieniec Ząbkowicki (2)";8316;8324;8247;8182;8086;7703;;;;;
0224033;"Kamieniec Ząbkowicki (3)";;;;;;;7600;7468;7411;7358;
0224034;"Kamieniec Ząbkowicki - miasto (4)";;;;;;;4403;4343;4309;4291;
0224035;"Kamieniec Ząbkowicki - obszar wiejski (5)";;;;;;;3197;3125;3102;3067;
0224042;"Stoszowice (2)";5492;5464;5473;5415;5381;5260;5224;5182;5135;5083;
0224053;"Ząbkowice Śląskie (3)";22277;22187;22058;21885;21664;21043;20890;20757;20643;20409;
0224054;"Ząbkowice Śląskie - miasto (4)";15403;15352;15219;15072;14929;14621;14495;14356;14240;14032;
0224055;"Ząbkowice Śląskie - obszar wiejski (5)";6874;6835;6839;6813;6735;6422;6395;6401;6403;6377;
0224063;"Ziębice (3)";17670;17461;17242;17088;16949;16096;15856;15698;15551;15350;
0224064;"Ziębice - miasto (4)";9000;8915;8796;8759;8650;8226;8070;7995;7981;7865;
0224065;"Ziębice - obszar wiejski (5)";8670;8546;8446;8329;8299;7870;7786;7703;7570;7485;
0224073;"Złoty Stok (3)";4670;4623;4568;4516;4447;4214;4158;4075;4025;3957;
0224074;"Złoty Stok - miasto (4)";2899;2844;2821;2787;2728;2569;2549;2481;2432;2378;
0224075;"Złoty Stok - obszar wiejski (5)";1771;1779;1747;1729;1719;1645;1609;1594;1593;1579;
0225000;"Powiat zgorzelecki";91824;91258;90584;90003;89188;87594;86640;85898;85139;84337;
0225011;"Zawidów (1)";4272;4258;4232;4217;4180;3940;3883;3807;3761;3729;
0225021;"Zgorzelec (1)";31350;31089;30738;30521;30231;30094;29542;29313;28931;28466;
0225033;"Bogatynia (3)";23915;23706;23462;23210;22940;22120;21834;21557;21280;21036;
0225034;"Bogatynia - miasto (4)";18117;17984;17762;17559;17318;16714;16460;16245;16020;15852;
0225035;"Bogatynia - obszar wiejski (5)";5798;5722;5700;5651;5622;5406;5374;5312;5260;5184;
0225043;"Pieńsk (3)";9241;9218;9179;9112;9022;8928;8827;8711;8705;8627;
0225044;"Pieńsk - miasto (4)";5940;5912;5866;5848;5763;5659;5578;5487;5454;5402;
0225045;"Pieńsk - obszar wiejski (5)";3301;3306;3313;3264;3259;3269;3249;3224;3251;3225;
0225052;"Sulików (2)";6112;6129;6082;6061;6012;5926;5892;5834;5806;5800;
0225063;"Węgliniec (3)";8539;8452;8402;8373;8287;8014;7958;7877;7770;7697;
0225064;"Węgliniec - miasto (4)";2946;2915;2868;2860;2830;2716;2682;2657;2662;2632;
0225065;"Węgliniec - obszar wiejski (5)";5593;5537;5534;5513;5457;5298;5276;5220;5108;5065;
0225072;"Zgorzelec (2)";8395;8406;8489;8509;8516;8572;8704;8799;8886;8982;
0226000;"Powiat złotoryjski";44598;44381;44126;43869;43490;41740;41277;40929;40616;40213;
0226011;"Wojcieszów (1)";3760;3742;3696;3676;3650;3500;3512;3470;3431;3377;
0226021;"Złotoryja (1)";15951;15873;15783;15655;15496;14739;14488;14337;14168;14000;
0226032;"Pielgrzymka (2)";4680;4637;4628;4582;4551;4356;4297;4251;4229;4145;
0226043;"Świerzawa (3)";7683;7647;7606;7552;7503;7233;7132;7063;6997;6961;
0226044;"Świerzawa - miasto (4)";2333;2315;2315;2291;2249;2123;2071;2032;2003;1980;
0226045;"Świerzawa - obszar wiejski (5)";5350;5332;5291;5261;5254;5110;5061;5031;4994;4981;
0226052;"Zagrodno (2)";5404;5391;5347;5306;5269;4970;4887;4880;4823;4805;
0226062;"Złotoryja (2)";7120;7091;7066;7098;7021;6942;6961;6928;6968;6925;
0261000;"Powiat m. Jelenia Góra";81010;80524;80072;79480;79061;77538;76570;75794;75124;74194;
0261011;"Jelenia Góra (1)";81010;80524;80072;79480;79061;77538;76570;75794;75124;74194;
0262000;"Powiat m. Legnica";100886;100718;100324;99752;99350;95135;93988;93040;91948;90823;
0262011;"Legnica (1)";100886;100718;100324;99752;99350;95135;93988;93040;91948;90823;
0264000;"Powiat m. Wrocław";635759;637683;638586;640648;642869;673592;674312;674079;673743;672882;
0264011;"Wrocław (1)";635759;637683;638586;640648;642869;673592;674312;674079;673743;672882;
0265000;"Powiat m. Wałbrzych od 2013";115453;114568;113621;112594;111356;105007;103263;101857;100294;98748;
0265011;"Wałbrzych od 2013 (1)";115453;114568;113621;112594;111356;105007;103263;101857;100294;98748;
0400000;"KUJAWSKO-POMORSKIE";2086210;2083927;2082944;2077775;2072373;2031550;2017720;2006876;1996003;1984479;
0401000;"Powiat aleksandrowski";55573;55347;55337;55274;55066;54334;54003;53736;53458;53086;
0401011;"Aleksandrów Kujawski (1)";12370;12335;12270;12220;12102;11770;11627;11536;11474;11426;
0401021;"Ciechocinek (1)";10683;10526;10586;10596;10618;10445;10349;10266;10153;10018;
0401031;"Nieszawa (1)";1953;1950;1914;1886;1843;1775;1762;1753;1740;1747;
0401042;"Aleksandrów Kujawski (2)";11684;11683;11799;11849;11943;11911;11954;11995;12023;12002;
0401052;"Bądkowo (2)";4391;4352;4311;4278;4222;4156;4114;4081;4049;3997;
0401062;"Koneck (2)";3233;3220;3177;3160;3125;3144;3147;3115;3101;3085;
0401072;"Raciążek (2)";3133;3151;3135;3176;3138;3227;3202;3179;3160;3130;
0401082;"Waganiec (2)";4581;4587;4604;4580;4566;4496;4446;4436;4415;4383;
0401092;"Zakrzewo (2)";3545;3543;3541;3529;3509;3410;3402;3375;3343;3298;
0402000;"Powiat brodnicki";78431;78630;78879;78898;79097;78397;78173;78057;77791;77345;
0402011;"Brodnica (1)";28471;28625;28717;28774;28880;28880;28715;28429;28190;27940;
0402022;"Bobrowo (2)";6401;6392;6370;6334;6325;6127;6063;6050;6040;5987;
0402032;"Brodnica (2)";7915;8057;8214;8348;8533;8960;9187;9360;9499;9630;
0402042;"Brzozie (2)";3773;3788;3799;3793;3824;3705;3697;3737;3726;3694;
0402053;"Górzno (3)";4016;3995;3955;3901;3913;3810;3781;3758;3731;3683;
0402054;"Górzno - miasto (4)";1431;1440;1403;1370;1382;1405;1385;1399;1391;1349;
0402055;"Górzno - obszar wiejski (5)";2585;2555;2552;2531;2531;2405;2396;2359;2340;2334;
0402062;"Bartniczka (2)";4733;4738;4748;4708;4691;4652;4614;4594;4577;4533;
0402073;"Jabłonowo Pomorskie (3)";9032;8998;9005;8936;8872;8599;8487;8467;8421;8343;
0402074;"Jabłonowo Pomorskie - miasto (4)";3809;3790;3782;3758;3716;3709;3676;3657;3648;3635;
0402075;"Jabłonowo Pomorskie - obszar wiejski (5)";5223;5208;5223;5178;5156;4890;4811;4810;4773;4708;
0402082;"Osiek (2)";4077;4067;4023;4026;4043;3843;3822;3820;3791;3770;
0402092;"Świedziebnia (2)";5204;5171;5199;5205;5161;4996;4955;4937;4884;4843;
0402102;"Zbiczno (2)";4809;4799;4849;4873;4855;4825;4852;4905;4932;4922;
0403000;"Powiat bydgoski";112992;114418;115981;117325;118683;122163;123833;125436;126981;127915;
0403012;"Białe Błota (2)";20161;20694;21268;21792;22450;24300;25012;25617;26152;26528;
0403022;"Dąbrowa Chełmińska (2)";8115;8218;8285;8349;8369;8452;8509;8562;8618;8635;
0403032;"Dobrcz (2)";11141;11352;11515;11670;11802;12154;12340;12538;12754;12938;
0403043;"Koronowo (3)";24211;24218;24222;24198;24056;23645;23516;23394;23294;23080;
0403044;"Koronowo - miasto (4)";11352;11268;11230;11182;11089;10987;10864;10774;10743;10583;
0403045;"Koronowo - obszar wiejski (5)";12859;12950;12992;13016;12967;12658;12652;12620;12551;12497;
0403052;"Nowa Wieś Wielka (2)";9836;9929;10030;10129;10195;10124;10221;10277;10374;10469;
0403062;"Osielsko (2)";12922;13279;13762;14234;14771;16424;17055;17856;18489;19004;
0403072;"Sicienko (2)";9839;9915;10054;10139;10241;10426;10618;10742;10939;11001;
0403083;"Solec Kujawski (3)";16767;16813;16845;16814;16799;16638;16562;16450;16361;16260;
0403084;"Solec Kujawski - miasto (4)";15616;15660;15661;15641;15635;15490;15432;15343;15249;15140;
0403085;"Solec Kujawski - obszar wiejski (5)";1151;1153;1184;1173;1164;1148;1130;1107;1112;1120;
0404000;"Powiat chełmiński";52361;52236;52292;52193;51925;50298;49900;49562;49123;48715;
0404011;"Chełmno (1)";20215;19991;19911;19720;19510;18910;18617;18326;18052;17827;
0404022;"Chełmno (2)";5820;5914;5977;6050;6092;6008;6017;6053;6067;6033;
0404032;"Kijewo Królewskie (2)";4474;4467;4504;4538;4516;4341;4333;4326;4297;4292;
0404042;"Lisewo (2)";5314;5293;5282;5273;5199;5013;4979;4929;4866;4825;
0404052;"Papowo Biskupie (2)";4358;4377;4376;4360;4343;4094;4053;4013;3992;3962;
0404062;"Stolno (2)";5199;5221;5239;5255;5309;5156;5169;5183;5176;5151;
0404072;"Unisław (2)";6981;6973;7003;6997;6956;6776;6732;6732;6673;6625;
0405000;"Powiat golubsko-dobrzyński";45342;45250;45289;45140;45018;44175;43784;43547;43278;42998;
0405011;"Golub-Dobrzyń (1)";12849;12839;12828;12630;12546;11780;11577;11443;11261;11122;
0405022;"Ciechocin (2)";4016;4023;4034;4034;4022;3932;3889;3875;3857;3819;
0405032;"Golub-Dobrzyń (2)";8621;8635;8692;8727;8781;8851;8859;8864;8866;8881;
0405043;"Kowalewo Pomorskie (3)";11560;11522;11487;11489;11453;11277;11211;11173;11152;11083;
0405044;"Kowalewo Pomorskie - miasto (4)";4213;4220;4192;4143;4143;4122;4059;4072;4063;4022;
0405045;"Kowalewo Pomorskie - obszar wiejski (5)";7347;7302;7295;7346;7310;7155;7152;7101;7089;7061;
0405052;"Radomin (2)";3916;3872;3867;3878;3837;4023;3984;3962;3947;3914;
0405062;"Zbójno (2)";4380;4359;4381;4382;4379;4312;4264;4230;4195;4179;
0406000;"Powiat grudziądzki";40346;40364;40368;40271;40238;39335;39269;39162;39137;39123;
0406012;"Grudziądz (2)";12363;12513;12621;12762;12954;13135;13353;13539;13719;13908;
0406022;"Gruta (2)";6535;6546;6523;6427;6396;6140;6099;6070;6004;5976;
0406033;"Łasin (3)";8125;8074;8006;7942;7839;7562;7499;7369;7322;7228;
0406034;"Łasin - miasto (4)";3387;3347;3320;3298;3197;3160;3150;3080;3060;3004;
0406035;"Łasin - obszar wiejski (5)";4738;4727;4686;4644;4642;4402;4349;4289;4262;4224;
0406043;"Radzyń Chełmiński (3)";4803;4735;4696;4683;4638;4532;4485;4417;4416;4390;
0406044;"Radzyń Chełmiński - miasto (4)";1889;1867;1851;1864;1813;1828;1811;1789;1795;1763;
0406045;"Radzyń Chełmiński - obszar wiejski (5)";2914;2868;2845;2819;2825;2704;2674;2628;2621;2627;
0406052;"Rogóźno (2)";4196;4189;4246;4245;4241;4089;4018;3997;3967;3972;
0406062;"Świecie nad Osą (2)";4324;4307;4276;4212;4170;3877;3815;3770;3709;3649;
0407000;"Powiat inowrocławski";162545;162011;161591;160647;159814;154683;153029;151925;150555;149000;
0407011;"Inowrocław (1)";74258;73968;73577;73114;72561;69868;68906;68101;67378;66543;
0407022;"Dąbrowa Biskupia (2)";5130;5140;5158;5141;5104;4992;4936;4949;4903;4909;
0407033;"Gniewkowo (3)";14660;14576;14569;14447;14388;13981;13800;13704;13581;13466;
0407034;"Gniewkowo - miasto (4)";7219;7176;7202;7141;7092;6902;6825;6722;6677;6621;
0407035;"Gniewkowo - obszar wiejski (5)";7441;7400;7367;7306;7296;7079;6975;6982;6904;6845;
0407042;"Inowrocław (2)";11613;11647;11740;11771;11825;11997;12007;12037;11990;11948;
0407053;"Janikowo (3)";13426;13314;13270;13159;13067;12653;12584;12548;12431;12301;
0407054;"Janikowo - miasto (4)";8983;8894;8844;8758;8712;8380;8291;8244;8136;8041;
0407055;"Janikowo - obszar wiejski (5)";4443;4420;4426;4401;4355;4273;4293;4304;4295;4260;
0407063;"Kruszwica (3)";19696;19593;19511;19307;19213;18396;18161;18034;17827;17571;
0407064;"Kruszwica - miasto (4)";9038;8995;8926;8818;8819;8709;9232;9161;9070;8987;
0407065;"Kruszwica - obszar wiejski (5)";10658;10598;10585;10489;10394;9687;8929;8873;8757;8584;
0407073;"Pakość (3)";9841;9850;9811;9779;9793;9362;9284;9228;9165;9075;
0407074;"Pakość - miasto (4)";5749;5757;5744;5723;5676;5352;5253;5174;5136;5082;
0407075;"Pakość - obszar wiejski (5)";4092;4093;4067;4056;4117;4010;4031;4054;4029;3993;
0407082;"Rojewo (2)";4730;4727;4738;4746;4718;4502;4489;4464;4453;4390;
0407092;"Złotniki Kujawskie (2)";9191;9196;9217;9183;9145;8932;8862;8860;8827;8797;
0408000;"Powiat lipnowski";66823;66575;66517;66062;65750;63889;63414;63051;62578;62058;
0408011;"Lipno (1)";14720;14578;14592;14478;14371;13769;13621;13479;13380;13253;
0408022;"Bobrowniki (2)";3146;3113;3122;3092;3086;3027;3019;3015;2977;;
0408023;"Bobrowniki (3)";;;;;;;;;;2968;
0408024;"Bobrowniki - miasto (4)";;;;;;;;;;1139;
0408025;"Bobrowniki - obszar wiejski (5)";;;;;;;;;;1829;
0408032;"Chrostkowo (2)";2937;2938;2937;2877;2870;2842;2828;2828;2783;2746;
0408043;"Dobrzyń nad Wisłą (3)";7810;7780;7727;7668;7584;7373;7254;7155;7075;7026;
0408044;"Dobrzyń nad Wisłą - miasto (4)";2231;2221;2161;2139;2117;2053;2007;1984;1962;1946;
0408045;"Dobrzyń nad Wisłą - obszar wiejski (5)";5579;5559;5566;5529;5467;5320;5247;5171;5113;5080;
0408052;"Kikół (2)";7281;7196;7176;7124;7102;6770;6740;6679;6654;;
0408053;"Kikół (3)";;;;;;;;;;6581;
0408054;"Kikół - miasto (4)";;;;;;;;;;2014;
0408055;"Kikół - obszar wiejski (5)";;;;;;;;;;4567;
0408062;"Lipno (2)";11828;11876;11914;11863;11870;11604;11574;11595;11547;11474;
0408073;"Skępe (3)";7609;7616;7583;7547;7528;7222;7164;7125;7060;6975;
0408074;"Skępe - miasto (4)";3610;3612;3607;3603;3590;3491;3455;3445;3415;3379;
0408075;"Skępe - obszar wiejski (5)";3999;4004;3976;3944;3938;3731;3709;3680;3645;3596;
0408082;"Tłuchowo (2)";4664;4656;4676;4675;4648;4494;4459;4457;4445;4394;
0408092;"Wielgie (2)";6828;6822;6790;6738;6691;6788;6755;6718;6657;6641;
0409000;"Powiat mogileński";46254;46197;46046;45821;45619;44452;44062;43853;43577;43209;
0409012;"Dąbrowa (2)";4648;4638;4604;4623;4600;4438;4398;4374;4343;4281;
0409022;"Jeziora Wielkie (2)";4960;4966;4950;4924;4860;4663;4599;4563;4555;4509;
0409033;"Mogilno (3)";24840;24864;24768;24625;24574;24232;24031;23994;23820;23674;
0409034;"Mogilno - miasto (4)";12185;12155;11995;11880;11786;11500;11276;11128;10972;10820;
0409035;"Mogilno - obszar wiejski (5)";12655;12709;12773;12745;12788;12732;12755;12866;12848;12854;
0409043;"Strzelno (3)";11806;11729;11724;11649;11585;11119;11034;10922;10859;10745;
0409044;"Strzelno - miasto (4)";5725;5723;5701;5663;5611;5401;5341;5267;5230;5156;
0409045;"Strzelno - obszar wiejski (5)";6081;6006;6023;5986;5974;5718;5693;5655;5629;5589;
0410000;"Powiat nakielski";86841;86774;86764;86590;86311;83894;83412;83148;82874;82435;
0410013;"Kcynia (3)";13519;13478;13471;13452;13361;12545;12398;12300;12161;12018;
0410014;"Kcynia - miasto (4)";4704;4697;4678;4670;4617;4386;4304;4252;4238;4206;
0410015;"Kcynia - obszar wiejski (5)";8815;8781;8793;8782;8744;8159;8094;8048;7923;7812;
0410023;"Mrocza (3)";9309;9282;9296;9262;9233;8947;8923;8908;8851;8755;
0410024;"Mrocza - miasto (4)";4404;4394;4395;4366;4332;4179;4183;4163;4129;4072;
0410025;"Mrocza - obszar wiejski (5)";4905;4888;4901;4896;4901;4768;4740;4745;4722;4683;
0410033;"Nakło nad Notecią (3)";32289;32149;32053;31847;31668;30536;30260;30019;29774;29526;
0410034;"Nakło nad Notecią - miasto (4)";18930;18718;18531;18353;18189;17693;17479;17189;17002;16848;
0410035;"Nakło nad Notecią - obszar wiejski (5)";13359;13431;13522;13494;13479;12843;12781;12830;12772;12678;
0410042;"Sadki (2)";7318;7310;7287;7273;7252;6993;6918;6913;6922;6902;
0410053;"Szubin (3)";24406;24555;24657;24756;24797;24873;24913;25008;25166;25234;
0410054;"Szubin - miasto (4)";9545;9613;9602;9576;9545;9552;9506;9424;9402;9348;
0410055;"Szubin - obszar wiejski (5)";14861;14942;15055;15180;15252;15321;15407;15584;15764;15886;
0411000;"Powiat radziejowski";41373;41169;40898;40714;40321;39082;38633;38173;37812;37331;
0411011;"Radziejów (1)";5695;5634;5638;5602;5516;5288;5198;5127;5055;4983;
0411022;"Bytoń (2)";3608;3552;3485;3484;3456;3434;3381;3343;3322;3259;
0411032;"Dobre (2)";5465;5456;5429;5409;5352;5068;5022;4924;4876;4840;
0411042;"Osięciny (2)";7807;7778;7710;7654;7595;7467;7370;7282;7180;7074;
0411053;"Piotrków Kujawski (3)";9370;9393;9334;9321;9234;8897;8802;8691;8623;8520;
0411054;"Piotrków Kujawski - miasto (4)";4444;4493;4490;4468;4426;4302;4275;4236;4185;4147;
0411055;"Piotrków Kujawski - obszar wiejski (5)";4926;4900;4844;4853;4808;4595;4527;4455;4438;4373;
0411062;"Radziejów (2)";4476;4453;4422;4395;4375;4319;4294;4274;4268;4209;
0411072;"Topólka (2)";4952;4903;4880;4849;4793;4609;4566;4532;4488;4446;
0412000;"Powiat rypiński";44384;44219;44029;43826;43486;42089;41686;41404;41185;40798;
0412011;"Rypin (1)";16629;16469;16482;16354;16130;15873;15697;15514;15379;15215;
0412022;"Brzuze (2)";5360;5360;5343;5322;5287;4965;4928;4924;4850;4812;
0412032;"Rogowo (2)";4810;4810;4763;4751;4765;4665;4632;4596;4600;4548;
0412042;"Rypin (2)";7496;7553;7503;7487;7492;7292;7246;7228;7274;7284;
0412052;"Skrwilno (2)";6034;5973;5950;5909;5845;5541;5468;5444;5395;5289;
0412062;"Wąpielsk (2)";4055;4054;3988;4003;3967;3753;3715;3698;3687;3650;
0413000;"Powiat sępoleński";41501;41392;41373;41147;41056;39638;39465;39218;38826;38633;
0413013;"Kamień Krajeński (3)";7017;7018;6983;6966;6906;6701;6644;6563;6496;6464;
0413014;"Kamień Krajeński - miasto (4)";2408;2401;2394;2386;2364;2368;2365;2351;2321;2312;
0413015;"Kamień Krajeński - obszar wiejski (5)";4609;4617;4589;4580;4542;4333;4279;4212;4175;4152;
0413023;"Sępólno Krajeńskie (3)";16053;15965;15936;15803;15803;15277;15213;15168;15055;14997;
0413024;"Sępólno Krajeńskie - miasto (4)";9304;9265;9243;9118;9093;8944;8892;8824;8720;8663;
0413025;"Sępólno Krajeńskie - obszar wiejski (5)";6749;6700;6693;6685;6710;6333;6321;6344;6335;6334;
0413032;"Sośno (2)";5074;5050;5059;5027;4983;4657;4619;4551;4470;4415;
0413043;"Więcbork (3)";13357;13359;13395;13351;13364;13003;12989;12936;12805;12757;
0413044;"Więcbork - miasto (4)";5976;5970;5969;5966;5965;5815;5787;5723;5619;5598;
0413045;"Więcbork - obszar wiejski (5)";7381;7389;7426;7385;7399;7188;7202;7213;7186;7159;
0414000;"Powiat świecki";99764;99661;99505;99281;98952;96507;95914;95359;94831;94358;
0414012;"Bukowiec (2)";5169;5142;5146;5140;5138;4945;4946;4912;4870;4844;
0414022;"Dragacz (2)";7249;7271;7279;7228;7216;6998;6915;6902;6837;6789;
0414032;"Drzycim (2)";5011;5011;5021;4952;4897;4835;4812;4820;4793;4764;
0414042;"Jeżewo (2)";8093;8102;8125;8138;8074;7820;7762;7781;7692;7639;
0414052;"Lniano (2)";4302;4297;4270;4305;4322;4127;4126;4093;4062;4045;
0414063;"Nowe (3)";10521;10450;10371;10277;10183;9903;9771;9721;9638;9543;
0414064;"Nowe - miasto (4)";6038;5994;5913;5864;5787;5595;5519;5477;5413;5364;
0414065;"Nowe - obszar wiejski (5)";4483;4456;4458;4413;4396;4308;4252;4244;4225;4179;
0414072;"Osie (2)";5453;5461;5475;5499;5496;5503;5469;5430;5386;5387;
0414082;"Pruszcz (2)";9642;9635;9583;9574;9562;9365;9281;;;;
0414083;"Pruszcz (3)";;;;;;;;9173;9171;9155;
0414084;"Pruszcz - miasto (4)";;;;;;;;2711;2759;2811;
0414085;"Pruszcz - obszar wiejski (5)";;;;;;;;6462;6412;6344;
0414093;"Świecie (3)";34183;34148;34111;34050;33949;33297;33135;32930;32807;32666;
0414094;"Świecie - miasto (4)";26091;25974;25924;25831;25634;24880;24633;24987;24841;24743;
0414095;"Świecie - obszar wiejski (5)";8092;8174;8187;8219;8315;8417;8502;7943;7966;7923;
0414102;"Świekatowo (2)";3576;3580;3590;3599;3622;3498;3502;3499;3526;3506;
0414112;"Warlubie (2)";6565;6564;6534;6519;6493;6216;6195;6098;6049;6020;
0415000;"Powiat toruński";103397;104477;105631;106935;108345;111396;112556;113565;114303;114956;
0415011;"Chełmża (1)";14854;14769;14645;14532;14449;14085;13906;13827;13691;13536;
0415022;"Chełmża (2)";9879;9835;9820;9838;9826;9616;9600;9520;9462;9395;
0415032;"Czernikowo (2)";9073;9072;9049;9086;9064;8986;8966;8932;8868;8843;
0415042;"Lubicz (2)";19238;19453;19702;19907;20181;20931;21066;21203;21250;21310;
0415052;"Łubianka (2)";6775;6853;7008;7133;7293;7596;7769;7943;8064;8251;
0415062;"Łysomice (2)";9685;9793;9882;10019;10155;10581;10710;10852;10987;11034;
0415072;"Obrowo (2)";15438;15967;16559;17148;17753;19096;19657;20232;20645;20966;
0415082;"Wielka Nieszawka (2)";4972;5036;5094;5176;5238;5075;5158;5197;5206;5225;
0415092;"Zławieś Wielka (2)";13483;13699;13872;14096;14386;15430;15724;15859;16130;16396;
0416000;"Powiat tucholski";48381;48416;48438;48374;48383;47453;47207;47109;46917;46763;
0416012;"Cekcyn (2)";6699;6755;6783;6815;6870;6752;6745;6773;6792;6804;
0416022;"Gostycyn (2)";5218;5232;5238;5191;5196;5007;4965;4930;4887;4875;
0416032;"Kęsowo (2)";4449;4450;4464;4465;4493;4229;4203;4213;4217;4220;
0416042;"Lubiewo (2)";5907;5923;5944;5998;5981;5850;5794;5842;5817;5816;
0416052;"Śliwice (2)";5648;5655;5622;5586;5592;5564;5568;5607;5615;5608;
0416063;"Tuchola (3)";20460;20401;20387;20319;20251;20051;19932;19744;19589;19440;
0416064;"Tuchola - miasto (4)";13914;13814;13793;13680;13649;13437;13351;13134;12969;12843;
0416065;"Tuchola - obszar wiejski (5)";6546;6587;6594;6639;6602;6614;6581;6610;6620;6597;
0417000;"Powiat wąbrzeski";34844;34752;34612;34413;34194;33220;33029;32756;32420;32155;
0417011;"Wąbrzeźno (1)";13887;13802;13749;13605;13518;13344;13220;13049;12892;12755;
0417022;"Dębowa Łąka (2)";3194;3182;3183;3203;3165;2982;2982;2966;2941;2950;
0417032;"Książki (2)";4240;4221;4194;4184;4149;3895;3884;3823;3766;3727;
0417042;"Płużnica (2)";4878;4870;4838;4829;4775;4613;4565;4554;4498;4448;
0417052;"Ryńsk (2)";8645;8677;8648;8592;8587;8386;8378;8364;8323;8275;
0418000;"Powiat włocławski";86758;86605;86604;86352;86037;83581;83046;82599;82151;81591;
0418011;"Kowal (1)";3548;3554;3544;3499;3505;3391;3365;3298;3278;3245;
0418022;"Baruchowo (2)";3535;3517;3482;3459;3436;3354;3336;3300;3290;3267;
0418032;"Boniewo (2)";3484;3457;3392;3406;3366;3237;3221;3209;3169;3128;
0418043;"Brześć Kujawski (3)";11580;11519;11541;11547;11442;11076;11042;11045;11004;11013;
0418044;"Brześć Kujawski - miasto (4)";4709;4679;4660;4659;4596;4562;4529;4550;4525;4513;
0418045;"Brześć Kujawski - obszar wiejski (5)";6871;6840;6881;6888;6846;6514;6513;6495;6479;6500;
0418052;"Choceń (2)";8017;8009;8022;7961;7977;7805;7736;7695;7605;7496;
0418063;"Chodecz (3)";6178;6131;6093;6042;5996;5673;5586;5525;5438;5354;
0418064;"Chodecz - miasto (4)";1896;1891;1885;1899;1852;1351;1770;1739;1705;1676;
0418065;"Chodecz - obszar wiejski (5)";4282;4240;4208;4143;4144;4322;3816;3786;3733;3678;
0418072;"Fabianki (2)";9901;9959;10002;10081;10107;10058;10157;10175;10243;10339;
0418083;"Izbica Kujawska (3)";7764;7746;7735;7688;7657;7368;7307;7214;7167;7080;
0418084;"Izbica Kujawska - miasto (4)";2695;2683;2677;2631;2596;2529;2507;2461;2460;2412;
0418085;"Izbica Kujawska - obszar wiejski (5)";5069;5063;5058;5057;5061;4839;4800;4753;4707;4668;
0418092;"Kowal (2)";3942;3932;3959;3937;3918;3899;3871;3849;3858;3844;
0418102;"Lubanie (2)";4618;4631;4611;4598;4562;4433;4364;4329;4311;4296;
0418113;"Lubień Kujawski (3)";7440;7392;7412;7390;7325;6995;6910;6833;6752;6630;
0418114;"Lubień Kujawski - miasto (4)";1404;1377;1391;1397;1394;1375;1350;1341;1307;1287;
0418115;"Lubień Kujawski - obszar wiejski (5)";6036;6015;6021;5993;5931;5620;5560;5492;5445;5343;
0418123;"Lubraniec (3)";9708;9639;9598;9505;9437;8988;8844;8770;8643;8458;
0418124;"Lubraniec - miasto (4)";3092;3074;3052;3028;3012;2847;2778;2741;2696;2618;
0418125;"Lubraniec - obszar wiejski (5)";6616;6565;6546;6477;6425;6141;6066;6029;5947;5840;
0418132;"Włocławek (2)";7043;7119;7213;7239;7309;7304;7307;7357;7393;7441;
0419000;"Powiat żniński";70606;70528;70534;70413;70190;68626;68357;67936;67536;67080;
0419013;"Barcin (3)";14865;14911;14858;14818;14751;14403;14372;14277;14143;14041;
0419014;"Barcin - miasto (4)";7614;7572;7516;7468;7381;7198;7142;7045;6926;6824;
0419015;"Barcin - obszar wiejski (5)";7251;7339;7342;7350;7370;7205;7230;7232;7217;7217;
0419022;"Gąsawa (2)";5244;5232;5313;5294;5304;5023;5022;4960;4930;;
0419023;"Gąsawa (3)";;;;;;;;;;4879;
0419024;"Gąsawa - miasto (4)";;;;;;;;;;1413;
0419025;"Gąsawa - obszar wiejski (5)";;;;;;;;;;3466;
0419033;"Janowiec Wielkopolski (3)";9172;9119;9113;9051;9008;8666;8575;8503;8458;8380;
0419034;"Janowiec Wielkopolski - miasto (4)";4012;4002;4016;3966;3935;3852;3788;3725;3675;3618;
0419035;"Janowiec Wielkopolski - obszar wiejski (5)";5160;5117;5097;5085;5073;4814;4787;4778;4783;4762;
0419043;"Łabiszyn (3)";9961;9989;10058;10162;10219;10428;10543;10570;10585;10643;
0419044;"Łabiszyn - miasto (4)";4533;4517;4501;4501;4469;4497;4480;4419;4352;4300;
0419045;"Łabiszyn - obszar wiejski (5)";5428;5472;5557;5661;5750;5931;6063;6151;6233;6343;
0419052;"Rogowo (2)";6929;6899;6871;6865;6828;6699;6682;6629;6597;6546;
0419063;"Żnin (3)";24435;24378;24321;24223;24080;23407;23163;22997;22823;22591;
0419064;"Żnin - miasto (4)";14153;14092;14041;13934;13793;13592;13349;13187;13040;12831;
0419065;"Żnin - obszar wiejski (5)";10282;10286;10280;10289;10287;9815;9814;9810;9783;9760;
0461000;"Powiat m. Bydgoszcz";355645;353938;352313;350178;348190;339068;334026;330038;326434;324043;
0461011;"Bydgoszcz (1)";355645;353938;352313;350178;348190;339068;334026;330038;326434;324043;
0462000;"Powiat m. Grudziądz";96319;95964;95629;95045;94368;91289;90275;89450;88658;87696;
0462011;"Grudziądz (1)";96319;95964;95629;95045;94368;91289;90275;89450;88658;87696;
0463000;"Powiat m. Toruń";202689;202521;202562;202074;201447;198801;197112;195690;194771;193717;
0463011;"Toruń (1)";202689;202521;202562;202074;201447;198801;197112;195690;194771;193717;
0464000;"Powiat m. Włocławek";113041;112483;111752;110802;109883;105180;103535;102102;100807;99474;
0464011;"Włocławek (1)";113041;112483;111752;110802;109883;105180;103535;102102;100807;99474;
0600000;"LUBELSKIE";2139726;2133340;2126317;2117619;2108270;2056908;2038299;2024637;2011047;1996440;
0601000;"Powiat bialski";112507;112398;111922;111391;110772;107031;106194;105530;104849;104108;
0601011;"Międzyrzec Podlaski (1)";17024;17003;16925;16796;16753;15883;15685;15557;15389;15230;
0601021;"Terespol (1)";5751;5659;5594;5557;5560;5319;5254;5163;5121;5054;
0601032;"Biała Podlaska (2)";13945;14085;14169;14334;14423;15000;15155;15288;15431;15623;
0601042;"Drelów (2)";5475;5479;5460;5433;5367;5134;5116;5081;5072;5007;
0601052;"Janów Podlaski (2)";5469;5457;5407;5344;5285;5036;4985;4962;4864;4845;
0601062;"Kodeń (2)";3692;3678;3598;3585;3524;3355;3342;3275;3243;3202;
0601072;"Konstantynów (2)";4136;4138;4154;4155;4110;3920;3866;3808;3757;3718;
0601082;"Leśna Podlaska (2)";4312;4290;4294;4245;4287;4067;4049;4113;4093;4048;
0601092;"Łomazy (2)";5084;5038;5002;4963;4906;4714;4666;4621;4559;4518;
0601102;"Międzyrzec Podlaski (2)";10563;10547;10526;10532;10467;10287;10224;10228;10248;10223;
0601112;"Piszczac (2)";7357;7355;7306;7231;7188;6865;6799;6719;6700;;
0601113;"Piszczac (3)";;;;;;;;;;6598;
0601114;"Piszczac - miasto (4)";;;;;;;;;;2073;
0601115;"Piszczac - obszar wiejski (5)";;;;;;;;;;4525;
0601122;"Rokitno (2)";3064;3061;3027;2989;2972;2821;2771;2731;2713;2665;
0601132;"Rossosz (2)";2295;2283;2265;2237;2193;2136;2104;2092;2056;2050;
0601142;"Sławatycze (2)";2362;2372;2346;2337;2293;2296;2301;2289;2246;2213;
0601152;"Sosnówka (2)";2526;2517;2456;2440;2409;2258;2203;2179;2124;2079;
0601162;"Terespol (2)";6782;6807;6819;6762;6700;6220;6173;6087;5976;5931;
0601172;"Tuczna (2)";3184;3130;3100;3040;3004;2891;2815;2789;2743;2706;
0601182;"Wisznice (2)";5031;5047;5018;4975;4926;4628;4565;4487;4479;4416;
0601192;"Zalesie (2)";4455;4452;4456;4436;4405;4201;4121;4061;4035;3982;
0602000;"Powiat biłgorajski";102647;102272;101949;101435;100919;98832;97771;97055;96158;95219;
0602011;"Biłgoraj (1)";26826;26506;26550;26391;26329;25539;25268;25039;24769;24543;
0602022;"Aleksandrów (2)";3279;3272;3270;3251;3281;3228;3204;3193;3168;3140;
0602032;"Biłgoraj (2)";13132;13211;13294;13329;13355;13663;13621;13592;13520;13465;
0602042;"Biszcza (2)";3844;3856;3805;3784;3764;3765;3732;3715;3693;3679;
0602053;"Frampol (3)";6257;6217;6199;6158;6095;5834;5750;5669;5632;5587;
0602054;"Frampol - miasto (4)";1459;1450;1433;1437;1440;1363;1362;1343;1330;1320;
0602055;"Frampol - obszar wiejski (5)";4798;4767;4766;4721;4655;4471;4388;4326;4302;4267;
0602062;"Goraj (2)";4192;4180;4137;4131;4097;3984;;;;;
0602063;"Goraj (3)";;;;;;;3917;3903;3877;3820;
0602064;"Goraj - miasto (4)";;;;;;;881;879;896;884;
0602065;"Goraj - obszar wiejski (5)";;;;;;;3036;3024;2981;2936;
0602073;"Józefów (3)";6925;6881;6817;6775;6733;6562;6490;6428;6353;6277;
0602074;"Józefów - miasto (4)";2509;2512;2498;2492;2474;2397;2368;2342;2319;2286;
0602075;"Józefów - obszar wiejski (5)";4416;4369;4319;4283;4259;4165;4122;4086;4034;3991;
0602082;"Księżpol (2)";6917;6962;6956;6930;6888;6807;6731;6713;6703;6651;
0602092;"Łukowa (2)";4292;4301;4279;4264;4231;4063;4013;3977;3943;3862;
0602102;"Obsza (2)";4303;4333;4303;4291;4233;4113;4069;4020;4012;3986;
0602112;"Potok Górny (2)";5510;5517;5449;5403;5351;5209;5130;5083;4997;4910;
0602123;"Tarnogród (3)";6829;6776;6744;6700;6655;6369;6316;6273;6195;6121;
0602124;"Tarnogród - miasto (4)";3438;3406;3395;3351;3308;3220;3184;3161;3109;3080;
0602125;"Tarnogród - obszar wiejski (5)";3391;3370;3349;3349;3347;3149;3132;3112;3086;3041;
0602132;"Tereszpol (2)";3927;3943;3931;3911;3878;3886;3850;3846;3812;3771;
0602142;"Turobin (2)";6414;6317;6215;6117;6029;5810;5680;5604;5484;;
0602143;"Turobin (3)";;;;;;;;;;5407;
0602144;"Turobin - miasto (4)";;;;;;;;;;797;
0602145;"Turobin - obszar wiejski (5)";;;;;;;;;;4610;
0603000;"Powiat chełmski";79377;79088;78579;78228;78014;75463;74857;74358;73705;73117;
0603011;"Rejowiec Fabryczny (1)";4445;4430;4396;4417;4386;4120;4051;4029;4003;3963;
0603022;"Białopole (2)";3090;3035;2989;2938;2886;2884;2853;2828;2823;2806;
0603032;"Chełm (2)";14332;14550;14646;14781;15023;14930;15054;15292;15285;15270;
0603042;"Dorohusk (2)";6604;6535;6468;6428;6387;6055;5990;5926;5814;5762;
0603052;"Dubienka (2)";2494;2461;2428;2358;2315;2167;2120;2114;2088;2017;
0603062;"Kamień (2)";4098;4109;4152;4158;4167;4134;4092;4081;4071;4021;
0603072;"Leśniowice (2)";3729;3707;3664;3616;3583;3423;3374;3343;3282;3234;
0603082;"Rejowiec Fabryczny (2)";4354;4304;4283;4233;4227;4133;4077;3992;3936;3869;
0603092;"Ruda-Huta (2)";4677;4617;4551;4531;4502;4255;4192;4151;4090;4077;
0603102;"Sawin (2)";5636;5618;5554;5494;5470;5365;5327;5165;5115;5079;
0603112;"Siedliszcze (2)";6969;;;;;;;;;;
0603113;"Siedliszcze (3)";;6953;6907;6824;6836;6581;6541;6442;6358;6360;
0603114;"Siedliszcze - miasto (4)";;1398;1418;1412;1431;1368;1343;1345;1325;1309;
0603115;"Siedliszcze - obszar wiejski (5)";;5555;5489;5412;5405;5213;5198;5097;5033;5051;
0603122;"Wierzbica (2)";5250;5208;5136;5119;5060;4838;4789;4738;4704;4649;
0603132;"Wojsławice (2)";3899;3884;3825;3801;3745;3563;3502;3446;3409;3344;
0603142;"Żmudź (2)";3204;3169;3134;3110;3055;2886;2837;2788;2759;2747;
0603152;"Rejowiec (2)";6596;6508;;;;;;;;;
0603153;"Rejowiec (3)";;;6446;6420;6372;6129;6058;6023;5968;5919;
0603154;"Rejowiec - miasto (4)";;;2084;2070;2068;1996;1967;2000;1982;1976;
0603155;"Rejowiec - obszar wiejski (5)";;;4362;4350;4304;4133;4091;4023;3986;3943;
0604000;"Powiat hrubieszowski";65939;65195;64428;63698;62847;59651;58627;57594;56783;55911;
0604011;"Hrubieszów (1)";18287;18075;17903;17735;17528;16902;16563;16191;15935;15735;
0604022;"Dołhobyczów (2)";5695;5609;5541;5454;5353;4923;4805;4697;4630;4537;
0604032;"Horodło (2)";5331;5312;5259;5203;5102;4977;4914;4829;4766;4673;
0604042;"Hrubieszów (2)";10298;10203;10107;10033;9980;9500;9370;9231;9154;9029;
0604052;"Mircze (2)";7482;7386;7273;7121;7007;6474;6372;6266;6176;6101;
0604062;"Trzeszczany (2)";4373;4283;4215;4164;4091;3896;3825;3765;3719;3667;
0604072;"Uchanie (2)";4792;4696;4621;4577;4514;4267;4176;4117;4044;3949;
0604082;"Werbkowice (2)";9681;9631;9509;9411;9272;8712;8602;8498;8359;8220;
0605000;"Powiat janowski";46895;46596;46306;46057;45709;44159;43638;43188;42796;42260;
0605012;"Batorz (2)";3407;3379;3332;3320;3264;3134;3111;3085;3058;3031;
0605022;"Chrzanów (2)";2999;2969;2934;2943;2921;2780;2722;2698;2684;2637;
0605032;"Dzwola (2)";6424;6399;6358;6287;6241;6078;6013;5971;5888;5816;
0605042;"Godziszów (2)";5991;5924;5860;5836;5801;5618;5533;5458;5435;5412;
0605053;"Janów Lubelski (3)";16200;16101;16057;15985;15874;15160;14942;14753;14576;14351;
0605054;"Janów Lubelski - miasto (4)";12073;12007;11986;11940;11879;11349;11192;11046;10894;10721;
0605055;"Janów Lubelski - obszar wiejski (5)";4127;4094;4071;4045;3995;3811;3750;3707;3682;3630;
0605063;"Modliborzyce (3)";7088;7071;7037;7003;6957;6851;6800;6739;6698;6616;
0605064;"Modliborzyce - miasto (4)";1449;1453;1469;1460;1459;1417;1407;1413;1416;1401;
0605065;"Modliborzyce - obszar wiejski (5)";5639;5618;5568;5543;5498;5434;5393;5326;5282;5215;
0605072;"Potok Wielki (2)";4786;4753;4728;4683;4651;4538;4517;4484;4457;4397;
0606000;"Powiat krasnostawski";65422;64921;64432;63925;63258;61228;60269;59754;59041;58307;
0606011;"Krasnystaw (1)";19116;18980;18912;18778;18630;17914;17702;17519;17366;17080;
0606022;"Fajsławice (2)";4644;4627;4591;4577;4570;4532;4512;4489;4437;4409;
0606032;"Gorzków (2)";3620;3579;3536;3503;3429;3371;3293;3264;3197;3146;
0606042;"Izbica (2)";8372;8347;8271;8221;8124;7899;7810;;;;
0606043;"Izbica (3)";;;;;;;;7746;7674;7593;
0606044;"Izbica - miasto (4)";;;;;;;;1718;1684;1660;
0606045;"Izbica - obszar wiejski (5)";;;;;;;;6028;5990;5933;
0606052;"Krasnystaw (2)";8761;8712;8679;8619;8529;8369;8245;8200;8103;8059;
0606062;"Kraśniczyn (2)";3845;3768;3740;3683;3639;3590;3470;3494;3433;3382;
0606072;"Łopiennik Górny (2)";4049;4021;3996;3944;3893;3672;3618;3606;3585;3513;
0606092;"Rudnik (2)";3158;3116;3034;3042;3009;2839;2769;2746;2697;2672;
0606102;"Siennica Różana (2)";4234;4205;4183;4139;4110;3933;3888;3790;3750;3711;
0606112;"Żółkiewka (2)";5623;5566;5490;5419;5325;5109;4962;4900;4799;4742;
0607000;"Powiat kraśnicki";97569;97069;96574;96043;95348;92147;91004;90085;89215;88198;
0607011;"Kraśnik (1)";35233;34985;34821;34539;34230;32719;32189;31744;31296;30842;
0607023;"Annopol (3)";8855;8839;8735;8680;8596;8254;8118;8054;7969;7915;
0607024;"Annopol - miasto (4)";2608;2610;2572;2528;2488;2396;2343;2325;2300;2279;
0607025;"Annopol - obszar wiejski (5)";6247;6229;6163;6152;6108;5858;5775;5729;5669;5636;
0607032;"Dzierzkowice (2)";5319;5339;5314;5305;5274;5271;5243;5224;5229;5198;
0607042;"Gościeradów (2)";7388;7313;7280;7240;7209;7016;6905;6833;6799;6722;
0607052;"Kraśnik (2)";7394;7399;7385;7373;7323;7129;7069;7018;7008;6950;
0607062;"Szastarka (2)";5893;5871;5821;5791;5758;5623;5530;5454;5416;5344;
0607072;"Trzydnik Duży (2)";6492;6501;6450;6417;6406;6191;6105;6025;5915;5856;
0607082;"Urzędów (2)";8773;;;;;;;;;;
0607083;"Urzędów (3)";;8699;8693;8637;8582;8313;8271;8212;8172;8105;
0607084;"Urzędów - miasto (4)";;1682;1703;1709;1694;1705;1690;1688;1708;1703;
0607085;"Urzędów - obszar wiejski (5)";;7017;6990;6928;6888;6608;6581;6524;6464;6402;
0607092;"Wilkołaz (2)";5547;5543;5532;5531;5527;5384;5373;5356;5315;5272;
0607102;"Zakrzówek (2)";6675;6580;6543;6530;6443;6247;6201;6165;6096;5994;
0608000;"Powiat lubartowski";89502;89326;89040;88789;88352;85950;85146;84578;83975;83385;
0608011;"Lubartów (1)";22369;22220;22138;21995;21828;20573;20306;20000;19734;19566;
0608022;"Abramów (2)";4147;4124;4071;4066;4039;3919;3872;3855;3828;3795;
0608032;"Firlej (2)";5933;5915;5896;5914;5885;5796;5717;5693;5642;5601;
0608042;"Jeziorzany (2)";2856;2849;2837;2816;2773;2587;2520;2491;2462;2432;
0608052;"Kamionka (2)";6448;6469;6455;6467;6485;6498;;;;;
0608053;"Kamionka (3)";;;;;;;6439;6450;6486;6532;
0608054;"Kamionka - miasto (4)";;;;;;;1702;1699;1714;1727;
0608055;"Kamionka - obszar wiejski (5)";;;;;;;4737;4751;4772;4805;
0608063;"Kock (3)";6568;6512;6477;6438;6349;5917;5848;5749;5679;5638;
0608064;"Kock - miasto (4)";3372;3357;3342;3315;3273;2984;2932;2888;2870;2843;
0608065;"Kock - obszar wiejski (5)";3196;3155;3135;3123;3076;2933;2916;2861;2809;2795;
0608072;"Lubartów (2)";11272;11485;11627;11736;11812;11995;12051;12115;12137;12129;
0608082;"Michów (2)";6059;6020;5951;5905;5849;5672;5586;5525;5439;5328;
0608092;"Niedźwiada (2)";6312;6281;6246;6221;6183;6219;6203;6202;6186;6155;
0608103;"Ostrów Lubelski (3)";5349;5307;5248;5228;5244;5099;5062;4985;4942;4858;
0608104;"Ostrów Lubelski - miasto (4)";2146;2131;2095;2092;2110;2039;2014;1976;1964;1901;
0608105;"Ostrów Lubelski - obszar wiejski (5)";3203;3176;3153;3136;3134;3060;3048;3009;2978;2957;
0608112;"Ostrówek (2)";3976;3947;3913;3882;3829;3776;3738;3711;3687;3617;
0608122;"Serniki (2)";4906;4913;4925;4927;4914;4840;4788;4798;4789;4769;
0608132;"Uścimów (2)";3307;3284;3256;3194;3162;3059;3016;3004;2964;2965;
0609000;"Powiat lubelski";151178;152253;153380;154387;155566;161433;162129;163209;164469;165359;
0609013;"Bełżyce (3)";13381;13322;13356;13278;13256;12911;12828;12775;12699;12547;
0609014;"Bełżyce - miasto (4)";6659;6588;6608;6551;6477;6179;6067;6020;5936;5802;
0609015;"Bełżyce - obszar wiejski (5)";6722;6734;6748;6727;6779;6732;6761;6755;6763;6745;
0609022;"Borzechów (2)";3787;3785;3775;3762;3760;3790;3754;3752;3734;3722;
0609033;"Bychawa (3)";11933;11832;11761;11709;11595;11210;11098;10976;10863;10724;
0609034;"Bychawa - miasto (4)";5052;5013;4976;4942;4855;4698;4641;4540;4476;4414;
0609035;"Bychawa - obszar wiejski (5)";6881;6819;6785;6767;6740;6512;6457;6436;6387;6310;
0609042;"Garbów (2)";8980;9032;9053;9073;9064;9033;8973;8968;8964;8950;
0609052;"Głusk (2)";10150;10418;10813;11148;11557;13551;14043;14468;14879;15344;
0609062;"Jabłonna (2)";7953;7967;8024;8052;8054;8255;8205;8283;8323;8336;
0609072;"Jastków (2)";13650;13759;13871;14032;14185;15054;15163;15344;15516;15645;
0609082;"Konopnica (2)";13261;13441;13674;13848;14083;15486;15599;15769;15968;16098;
0609092;"Krzczonów (2)";4541;4536;4484;4406;4369;4237;4154;4133;4073;4041;
0609102;"Niedrzwica Duża (2)";11706;11758;11829;11895;11917;11864;11893;11971;12040;12149;
0609112;"Niemce (2)";18781;19098;19254;19509;19814;21115;21383;21617;22039;22338;
0609122;"Strzyżewice (2)";7985;7996;8046;8069;8110;8099;8105;8120;8164;8178;
0609132;"Wojciechów (2)";5958;5991;5978;6009;5974;6026;6016;6002;6021;6000;
0609142;"Wólka (2)";11563;11795;12024;12237;12547;13762;14009;14231;14460;14674;
0609152;"Wysokie (2)";4623;4588;4532;4461;4392;4269;4191;4129;4081;3988;
0609162;"Zakrzew (2)";2926;2935;2906;2899;2889;2771;2715;2671;2645;2625;
0610000;"Powiat łęczyński";57401;57420;57461;57457;57331;56442;56162;55926;55721;55531;
0610012;"Cyców (2)";7931;7951;7911;7967;7912;7773;7717;7694;7694;7699;
0610022;"Ludwin (2)";5443;5501;5584;5595;5641;5593;5603;5595;5608;5610;
0610033;"Łęczna (3)";23623;23552;23462;23398;23244;22840;22626;22462;22368;22148;
0610034;"Łęczna - miasto (4)";19437;19300;19167;19006;18820;18307;18025;17826;17665;17378;
0610035;"Łęczna - obszar wiejski (5)";4186;4252;4295;4392;4424;4533;4601;4636;4703;4770;
0610042;"Milejów (2)";9263;9208;9190;9107;9085;8769;8713;8666;8577;8544;
0610052;"Puchaczów (2)";5513;5558;5616;5684;5693;5552;5553;5558;5530;5558;
0610062;"Spiczyn (2)";5628;5650;5698;5706;5756;5915;5950;5951;5944;5972;
0611000;"Powiat łukowski";108597;108299;107896;107449;106816;102781;102121;101536;100959;100230;
0611011;"Łuków (1)";30477;30413;30310;30025;29728;27988;27719;27453;27159;26890;
0611021;"Stoczek Łukowski (1)";2631;2581;2556;2536;2500;2438;2401;2389;2362;2325;
0611032;"Adamów (2)";5811;5752;5680;5623;5594;5243;5237;5165;5116;5063;
0611042;"Krzywda (2)";10640;10553;10520;10526;10451;9962;9889;9816;9766;9681;
0611052;"Łuków (2)";17825;17966;18028;18148;18230;18271;18401;18479;18550;18569;
0611062;"Serokomla (2)";4056;4034;4005;3966;3940;3774;3722;3728;3677;3639;
0611072;"Stanin (2)";9820;9789;9772;9751;9729;9355;9296;9248;9199;9109;
0611082;"Stoczek Łukowski (2)";8042;7992;7921;7860;7793;7424;7304;7228;7202;7126;
0611092;"Trzebieszów (2)";7457;7437;7442;7416;7352;7182;7154;7130;7081;7076;
0611102;"Wojcieszków (2)";7023;7014;6950;6903;6850;6633;6564;6498;6483;6439;
0611112;"Wola Mysłowska (2)";4815;4768;4712;4695;4649;4511;4434;4402;4364;4313;
0612000;"Powiat opolski";60964;60586;60266;59726;59208;57375;56726;56163;55650;55078;
0612012;"Chodel (2)";6717;6682;6658;6623;6565;6450;6396;6338;6286;6252;
0612022;"Józefów nad Wisłą (2)";6743;6721;6666;;;;;;;;
0612023;"Józefów nad Wisłą (3)";;;;6593;6515;6277;6168;6079;6021;5974;
0612024;"Józefów nad Wisłą - miasto (4)";;;;923;920;841;825;817;803;775;
0612025;"Józefów nad Wisłą - obszar wiejski (5)";;;;5670;5595;5436;5343;5262;5218;5199;
0612032;"Karczmiska (2)";5684;5674;5647;5619;5570;5419;5366;5349;5320;5233;
0612042;"Łaziska (2)";4996;4969;4956;4963;4896;4665;4635;4603;4547;4499;
0612053;"Opole Lubelskie (3)";17633;17507;17413;17234;17108;16692;16537;16337;16189;16058;
0612054;"Opole Lubelskie - miasto (4)";8734;8673;8605;8470;8388;8178;8103;7954;7864;7756;
0612055;"Opole Lubelskie - obszar wiejski (5)";8899;8834;8808;8764;8720;8514;8434;8383;8325;8302;
0612063;"Poniatowa (3)";14630;14527;14430;14263;14149;13569;13394;13284;13133;12967;
0612064;"Poniatowa - miasto (4)";9495;9388;9320;9195;9083;8562;8440;8367;8246;8123;
0612065;"Poniatowa - obszar wiejski (5)";5135;5139;5110;5068;5066;5007;4954;4917;4887;4844;
0612072;"Wilków (2)";4561;4506;4496;4431;4405;4303;4230;4173;4154;4095;
0613000;"Powiat parczewski";35628;35441;35140;34954;34711;33491;32934;32608;32223;31832;
0613012;"Dębowa Kłoda (2)";3958;3933;3933;3962;3920;3719;3646;3612;3584;3557;
0613022;"Jabłoń (2)";3933;3928;3846;3861;3874;3641;3615;3555;3523;3465;
0613032;"Milanów (2)";3960;3911;3874;3835;3762;3577;3473;3435;3369;3324;
0613043;"Parczew (3)";14749;14690;14613;14475;14445;14209;13995;13839;13702;13572;
0613044;"Parczew - miasto (4)";10863;10802;10748;10650;10648;10555;10402;10298;10185;10080;
0613045;"Parczew - obszar wiejski (5)";3886;3888;3865;3825;3797;3654;3593;3541;3517;3492;
0613052;"Podedwórze (2)";1684;1686;1661;1634;1615;1571;1524;1530;1497;1469;
0613062;"Siemień (2)";4680;4661;4600;4582;4516;4378;4323;4326;4281;4195;
0613072;"Sosnowica (2)";2664;2632;2613;2605;2579;2396;2358;2311;2267;2250;
0614000;"Powiat puławski";115206;114722;114198;113762;113173;109913;108699;107914;107020;106181;
0614011;"Puławy (1)";48650;48408;48114;47774;47417;45411;44755;44397;43860;43597;
0614022;"Baranów (2)";3999;3982;3948;3915;3886;3694;3661;3598;3557;3479;
0614032;"Janowiec (2)";3675;3657;3675;3677;3668;3660;3628;3595;3560;3543;
0614043;"Kazimierz Dolny (3)";6882;6797;6769;6717;6639;6431;6342;6312;6289;6205;
0614044;"Kazimierz Dolny - miasto (4)";2610;2594;2607;2579;2530;3253;3243;3257;3239;3192;
0614045;"Kazimierz Dolny - obszar wiejski (5)";4272;4203;4162;4138;4109;3178;3099;3055;3050;3013;
0614052;"Końskowola (2)";8955;8915;8882;8862;8813;8610;8534;8440;8376;8298;
0614062;"Kurów (2)";7766;7738;7698;7674;7649;7466;7414;7390;7376;7353;
0614072;"Markuszów (2)";3005;2972;2972;2964;2965;2934;2901;2902;2880;2851;
0614083;"Nałęczów (3)";9024;8974;8955;8993;8962;8777;8694;8630;8604;8506;
0614084;"Nałęczów - miasto (4)";3792;3750;3750;3768;3753;3698;3671;3618;3611;3581;
0614085;"Nałęczów - obszar wiejski (5)";5232;5224;5205;5225;5209;5079;5023;5012;4993;4925;
0614092;"Puławy (2)";11913;12009;11996;12044;12126;12225;12194;12217;12222;12217;
0614102;"Wąwolnica (2)";4799;4764;4724;4687;4621;4447;4380;4309;4205;4073;
0614112;"Żyrzyn (2)";6538;6506;6465;6455;6427;6258;6196;6124;6091;6059;
0615000;"Powiat radzyński";60287;59986;59640;59278;58858;56597;55896;55493;55021;54531;
0615011;"Radzyń Podlaski (1)";16010;15922;15808;15731;15656;14868;14620;14452;14293;14049;
0615022;"Borki (2)";6056;6044;6030;6035;6003;5870;5804;5795;5734;5715;
0615032;"Czemierniki (2)";4470;4437;4394;4365;4310;4128;4093;4059;4033;;
0615033;"Czemierniki (3)";;;;;;;;;;4031;
0615034;"Czemierniki - miasto (4)";;;;;;;;;;1295;
0615035;"Czemierniki - obszar wiejski (5)";;;;;;;;;;2736;
0615042;"Kąkolewnica (2)";8269;8252;8209;8102;8024;7759;7687;7601;7547;7472;
0615052;"Komarówka Podlaska (2)";4395;4340;4295;4250;4185;3992;3911;3877;3809;3765;
0615062;"Radzyń Podlaski (2)";8107;8110;8099;8086;8072;7951;7912;7911;7899;7909;
0615072;"Ulan-Majorat (2)";6086;6037;6030;6016;6000;5666;5588;5552;5523;5481;
0615082;"Wohyń (2)";6894;6844;6775;6693;6608;6363;6281;6246;6183;6109;
0616000;"Powiat rycki";57388;57005;56765;56166;55988;53152;52486;52021;51557;50898;
0616011;"Dęblin (1)";16722;16526;16398;16149;16058;14884;14504;14330;14132;13842;
0616022;"Kłoczew (2)";7308;7267;7245;7189;7142;6935;6874;6844;6815;6749;
0616032;"Nowodwór (2)";4205;4185;4158;4099;4072;3949;3930;3919;3891;3873;
0616043;"Ryki (3)";20655;20575;20510;20391;20386;19552;19443;19292;19139;18966;
0616044;"Ryki - miasto (4)";9886;9818;9768;9667;9634;9228;9200;9098;8985;8877;
0616045;"Ryki - obszar wiejski (5)";10769;10757;10742;10724;10752;10324;10243;10194;10154;10089;
0616052;"Stężyca (2)";5261;5274;5221;5157;5140;4910;4846;4792;4757;4692;
0616062;"Ułęż (2)";3237;3178;3233;3181;3190;2922;2889;2844;2823;2776;
0617000;"Powiat świdnicki";72642;72495;72412;72039;71840;70777;70125;69586;69274;68991;
0617011;"Świdnik (1)";40040;39885;39732;39312;39136;37990;37396;36992;36680;36468;
0617022;"Mełgiew (2)";9448;9550;9640;9780;9928;10459;10602;10659;10785;10839;
0617033;"Piaski (3)";10563;10545;10580;10551;10530;10352;10332;10251;10201;10127;
0617034;"Piaski - miasto (4)";2629;2608;2598;2556;2573;2481;2458;2433;2416;2412;
0617035;"Piaski - obszar wiejski (5)";7934;7937;7982;7995;7957;7871;7874;7818;7785;7715;
0617042;"Rybczewice (2)";3536;3492;3445;3421;3362;3296;3251;3187;3179;3174;
0617052;"Trawniki (2)";9055;9023;9015;8975;8884;8680;8544;8497;8429;8383;
0618000;"Powiat tomaszowski";85705;85105;84429;83715;82762;79909;78805;77963;77016;76155;
0618011;"Tomaszów Lubelski (1)";19605;19472;19365;19198;19035;18679;18291;18061;17848;17598;
0618022;"Bełżec (2)";3390;3397;3365;3337;3315;3230;3206;3137;3091;3078;
0618032;"Jarczów (2)";3554;3518;3486;3438;3371;3243;3225;3170;3144;3129;
0618042;"Krynice (2)";3360;3312;3274;3260;3217;3107;3064;3030;2974;2952;
0618052;"Lubycza Królewska (2)";6444;;;;;;;;;;
0618053;"Lubycza Królewska (3)";;6358;6296;6217;6169;5792;5716;5640;5552;5441;
0618054;"Lubycza Królewska - miasto (4)";;2468;2469;2443;2440;2202;2187;2163;2142;2092;
0618055;"Lubycza Królewska - obszar wiejski (5)";;3890;3827;3774;3729;3590;3529;3477;3410;3349;
0618063;"Łaszczów (3)";6293;6200;6132;6063;5973;5678;5626;5567;5465;5404;
0618064;"Łaszczów - miasto (4)";2202;2170;2190;2154;2128;2022;1987;1982;1961;1937;
0618065;"Łaszczów - obszar wiejski (5)";4091;4030;3942;3909;3845;3656;3639;3585;3504;3467;
0618072;"Rachanie (2)";5318;5275;5222;5155;5068;4808;4701;4658;4603;4540;
0618082;"Susiec (2)";7622;7608;7537;7497;7432;7188;7085;7023;6929;6814;
0618092;"Tarnawatka (2)";3955;3956;3947;3941;3894;3834;3811;3792;3764;3740;
0618102;"Telatyn (2)";4152;4090;4037;3992;3901;3708;3660;3582;3500;3431;
0618112;"Tomaszów Lubelski (2)";11367;11379;11373;11393;11358;11075;11055;11109;11108;11082;
0618123;"Tyszowce (3)";5754;5716;5665;5605;5509;5344;5240;5151;5089;5042;
0618124;"Tyszowce - miasto (4)";2124;2129;2120;2132;2091;1941;1871;1852;1821;1815;
0618125;"Tyszowce - obszar wiejski (5)";3630;3587;3545;3473;3418;3403;3369;3299;3268;3227;
0618132;"Ulhówek (2)";4891;4824;4730;4619;4520;4223;4125;4043;3949;3904;
0619000;"Powiat włodawski";39280;39084;38853;38668;38353;36662;36169;35802;35399;34989;
0619011;"Włodawa (1)";13562;13415;13350;13220;13066;12534;12364;12266;12123;11934;
0619022;"Hanna (2)";3009;2957;2941;2905;2844;2638;2573;2536;2481;2428;
0619032;"Hańsk (2)";3802;3774;3766;3750;3697;3559;3497;3439;3384;3375;
0619042;"Stary Brus (2)";2119;2121;2113;2103;2097;1933;1881;1819;1808;1777;
0619052;"Urszulin (2)";4119;4141;4135;4179;4146;4150;4099;4082;4073;4045;
0619062;"Włodawa (2)";6053;6094;6058;6059;6089;5779;5753;5738;5719;5696;
0619072;"Wola Uhruska (2)";3974;3947;3878;3879;3848;3705;3659;3623;3594;3564;
0619082;"Wyryki (2)";2642;2635;2612;2573;2566;2364;2343;2299;2217;2170;
0620000;"Powiat zamojski";108393;107928;107565;106935;106122;103183;102181;101388;100753;100017;
0620012;"Adamów (2)";4796;4751;4727;4708;4646;4531;4486;4462;4414;4365;
0620022;"Grabowiec (2)";4200;4160;4082;4013;3949;3733;3665;3601;3550;3530;
0620032;"Komarów-Osada (2)";5221;5151;5067;5023;4939;4637;4583;4500;4422;4392;
0620043;"Krasnobród (3)";7207;7206;7187;7126;7097;6836;6771;6750;6687;6621;
0620044;"Krasnobród - miasto (4)";3117;3133;3138;3094;3101;3020;3011;2999;2967;2937;
0620045;"Krasnobród - obszar wiejski (5)";4090;4073;4049;4032;3996;3816;3760;3751;3720;3684;
0620052;"Łabunie (2)";6271;6226;6292;6237;6235;6030;5979;5927;5881;5844;
0620062;"Miączyn (2)";5992;5931;5874;5818;5726;5333;5211;5123;5010;4912;
0620072;"Nielisz (2)";5648;5568;5540;5488;5427;5257;5164;5090;5065;5038;
0620082;"Radecznica (2)";5957;5889;5801;5720;5644;5264;5177;5117;5065;4980;
0620092;"Sitno (2)";6812;6803;6766;6756;6708;6594;6577;6573;6529;6510;
0620102;"Skierbieszów (2)";5302;5264;5229;5162;5121;4880;4797;4741;4715;4643;
0620112;"Stary Zamość (2)";5276;5252;5218;5190;5163;4989;4948;4859;4803;4772;
0620122;"Sułów (2)";4645;4618;4560;4532;4479;4261;4153;4084;4039;4003;
0620133;"Szczebrzeszyn (3)";11509;11434;11395;11262;11139;10892;10748;10624;10528;10406;
0620134;"Szczebrzeszyn - miasto (4)";5151;5153;5117;5040;4964;4866;4827;4784;4744;4676;
0620135;"Szczebrzeszyn - obszar wiejski (5)";6358;6281;6278;6222;6175;6026;5921;5840;5784;5730;
0620142;"Zamość (2)";22595;22774;22958;23130;23155;23588;23685;23775;23953;23997;
0620153;"Zwierzyniec (3)";6962;6901;6869;6770;6694;6358;6237;6162;6092;6004;
0620154;"Zwierzyniec - miasto (4)";3282;3245;3235;3194;3165;2925;2867;2829;2780;2737;
0620155;"Zwierzyniec - obszar wiejski (5)";3680;3656;3634;3576;3529;3433;3370;3333;3312;3267;
0661000;"Powiat m. Biała Podlaska";57414;57303;57545;57352;57170;55532;55100;54768;54453;53888;
0661011;"Biała Podlaska (1)";57414;57303;57545;57352;57170;55532;55100;54768;54453;53888;
0662000;"Powiat m. Chełm";64270;63734;63333;62670;61932;59711;58805;57933;57214;56434;
0662011;"Chełm (1)";64270;63734;63333;62670;61932;59711;58805;57933;57214;56434;
0663000;"Powiat m. Lublin";340727;340466;339850;339682;339784;335114;332852;331243;329565;328305;
0663011;"Lublin (1)";340727;340466;339850;339682;339784;335114;332852;331243;329565;328305;
0664000;"Powiat m. Zamość";64788;64648;64354;63813;63437;60375;59603;58942;58231;57516;
0664011;"Zamość (1)";64788;64648;64354;63813;63437;60375;59603;58942;58231;57516;
0800000;"LUBUSKIE";1018075;1017376;1016832;1014548;1011592;993329;985487;979976;975023;969819;
0801000;"Powiat gorzowski";70929;71234;71438;71549;71836;72472;72905;73480;73897;74079;
0801011;"Kostrzyn nad Odrą (1)";18031;18055;17918;17776;17730;17930;17885;17704;17591;17428;
0801022;"Bogdaniec (2)";7089;7102;7109;7140;7104;7087;7129;7150;7184;7171;
0801032;"Deszczno (2)";9339;9522;9659;9779;9942;10215;10393;10662;10916;11064;
0801042;"Kłodawa (2)";8298;8407;8506;8609;8677;8871;9063;9211;9335;9451;
0801052;"Lubiszyn (2)";6894;6873;6907;6876;6878;6970;6984;7107;7156;7194;
0801062;"Santok (2)";8216;8277;8382;8486;8636;9086;9238;9421;9570;9707;
0801073;"Witnica (3)";13062;12998;12957;12883;12869;12313;12213;12225;12145;12064;
0801074;"Witnica - miasto (4)";6908;6822;6821;6763;6731;6530;6481;6447;6434;6364;
0801075;"Witnica - obszar wiejski (5)";6154;6176;6136;6120;6138;5783;5732;5778;5711;5700;
0802000;"Powiat krośnieński";55943;55759;55512;55245;54829;53918;53460;53105;52717;52187;
0802011;"Gubin (1)";16815;16773;16740;16687;16614;16159;15955;15798;15606;15375;
0802022;"Bobrowice (2)";3203;3219;3210;3205;3178;3127;3085;3053;3033;2998;
0802032;"Bytnica (2)";2542;2514;2523;2520;2507;2360;2329;2291;2286;2260;
0802042;"Dąbie (2)";5045;5025;4989;4943;4923;4946;4896;4918;4920;4937;
0802052;"Gubin (2)";7299;7295;7239;7168;7138;7167;7187;7192;7207;7178;
0802063;"Krosno Odrzańskie (3)";18157;18105;17980;17898;17670;17391;17268;17105;16942;16705;
0802064;"Krosno Odrzańskie - miasto (4)";11637;11606;11524;11378;11238;10945;10835;10679;10533;10315;
0802065;"Krosno Odrzańskie - obszar wiejski (5)";6520;6499;6456;6520;6432;6446;6433;6426;6409;6390;
0802072;"Maszewo (2)";2882;2828;2831;2824;2799;2768;2740;2748;2723;2734;
0803000;"Powiat międzyrzecki";58496;58397;58249;58024;57565;56213;55678;55357;54839;54439;
0803012;"Bledzew (2)";4465;4440;4427;4401;4344;4073;4006;3977;3894;3852;
0803023;"Międzyrzecz (3)";25113;25101;25148;25039;24815;24271;24073;23920;23698;23486;
0803024;"Międzyrzecz - miasto (4)";18392;18309;18255;18099;17839;17463;17256;17057;16831;16593;
0803025;"Międzyrzecz - obszar wiejski (5)";6721;6792;6893;6940;6976;6808;6817;6863;6867;6893;
0803032;"Przytoczna (2)";5742;5708;5662;5632;5627;5441;5376;5359;5331;5266;
0803042;"Pszczew (2)";4267;4300;4295;4288;4269;4249;4246;4203;4173;4178;
0803053;"Skwierzyna (3)";12372;12303;12201;12208;12103;11836;11700;11647;11513;11433;
0803054;"Skwierzyna - miasto (4)";9797;9732;9669;9698;9593;9318;9222;9186;9078;8987;
0803055;"Skwierzyna - obszar wiejski (5)";2575;2571;2532;2510;2510;2518;2478;2461;2435;2446;
0803063;"Trzciel (3)";6537;6545;6516;6456;6407;6343;6277;6251;6230;6224;
0803064;"Trzciel - miasto (4)";2475;2494;2445;2389;2358;2285;2243;2244;2221;2215;
0803065;"Trzciel - obszar wiejski (5)";4062;4051;4071;4067;4049;4058;4034;4007;4009;4009;
0804000;"Powiat nowosolski";87339;87127;86949;86634;86156;83601;83014;82619;82281;81809;
0804011;"Nowa Sól (1)";39512;39258;39098;38843;38645;36976;36569;36327;36040;35545;
0804023;"Bytom Odrzański (3)";5490;5499;5465;5440;5426;5168;5142;5107;5089;5071;
0804024;"Bytom Odrzański - miasto (4)";4387;4391;4365;4331;4308;4062;4010;3983;3910;3870;
0804025;"Bytom Odrzański - obszar wiejski (5)";1103;1108;1100;1109;1118;1106;1132;1124;1179;1201;
0804032;"Kolsko (2)";3346;3324;3306;3333;3311;3292;3261;3237;3208;3204;
0804043;"Kożuchów (3)";16158;16085;16085;16056;15881;15541;15411;15276;15223;15162;
0804044;"Kożuchów - miasto (4)";9604;9519;9520;9490;9356;9161;9038;8945;8892;8825;
0804045;"Kożuchów - obszar wiejski (5)";6554;6566;6565;6566;6525;6380;6373;6331;6331;6337;
0804052;"Nowa Sól (2)";6846;6905;6944;6969;6943;7143;7203;7265;7328;7433;
0804063;"Nowe Miasteczko (3)";5488;5477;5445;5391;5358;5162;5064;5050;5025;4970;
0804064;"Nowe Miasteczko - miasto (4)";2857;2842;2816;2770;2757;2706;2652;2654;2636;2599;
0804065;"Nowe Miasteczko - obszar wiejski (5)";2631;2635;2629;2621;2601;2456;2412;2396;2389;2371;
0804072;"Otyń (2)";6892;6911;6953;;;;;;;;
0804073;"Otyń (3)";;;;6980;7012;6955;7006;7024;7049;7129;
0804074;"Otyń - miasto (4)";;;;1601;1637;1656;1702;1732;1758;1783;
0804075;"Otyń - obszar wiejski (5)";;;;5379;5375;5299;5304;5292;5291;5346;
0804082;"Siedlisko (2)";3607;3668;3653;3622;3580;3364;3358;3333;3319;3295;
0805000;"Powiat słubicki";47275;47093;47068;47101;46929;46429;46114;45965;45854;45679;
0805013;"Cybinka (3)";6606;6611;6506;6515;6469;6388;6305;6232;6150;6126;
0805014;"Cybinka - miasto (4)";2791;2798;2755;2756;2751;2746;2683;2674;2656;2646;
0805015;"Cybinka - obszar wiejski (5)";3815;3813;3751;3759;3718;3642;3622;3558;3494;3480;
0805022;"Górzyca (2)";4264;4254;4249;4286;4299;4142;4104;4077;4063;4094;
0805033;"Ośno Lubuskie (3)";6432;6405;6427;6456;6376;6244;6228;6228;6167;6112;
0805034;"Ośno Lubuskie - miasto (4)";3880;3888;3911;3949;3915;3883;3906;3915;3889;3867;
0805035;"Ośno Lubuskie - obszar wiejski (5)";2552;2517;2516;2507;2461;2361;2322;2313;2278;2245;
0805043;"Rzepin (3)";9964;9852;9809;9775;9714;9527;9440;9383;9437;9384;
0805044;"Rzepin - miasto (4)";6666;6606;6590;6564;6505;6495;6447;6421;6404;6348;
0805045;"Rzepin - obszar wiejski (5)";3298;3246;3219;3211;3209;3032;2993;2962;3033;3036;
0805053;"Słubice (3)";20009;19971;20077;20069;20071;20128;20037;20045;20037;19963;
0805054;"Słubice - miasto (4)";16918;16800;16816;16773;16644;16556;16401;16339;16255;16090;
0805055;"Słubice - obszar wiejski (5)";3091;3171;3261;3296;3427;3572;3636;3706;3782;3873;
0806000;"Powiat strzelecko-drezdenecki";50061;49842;49701;49366;49009;47891;47436;47002;46658;46204;
0806013;"Dobiegniew (3)";6688;6673;6664;6597;6536;6350;6271;6215;6159;6082;
0806014;"Dobiegniew - miasto (4)";3095;3091;3087;3088;3071;3051;3041;3004;2985;2973;
0806015;"Dobiegniew - obszar wiejski (5)";3593;3582;3577;3509;3465;3299;3230;3211;3174;3109;
0806023;"Drezdenko (3)";17447;17360;17381;17236;17100;16772;16588;16443;16315;16157;
0806024;"Drezdenko - miasto (4)";10377;10340;10282;10182;10074;9850;9683;9574;9455;9344;
0806025;"Drezdenko - obszar wiejski (5)";7070;7020;7099;7054;7026;6922;6905;6869;6860;6813;
0806032;"Stare Kurowo (2)";4147;4130;4083;4082;4062;3963;3938;3939;3922;3887;
0806043;"Strzelce Krajeńskie (3)";17357;17292;17213;17097;16993;16588;16439;16252;16129;15947;
0806044;"Strzelce Krajeńskie - miasto (4)";10120;10070;10012;9969;9916;9949;9868;9754;9705;9608;
0806045;"Strzelce Krajeńskie - obszar wiejski (5)";7237;7222;7201;7128;7077;6639;6571;6498;6424;6339;
0806052;"Zwierzyn (2)";4422;4387;4360;4354;4318;4218;4200;4153;4133;4131;
0807000;"Powiat sulęciński";35596;35409;35351;35297;35193;34392;34002;33771;33495;33191;
0807012;"Krzeszyce (2)";4765;4726;4738;4748;4729;4594;4584;4566;4583;4576;
0807023;"Lubniewice (3)";3135;3122;3116;3140;3158;3060;3042;3036;3041;3004;
0807024;"Lubniewice - miasto (4)";2055;2037;2019;2042;2082;2020;2000;1990;2004;1981;
0807025;"Lubniewice - obszar wiejski (5)";1080;1085;1097;1098;1076;1040;1042;1046;1037;1023;
0807032;"Słońsk (2)";4753;4797;4737;4748;4733;4761;4700;4638;4613;4599;
0807043;"Sulęcin (3)";16023;15947;15912;15814;15745;15518;15261;15185;15028;14861;
0807044;"Sulęcin - miasto (4)";10231;10203;10168;10157;10096;10011;9864;9818;9738;9607;
0807045;"Sulęcin - obszar wiejski (5)";5792;5744;5744;5657;5649;5507;5397;5367;5290;5254;
0807053;"Torzym (3)";6920;6817;6848;6847;6828;6459;6415;6346;6230;6151;
0807054;"Torzym - miasto (4)";2561;2513;2529;2524;2541;2469;2443;2431;2391;2374;
0807055;"Torzym - obszar wiejski (5)";4359;4304;4319;4323;4287;3990;3972;3915;3839;3777;
0808000;"Powiat świebodziński";56290;56204;56095;55840;55790;54943;54673;54268;53961;53609;
0808012;"Lubrza (2)";3538;3562;3549;3537;3567;3585;3598;3583;3581;3571;
0808022;"Łagów (2)";5005;5024;5010;5001;4947;4857;4801;4783;4727;4689;
0808032;"Skąpe (2)";5167;5116;5115;5078;5103;5138;5174;5074;5014;4835;
0808042;"Szczaniec (2)";3916;3886;3872;3861;3836;3736;3719;3666;3646;3634;
0808053;"Świebodzin (3)";30282;30256;30198;30048;29984;29541;29280;29074;28909;28871;
0808054;"Świebodzin - miasto (4)";21963;22010;21954;21763;21685;21463;21254;21035;20778;20668;
0808055;"Świebodzin - obszar wiejski (5)";8319;8246;8244;8285;8299;8078;8026;8039;8131;8203;
0808063;"Zbąszynek (3)";8382;8360;8351;8315;8353;8086;8101;8088;8084;8009;
0808064;"Zbąszynek - miasto (4)";5054;5026;5042;5021;5032;4934;4929;4921;4898;4842;
0808065;"Zbąszynek - obszar wiejski (5)";3328;3334;3309;3294;3321;3152;3172;3167;3186;3167;
0809000;"Powiat zielonogórski";75219;75314;75558;75750;75559;75145;74898;74967;75077;74754;
0809013;"Babimost (3)";6251;6277;6190;6202;6226;6117;6089;6096;6062;6026;
0809014;"Babimost - miasto (4)";3943;3968;3923;3927;3923;3883;3832;3837;3818;3790;
0809015;"Babimost - obszar wiejski (5)";2308;2309;2267;2275;2303;2234;2257;2259;2244;2236;
0809022;"Bojadła (2)";3318;3292;3280;3269;3277;3237;3213;3179;3165;3111;
0809033;"Czerwieńsk (3)";9963;9973;10055;10050;9979;10044;10028;10067;10131;10161;
0809034;"Czerwieńsk - miasto (4)";4115;4108;4094;4063;3988;3921;3874;3812;3776;3723;
0809035;"Czerwieńsk - obszar wiejski (5)";5848;5865;5961;5987;5991;6123;6154;6255;6355;6438;
0809043;"Kargowa (3)";5862;5826;5851;5829;5821;5946;5897;5898;5923;5899;
0809044;"Kargowa - miasto (4)";3778;3753;3766;3754;3768;3836;3810;3797;3827;3817;
0809045;"Kargowa - obszar wiejski (5)";2084;2073;2085;2075;2053;2110;2087;2101;2096;2082;
0809053;"Nowogród Bobrzański (3)";9454;9431;9454;9490;9441;9142;9067;9049;8998;8876;
0809054;"Nowogród Bobrzański - miasto (4)";5147;5147;5172;5188;5134;4870;4841;4804;4767;4675;
0809055;"Nowogród Bobrzański - obszar wiejski (5)";4307;4284;4282;4302;4307;4272;4226;4245;4231;4201;
0809063;"Sulechów (3)";26453;26434;26498;26588;26521;26128;26026;26005;25982;25875;
0809064;"Sulechów - miasto (4)";17176;17069;17012;16925;16750;16126;15881;15676;15467;15330;
0809065;"Sulechów - obszar wiejski (5)";9277;9365;9486;9663;9771;10002;10145;10329;10515;10545;
0809072;"Świdnica (2)";6467;6519;6573;6619;6602;6780;6771;6844;6916;6903;
0809082;"Trzebiechów (2)";3405;3427;3446;3426;3371;3235;3207;3173;3159;3095;
0809092;"Zabór (2)";4046;4135;4211;4277;4321;4516;4600;4656;4741;4808;
0810000;"Powiat żagański";80997;80633;80114;79583;78953;76022;75194;74390;73604;72933;
0810011;"Gozdnica (1)";3195;3172;3100;3061;3000;2863;2812;2779;2726;2681;
0810021;"Żagań (1)";26235;26188;26148;25812;25668;24489;24130;23730;23462;23136;
0810032;"Brzeźnica (2)";3774;3749;3728;3763;3733;3573;3520;3500;3461;3425;
0810043;"Iłowa (3)";6990;6964;6931;6882;6842;6540;6500;6444;6351;6303;
0810044;"Iłowa - miasto (4)";3978;3964;3947;3912;3874;3723;3685;3652;3593;3547;
0810045;"Iłowa - obszar wiejski (5)";3012;3000;2984;2970;2968;2817;2815;2792;2758;2756;
0810053;"Małomice (3)";5321;5265;5261;5206;5174;5197;5155;5152;5143;5134;
0810054;"Małomice - miasto (4)";3580;3523;3512;3489;3458;3469;3439;3442;3420;3396;
0810055;"Małomice - obszar wiejski (5)";1741;1742;1749;1717;1716;1728;1716;1710;1723;1738;
0810062;"Niegosławice (2)";4536;4502;4457;4446;4357;4292;4286;4267;4250;4238;
0810073;"Szprotawa (3)";21335;21164;20925;20795;20610;19771;19479;19220;18973;18800;
0810074;"Szprotawa - miasto (4)";12176;12082;11944;11912;11711;11115;10954;10747;10554;10363;
0810075;"Szprotawa - obszar wiejski (5)";9159;9082;8981;8883;8899;8656;8525;8473;8419;8437;
0810082;"Wymiarki (2)";2356;2334;2321;2297;2263;2164;2134;2119;2079;2053;
0810092;"Żagań (2)";7255;7295;7243;7321;7306;7133;7178;7179;7159;7163;
0811000;"Powiat żarski";98160;97783;97487;96876;96111;93662;92752;91897;91210;90364;
0811011;"Łęknica (1)";2531;2508;2500;2483;2459;2324;2290;2277;2238;2195;
0811021;"Żary (1)";38287;38048;37907;37682;37304;36159;35673;35198;34837;34389;
0811032;"Brody (2)";3440;3450;3409;3416;3404;3253;3226;3182;3129;;
0811033;"Brody (3)";;;;;;;;;;3099;
0811034;"Brody - miasto (4)";;;;;;;;;;845;
0811035;"Brody - obszar wiejski (5)";;;;;;;;;;2254;
0811043;"Jasień (3)";7169;7126;7102;7069;6991;6875;6783;6730;6695;6637;
0811044;"Jasień - miasto (4)";4405;4381;4348;4328;4262;4177;4121;4071;4037;3984;
0811045;"Jasień - obszar wiejski (5)";2764;2745;2754;2741;2729;2698;2662;2659;2658;2653;
0811052;"Lipinki Łużyckie (2)";3307;3321;3359;3377;3375;3287;3275;3257;3241;3229;
0811063;"Lubsko (3)";18968;18829;18771;18550;18404;17783;17586;17404;17243;17052;
0811064;"Lubsko - miasto (4)";14335;14221;14182;14000;13876;13300;13109;12971;12858;12697;
0811065;"Lubsko - obszar wiejski (5)";4633;4608;4589;4550;4528;4483;4477;4433;4385;4355;
0811072;"Przewóz (2)";3224;3208;3200;3165;3132;3060;3043;3031;3001;2998;
0811082;"Trzebiel (2)";5724;5764;5748;5692;5668;5568;5543;5503;5463;5400;
0811092;"Tuplice (2)";3159;3138;3117;3072;3042;2987;2967;2898;2888;2856;
0811102;"Żary (2)";12351;12391;12374;12370;12332;12366;12366;12417;12475;12509;
0812000;"Powiat wschowski";39297;39256;39196;39065;38831;37967;37683;37441;37251;37002;
0812013;"Sława (3)";12630;12688;12729;12747;12682;12556;12472;12434;12420;12380;
0812014;"Sława - miasto (4)";4307;4333;4311;4316;4290;4177;4145;4126;4103;4074;
0812015;"Sława - obszar wiejski (5)";8323;8355;8418;8431;8392;8379;8327;8308;8317;8306;
0812023;"Szlichtyngowa (3)";5088;5072;5039;5078;5015;4859;4840;4834;4818;4786;
0812024;"Szlichtyngowa - miasto (4)";1317;1301;1289;1288;1274;1255;1246;1261;1257;1240;
0812025;"Szlichtyngowa - obszar wiejski (5)";3771;3771;3750;3790;3741;3604;3594;3573;3561;3546;
0812033;"Wschowa (3)";21579;21496;21428;21240;21134;20552;20371;20173;20013;19836;
0812034;"Wschowa - miasto (4)";14217;14123;14084;13953;13851;13554;13353;13166;12991;12843;
0812035;"Wschowa - obszar wiejski (5)";7362;7373;7344;7287;7283;6998;7018;7007;7022;6993;
0861000;"Powiat m. Gorzów Wielkopolski";123762;123995;124295;123921;123609;120526;118011;116436;115247;114700;
0861011;"Gorzów Wielkopolski (1)";123762;123995;124295;123921;123609;120526;118011;116436;115247;114700;
0862000;"Powiat m. Zielona Góra";138711;139330;139819;140297;141222;140148;139667;139278;138932;138869;
0862011;"Zielona Góra (1)";138711;139330;139819;140297;141222;140148;139667;139278;138932;138869;
1000000;"ŁÓDZKIE";2493603;2485323;2476315;2466322;2454779;2415816;2394946;2378483;2362519;2345924;
1001000;"Powiat bełchatowski";112916;113004;113028;112997;112779;110229;109588;109035;108599;108003;
1001011;"Bełchatów (1)";58667;58326;57964;57432;56973;54547;53718;52851;52331;51637;
1001022;"Bełchatów (2)";10857;11048;11283;11436;11572;12339;12575;12931;13105;13296;
1001032;"Drużbice (2)";5153;5151;5154;5235;5237;5247;5247;5271;5280;5242;
1001042;"Kleszczów (2)";5594;5807;5974;6181;6335;6066;6151;6208;6287;6425;
1001052;"Kluki (2)";4309;4335;4328;4349;4372;4350;4341;4337;4318;4298;
1001062;"Rusiec (2)";5171;5161;5139;5120;5080;4931;4900;4829;4770;4749;
1001072;"Szczerców (2)";8097;8134;8164;8216;8255;8182;8149;8165;8159;8116;
1001083;"Zelów (3)";15068;15042;15022;15028;14955;14567;14507;14443;14349;14240;
1001084;"Zelów - miasto (4)";7737;7725;7665;7636;7541;7318;7217;7152;7059;6930;
1001085;"Zelów - obszar wiejski (5)";7331;7317;7357;7392;7414;7249;7290;7291;7290;7310;
1002000;"Powiat kutnowski";99258;98583;98018;97295;96569;93670;92544;91563;90671;89709;
1002011;"Kutno (1)";45024;44718;44513;44172;43911;42377;41754;41231;40723;40349;
1002022;"Bedlno (2)";5590;5515;5453;5386;5349;5314;5207;5116;5075;4989;
1002032;"Dąbrowice (2)";1923;1912;1905;1894;1902;1830;1808;1811;;;
1002033;"Dąbrowice (3)";;;;;;;;;1783;1760;
1002034;"Dąbrowice - miasto (4)";;;;;;;;;951;947;
1002035;"Dąbrowice - obszar wiejski (5)";;;;;;;;;832;813;
1002043;"Krośniewice (3)";8695;8613;8520;8458;8343;8022;7922;7813;7720;7613;
1002044;"Krośniewice - miasto (4)";4486;4458;4426;4375;4322;4167;4121;4047;3991;3935;
1002045;"Krośniewice - obszar wiejski (5)";4209;4155;4094;4083;4021;3855;3801;3766;3729;3678;
1002052;"Krzyżanów (2)";4298;4292;4274;4247;4231;4053;4043;4013;4005;3984;
1002062;"Kutno (2)";8723;8741;8760;8720;8716;8869;8875;8888;8968;8910;
1002072;"Łanięta (2)";2470;2465;2450;2459;2430;2272;2238;2209;2186;2154;
1002082;"Nowe Ostrowy (2)";3560;3504;3496;3480;3443;3296;3261;3241;3200;3173;
1002092;"Oporów (2)";2633;2610;2594;2546;2495;2446;2418;2431;2415;2365;
1002102;"Strzelce (2)";4059;4023;3969;3947;3913;3798;3785;3743;3720;3686;
1002113;"Żychlin (3)";12283;12190;12084;11986;11836;11393;11233;11067;10876;10726;
1002114;"Żychlin - miasto (4)";8453;8376;8288;8220;8109;7840;7743;7647;7494;7401;
1002115;"Żychlin - obszar wiejski (5)";3830;3814;3796;3766;3727;3553;3490;3420;3382;3325;
1003000;"Powiat łaski";50282;50285;50224;50103;49918;49355;49159;48992;48742;48498;
1003012;"Buczek (2)";5106;5077;5077;5087;5093;5051;5067;5055;5041;5012;
1003023;"Łask (3)";27899;27936;27876;27747;27654;27281;27155;27038;26898;26788;
1003024;"Łask - miasto (4)";17671;17604;17484;17344;17143;16623;16385;16191;16058;15849;
1003025;"Łask - obszar wiejski (5)";10228;10332;10392;10403;10511;10658;10770;10847;10840;10939;
1003032;"Sędziejowice (2)";6395;6429;6419;6413;6370;6281;6248;6227;6203;6147;
1003042;"Widawa (2)";7502;7474;7439;7393;7315;7109;6992;6953;6863;6779;
1003052;"Wodzierady (2)";3380;3369;3413;3463;3486;3633;3697;3719;3737;3772;
1004000;"Powiat łęczycki";51062;50769;50527;50143;49747;48000;47438;47002;46666;46137;
1004011;"Łęczyca (1)";14512;14362;14252;14094;13971;13538;13340;13183;13065;12853;
1004022;"Daszyna (2)";3983;3964;3933;3896;3878;3760;3687;3675;3629;3589;
1004032;"Góra Świętej Małgorzaty (2)";4431;4412;4406;4402;4345;4304;4264;4262;4251;4197;
1004042;"Grabów (2)";6122;6086;6055;5997;5892;5522;5421;5360;5298;;
1004043;"Grabów (3)";;;;;;;;;;5263;
1004044;"Grabów - miasto (4)";;;;;;;;;;1008;
1004045;"Grabów - obszar wiejski (5)";;;;;;;;;;4255;
1004052;"Łęczyca (2)";8530;8539;8538;8532;8554;8351;8291;8220;8184;8143;
1004062;"Piątek (2)";6188;6112;6094;6037;5982;;;;;;
1004063;"Piątek (3)";;;;;;5728;5671;5609;5576;5516;
1004064;"Piątek - miasto (4)";;;;;;1643;1604;1569;1551;1541;
1004065;"Piątek - obszar wiejski (5)";;;;;;4085;4067;4040;4025;3975;
1004072;"Świnice Warckie (2)";3986;3972;3950;3923;3888;3703;3686;3638;3640;3606;
1004082;"Witonia (2)";3310;3322;3299;3262;3237;3094;3078;3055;3023;2970;
1005000;"Powiat łowicki";79631;79340;78994;78616;78099;75887;75109;74606;74009;73368;
1005011;"Łowicz (1)";28936;28811;28704;28501;28224;27038;26582;26247;25972;25611;
1005022;"Bielawy (2)";5605;5543;5454;5385;5325;5219;5159;5088;5009;4953;
1005032;"Chąśno (2)";2960;2949;2924;2919;2907;2917;2882;2879;2887;2876;
1005042;"Domaniewice (2)";4665;4659;4659;4664;4650;4549;4535;4551;4524;4533;
1005052;"Kiernozia (2)";3464;3462;3420;3408;3366;3213;3167;3125;3074;;
1005053;"Kiernozia (3)";;;;;;;;;;3037;
1005054;"Kiernozia - miasto (4)";;;;;;;;;;794;
1005055;"Kiernozia - obszar wiejski (5)";;;;;;;;;;2243;
1005062;"Kocierzew Południowy (2)";4332;4317;4285;4249;4204;4146;4089;4035;3981;3968;
1005072;"Łowicz (2)";7646;7684;7706;7708;7710;7647;7666;7710;7730;7741;
1005082;"Łyszkowice (2)";6727;6705;6690;6693;6693;6546;6464;6472;6423;6379;
1005092;"Nieborów (2)";9448;9401;9390;9396;9321;9285;9279;9244;9220;9157;
1005102;"Zduny (2)";5848;5809;5762;5693;5699;5327;5286;5255;5189;5113;
1006000;"Powiat łódzki wschodni";70430;70796;71182;71705;72179;73688;73991;74361;74706;75149;
1006022;"Andrespol (2)";13422;13540;13661;13795;14205;14391;14539;14595;14752;14838;
1006032;"Brójce (2)";6390;6467;6517;6548;6672;7103;7148;7251;7285;7344;
1006073;"Koluszki (3)";23636;23609;23639;23662;23368;23081;23048;22903;22799;22713;
1006074;"Koluszki - miasto (4)";13302;13246;13148;13026;12928;12403;12318;12143;12046;11925;
1006075;"Koluszki - obszar wiejski (5)";10334;10363;10491;10636;10440;10678;10730;10760;10753;10788;
1006082;"Nowosolna (2)";4721;4786;4850;4963;5084;5439;5533;5634;5710;5811;
1006103;"Rzgów (3)";10028;10121;10183;10348;10459;10991;11086;11236;11347;11563;
1006104;"Rzgów - miasto (4)";3396;3378;3385;3401;3371;3450;3445;3442;3457;3453;
1006105;"Rzgów - obszar wiejski (5)";6632;6743;6798;6947;7088;7541;7641;7794;7890;8110;
1006113;"Tuszyn (3)";12233;12273;12332;12389;12391;12683;12637;12742;12813;12880;
1006114;"Tuszyn - miasto (4)";7261;7280;7293;7292;7255;7225;7179;7173;7171;7135;
1006115;"Tuszyn - obszar wiejski (5)";4972;4993;5039;5097;5136;5458;5458;5569;5642;5745;
1007000;"Powiat opoczyński";77457;77203;76984;76623;76106;73604;72960;72310;71776;71234;
1007012;"Białaczów (2)";5853;5845;5820;5802;5767;5635;5592;5540;5498;;
1007013;"Białaczów (3)";;;;;;;;;;5453;
1007014;"Białaczów - miasto (4)";;;;;;;;;;1098;
1007015;"Białaczów - obszar wiejski (5)";;;;;;;;;;4355;
1007023;"Drzewica (3)";10725;10649;10559;10487;10424;10003;9928;9873;9789;9685;
1007024;"Drzewica - miasto (4)";3962;3913;3865;3844;3826;3629;3604;3551;3526;3462;
1007025;"Drzewica - obszar wiejski (5)";6763;6736;6694;6643;6598;6374;6324;6322;6263;6223;
1007032;"Mniszków (2)";4737;4730;4760;4771;4770;4718;4708;4709;4723;4691;
1007043;"Opoczno (3)";34842;34666;34607;34353;34108;32828;32438;32036;31676;31403;
1007044;"Opoczno - miasto (4)";21847;21635;21534;21327;21060;19876;19540;19246;18913;18677;
1007045;"Opoczno - obszar wiejski (5)";12995;13031;13073;13026;13048;12952;12898;12790;12763;12726;
1007052;"Paradyż (2)";4470;4440;4423;4415;4354;4252;4241;4201;4181;4150;
1007062;"Poświętne (2)";3237;3239;3197;3176;3148;2986;2956;2946;2897;2874;
1007072;"Sławno (2)";7554;7610;7640;7672;7627;7528;7510;7461;7468;7457;
1007082;"Żarnów (2)";6039;6024;5978;5947;5908;5654;5587;5544;5544;;
1007083;"Żarnów (3)";;;;;;;;;;5521;
1007084;"Żarnów - miasto (4)";;;;;;;;;;1107;
1007085;"Żarnów - obszar wiejski (5)";;;;;;;;;;4414;
1008000;"Powiat pabianicki";119518;119299;119285;119289;119291;120073;119751;119316;119066;118704;
1008011;"Konstantynów Łódzki (1)";17807;17892;18013;18096;18206;18921;19117;19161;19231;19276;
1008021;"Pabianice (1)";66895;66265;65823;65283;64757;63163;62238;61353;60598;59910;
1008032;"Dłutów (2)";4495;4535;4567;4632;4657;4861;4896;4928;4969;4988;
1008042;"Dobroń (2)";7544;7600;7653;7707;7728;7989;8055;8077;8121;8123;
1008052;"Ksawerów (2)";7673;7704;7684;7694;7668;7649;7596;7652;7665;7656;
1008062;"Lutomiersk (2)";8129;8198;8307;8473;8639;9179;9292;;;;
1008063;"Lutomiersk (3)";;;;;;;;9386;9482;9623;
1008064;"Lutomiersk - miasto (4)";;;;;;;;1581;1574;1566;
1008065;"Lutomiersk - obszar wiejski (5)";;;;;;;;7805;7908;8057;
1008072;"Pabianice (2)";6975;7105;7238;7404;7636;8311;8557;8759;9000;9128;
1009000;"Powiat pajęczański";52023;52003;51851;51597;51220;49834;49349;49064;48575;48086;
1009013;"Działoszyn (3)";12722;12715;12665;12599;12444;11915;11740;11642;11475;11361;
1009014;"Działoszyn - miasto (4)";6089;6040;5950;5922;5810;5501;5384;5330;5239;5154;
1009015;"Działoszyn - obszar wiejski (5)";6633;6675;6715;6677;6634;6414;6356;6312;6236;6207;
1009022;"Kiełczygłów (2)";4112;4096;4074;4032;3981;3887;3824;3812;3772;3741;
1009032;"Nowa Brzeźnica (2)";4663;4645;4609;4573;4558;4444;4417;4378;4332;4272;
1009043;"Pajęczno (3)";11713;11719;11696;11644;11510;11448;11293;11176;11080;10937;
1009044;"Pajęczno - miasto (4)";6808;6829;6792;6781;6662;6589;6473;6410;6370;6281;
1009045;"Pajęczno - obszar wiejski (5)";4905;4890;4904;4863;4848;4859;4820;4766;4710;4656;
1009052;"Rząśnia (2)";4804;4857;4892;4909;4939;4865;4875;4923;4919;4876;
1009062;"Siemkowice (2)";4858;4837;4814;4791;4773;4559;4518;4499;4439;4396;
1009072;"Strzelce Wielkie (2)";4685;4665;4651;4618;4571;4290;4256;4220;4161;4121;
1009082;"Sulmierzyce (2)";4466;4469;4450;4431;4444;4426;4426;4414;4397;4382;
1010000;"Powiat piotrkowski";91283;91334;91301;91315;91353;91036;90571;90519;90121;89717;
1010012;"Aleksandrów (2)";4384;4397;4352;4355;4326;4331;4298;4264;4244;4197;
1010022;"Czarnocin (2)";4076;4095;4111;4108;4131;4116;4096;4053;4016;4026;
1010032;"Gorzkowice (2)";8542;8534;8541;8522;8506;8367;8290;8243;8205;8126;
1010042;"Grabica (2)";6101;6096;6087;6078;6053;6059;6047;6032;6056;6068;
1010052;"Łęki Szlacheckie (2)";3570;3560;3514;3483;3452;3286;3237;3204;3180;3156;
1010062;"Moszczenica (2)";12829;12821;12857;12862;12930;12738;12643;12615;12562;12493;
1010072;"Ręczno (2)";3566;3569;3554;3526;3523;3408;3381;3350;3330;3297;
1010082;"Rozprza (2)";12344;12343;12306;12342;12297;12309;12235;12283;;;
1010083;"Rozprza (3)";;;;;;;;;12186;12172;
1010084;"Rozprza - miasto (4)";;;;;;;;;1622;1623;
1010085;"Rozprza - obszar wiejski (5)";;;;;;;;;10564;10549;
1010093;"Sulejów (3)";16245;16265;16291;16323;16329;16646;16571;16634;16582;16515;
1010094;"Sulejów - miasto (4)";6308;6272;6226;6204;6177;6059;5995;5985;5932;5876;
1010095;"Sulejów - obszar wiejski (5)";9937;9993;10065;10119;10152;10587;10576;10649;10650;10639;
1010102;"Wola Krzysztoporska (2)";11895;11909;11921;11929;11965;11940;11930;11964;11918;11873;
1010113;"Wolbórz (3)";7731;7745;7767;7787;7841;7836;7843;7877;7842;7794;
1010114;"Wolbórz - miasto (4)";2346;2339;2336;2337;2328;2268;2263;2275;2270;2237;
1010115;"Wolbórz - obszar wiejski (5)";5385;5406;5431;5450;5513;5568;5580;5602;5572;5557;
1011000;"Powiat poddębicki";41679;41484;41380;41205;41108;40040;39746;39621;39356;39169;
1011012;"Dalików (2)";3854;3870;3901;3903;3920;3963;3980;3976;4018;4035;
1011022;"Pęczniew (2)";3525;3512;3482;3464;3478;3435;3400;3372;3353;3338;
1011033;"Poddębice (3)";15857;15747;15663;15606;15505;14895;14742;14673;14524;14438;
1011034;"Poddębice - miasto (4)";7724;7630;7530;7448;7374;7009;6904;6853;6756;6674;
1011035;"Poddębice - obszar wiejski (5)";8133;8117;8133;8158;8131;7886;7838;7820;7768;7764;
1011043;"Uniejów (3)";7126;7068;7062;7004;7010;6833;6765;6769;6733;6697;
1011044;"Uniejów - miasto (4)";3015;2984;3011;2984;3000;2923;2930;2950;2982;2974;
1011045;"Uniejów - obszar wiejski (5)";4111;4084;4051;4020;4010;3910;3835;3819;3751;3723;
1011052;"Wartkowice (2)";6295;6255;6260;6229;6228;6101;6094;6102;6059;6052;
1011062;"Zadzim (2)";5022;5032;5012;4999;4967;4813;4765;4729;4669;4609;
1012000;"Powiat radomszczański";115125;114336;113923;113315;112644;109713;108615;107575;106671;105623;
1012011;"Radomsko (1)";47070;46583;46409;46087;45843;44605;43958;43417;42973;42412;
1012022;"Dobryszyce (2)";4395;4402;4393;4454;4502;4574;4581;4579;4596;4621;
1012032;"Gidle (2)";6231;6196;6151;6127;6062;5882;5800;5768;5737;5706;
1012042;"Gomunice (2)";5922;5896;5902;5861;5860;5748;5684;5665;5641;5606;
1012053;"Kamieńsk (3)";6093;6010;5977;5912;5877;5711;5679;5596;5539;5510;
1012054;"Kamieńsk - miasto (4)";2858;2821;2812;2782;2753;2675;2642;2608;2599;2598;
1012055;"Kamieńsk - obszar wiejski (5)";3235;3189;3165;3130;3124;3036;3037;2988;2940;2912;
1012062;"Kobiele Wielkie (2)";4478;4451;4449;4449;4444;4280;4283;4252;4240;4194;
1012072;"Kodrąb (2)";4608;4603;4575;4571;4514;4398;4359;4330;4265;4221;
1012082;"Lgota Wielka (2)";4334;4306;4308;4294;4278;4219;4229;4195;4145;4098;
1012092;"Ładzice (2)";4841;4800;4809;4784;4757;4709;4690;4648;4597;4578;
1012102;"Masłowice (2)";4228;4218;4183;4193;4161;3989;3956;3906;3875;3854;
1012113;"Przedbórz (3)";7297;7263;7262;7217;7122;6809;6709;6647;6569;6437;
1012114;"Przedbórz - miasto (4)";3647;3649;3615;3572;3513;3341;3288;3226;3182;3117;
1012115;"Przedbórz - obszar wiejski (5)";3650;3614;3647;3645;3609;3468;3421;3421;3387;3320;
1012122;"Radomsko (2)";5621;5668;5636;5616;5582;5446;5452;5407;5419;5408;
1012132;"Wielgomłyny (2)";4720;4698;4670;4596;4546;4432;4386;4339;4287;4243;
1012142;"Żytno (2)";5287;5242;5199;5154;5096;4911;4849;4826;4788;4735;
1013000;"Powiat rawski";49239;49081;48997;48808;48592;47178;46749;46415;46082;45664;
1013011;"Rawa Mazowiecka (1)";17608;17561;17480;17404;17324;16459;16249;16090;15941;15783;
1013023;"Biała Rawska (3)";11473;11442;11427;11371;11285;11152;10997;10896;10781;10621;
1013024;"Biała Rawska - miasto (4)";3215;3212;3206;3197;3151;3136;3082;3048;3001;2917;
1013025;"Biała Rawska - obszar wiejski (5)";8258;8230;8221;8174;8134;8016;7915;7848;7780;7704;
1013032;"Cielądz (2)";4049;3992;3981;3979;3965;3887;3932;3942;3923;3878;
1013042;"Rawa Mazowiecka (2)";8696;8707;8750;8747;8788;8638;8650;8635;8623;8619;
1013052;"Regnów (2)";1837;1816;1821;1821;1818;1745;1719;1704;1702;1694;
1013062;"Sadkowice (2)";5576;5563;5538;5486;5412;5297;5202;5148;5112;5069;
1014000;"Powiat sieradzki";119268;119009;118692;118240;117674;114150;113195;112350;111477;110665;
1014011;"Sieradz (1)";42890;42762;42570;42267;41953;40141;39641;39158;38729;38299;
1014023;"Błaszki (3)";14790;14727;14658;14555;14458;14255;14120;14022;13938;13822;
1014024;"Błaszki - miasto (4)";2248;2196;2158;2122;2085;2100;2044;2022;1987;1952;
1014025;"Błaszki - obszar wiejski (5)";12542;12531;12500;12433;12373;12155;12076;12000;11951;11870;
1014032;"Brąszewice (2)";4524;4531;4530;4532;4471;4388;4362;4336;4316;4307;
1014042;"Brzeźnio (2)";6357;6336;6362;6350;6384;6154;6169;6175;6160;6153;
1014052;"Burzenin (2)";5567;5533;5521;5504;5512;5369;5304;5285;5255;5216;
1014062;"Goszczanów (2)";5575;5534;5516;5492;5466;5226;5182;5137;5059;4990;
1014072;"Klonowa (2)";2932;2913;2891;2859;2870;2797;2783;2784;2741;2715;
1014082;"Sieradz (2)";10399;10468;10558;10629;10706;10682;10750;10779;10801;10843;
1014093;"Warta (3)";12897;12844;12784;12737;12636;12149;12015;11904;11798;11719;
1014094;"Warta - miasto (4)";3326;3303;3258;3263;3242;3094;3021;2969;2935;2889;
1014095;"Warta - obszar wiejski (5)";9571;9541;9526;9474;9394;9055;8994;8935;8863;8830;
1014102;"Wróblew (2)";6110;6139;6113;6096;6054;5991;5953;5922;5897;5859;
1014113;"Złoczew (3)";7227;7222;7189;7219;7164;6998;6916;6848;6783;6742;
1014114;"Złoczew - miasto (4)";3355;3371;3351;3384;3363;3445;3407;3417;3403;3384;
1014115;"Złoczew - obszar wiejski (5)";3872;3851;3838;3835;3801;3553;3509;3431;3380;3358;
1015000;"Powiat skierniewicki";38177;38198;38224;38195;38174;38122;37879;37799;37787;37670;
1015012;"Bolimów (2)";4045;4064;4054;4031;4021;3933;3909;;;;
1015013;"Bolimów (3)";;;;;;;;3891;3889;3838;
1015014;"Bolimów - miasto (4)";;;;;;;;899;900;894;
1015015;"Bolimów - obszar wiejski (5)";;;;;;;;2992;2989;2944;
1015022;"Głuchów (2)";5842;5829;5813;5760;5724;5632;5561;5510;5478;5399;
1015032;"Godzianów (2)";2595;2611;2631;2654;2644;2613;2587;2552;2542;2556;
1015042;"Kowiesy (2)";2937;2900;2908;2914;2909;2844;2827;2793;2774;2757;
1015052;"Lipce Reymontowskie (2)";3293;3295;3298;3294;3301;3177;3148;3119;3097;3059;
1015062;"Maków (2)";5996;5988;5981;5956;5983;5997;5987;5977;5977;5941;
1015072;"Nowy Kawęczyn (2)";3375;3369;3382;3383;3370;3410;3386;3378;3398;3417;
1015082;"Skierniewice (2)";7392;7484;7506;7574;7609;7977;7972;8084;8147;8225;
1015092;"Słupia (2)";2702;2658;2651;2629;2613;2539;2502;2495;2485;2478;
1016000;"Powiat tomaszowski";118671;118234;117852;117259;116519;113407;112303;111439;110634;109588;
1016011;"Tomaszów Mazowiecki (1)";63960;63601;63238;62649;61960;59608;58796;58089;57438;56681;
1016022;"Będków (2)";3323;3321;3331;3313;3274;3190;3163;3135;3142;3123;
1016032;"Budziszewice (2)";2201;2193;2181;2183;2149;2102;2098;2095;2077;2069;
1016042;"Czerniewice (2)";5138;5146;5118;5083;5048;4918;4888;4853;4809;4790;
1016052;"Inowłódz (2)";3861;3828;3819;3829;3825;3698;3660;3661;3652;;
1016053;"Inowłódz (3)";;;;;;;;;;3637;
1016054;"Inowłódz - miasto (4)";;;;;;;;;;765;
1016055;"Inowłódz - obszar wiejski (5)";;;;;;;;;;2872;
1016062;"Lubochnia (2)";7211;7198;7162;7161;7197;7396;7320;7258;7163;7146;
1016072;"Rokiciny (2)";6167;6157;6173;6159;6160;6183;6159;6114;6120;5984;
1016082;"Rzeczyca (2)";4717;4674;4648;4641;4643;4487;4448;4431;4374;4369;
1016092;"Tomaszów Mazowiecki (2)";10845;10945;11068;11182;11224;11153;11215;11305;11405;11492;
1016102;"Ujazd (2)";7874;7810;7783;7738;7723;7463;7382;7355;;;
1016103;"Ujazd (3)";;;;;;;;;7349;7232;
1016104;"Ujazd - miasto (4)";;;;;;;;;1533;1499;
1016105;"Ujazd - obszar wiejski (5)";;;;;;;;;5816;5733;
1016112;"Żelechlinek (2)";3374;3361;3331;3321;3316;3209;3174;3143;3105;3065;
1017000;"Powiat wieluński";77290;77238;77017;76699;76256;74207;73659;73140;72586;72013;
1017012;"Biała (2)";5521;5513;5512;5484;5440;5361;5360;5317;5299;5264;
1017022;"Czarnożyły (2)";4544;4560;4535;4520;4523;4403;4423;4388;4370;4373;
1017032;"Konopnica (2)";3833;3841;3815;3784;3772;3640;3586;3581;3533;3514;
1017042;"Mokrsko (2)";5437;5428;5399;5410;5401;5218;5144;5133;5052;5038;
1017052;"Osjaków (2)";4770;4772;4768;4798;4738;4648;4652;4626;4637;;
1017053;"Osjaków (3)";;;;;;;;;;4611;
1017054;"Osjaków - miasto (4)";;;;;;;;;;1332;
1017055;"Osjaków - obszar wiejski (5)";;;;;;;;;;3279;
1017062;"Ostrówek (2)";4543;4563;4533;4522;4481;4441;4414;4414;4375;4332;
1017072;"Pątnów (2)";6557;6559;6590;6562;6504;6295;6256;6196;6191;6149;
1017082;"Skomlin (2)";3394;3373;3354;3322;3319;3218;3212;3211;3201;3171;
1017093;"Wieluń (3)";32080;32008;31849;31649;31456;30454;30154;29884;29525;29229;
1017094;"Wieluń - miasto (4)";23169;22973;22794;22521;22269;21384;21118;20826;20448;20141;
1017095;"Wieluń - obszar wiejski (5)";8911;9035;9055;9128;9187;9070;9036;9058;9077;9088;
1017102;"Wierzchlas (2)";6611;6621;6662;6648;6622;6529;6458;6390;6403;6332;
1018000;"Powiat wieruszowski";42195;42237;42255;42213;42105;41895;41671;41583;41452;41295;
1018012;"Bolesławiec (2)";4063;4054;4083;4089;4080;3997;3969;3926;3869;;
1018013;"Bolesławiec (3)";;;;;;;;;;3815;
1018014;"Bolesławiec - miasto (4)";;;;;;;;;;873;
1018015;"Bolesławiec - obszar wiejski (5)";;;;;;;;;;2942;
1018022;"Czastary (2)";3959;3967;3949;3956;3975;3914;3892;3872;3875;3883;
1018032;"Galewice (2)";6247;6243;6199;6179;6115;6159;6119;6125;6125;6123;
1018042;"Lututów (2)";4628;4606;4600;4598;4596;;;;;;
1018043;"Lututów (3)";;;;;;4620;4619;4609;4549;4505;
1018044;"Lututów - miasto (4)";;;;;;2204;2232;2218;2200;2171;
1018045;"Lututów - obszar wiejski (5)";;;;;;2416;2387;2391;2349;2334;
1018052;"Łubnice (2)";4118;4120;4121;4069;4029;3954;3908;3862;3852;3830;
1018062;"Sokolniki (2)";4893;4940;4999;5035;5035;5021;4985;5059;5103;5160;
1018073;"Wieruszów (3)";14287;14307;14304;14287;14275;14230;14179;14130;14079;13979;
1018074;"Wieruszów - miasto (4)";8634;8639;8600;8568;8517;8522;8480;8394;8332;8217;
1018075;"Wieruszów - obszar wiejski (5)";5653;5668;5704;5719;5758;5708;5699;5736;5747;5762;
1019000;"Powiat zduńskowolski";67483;67248;67049;66766;66380;64709;64213;63742;63326;62876;
1019011;"Zduńska Wola (1)";42998;42698;42374;42094;41686;39994;39434;38848;38402;37914;
1019023;"Szadek (3)";7386;7378;7374;7330;7312;7155;7113;7083;7055;7015;
1019024;"Szadek - miasto (4)";1994;1976;1957;1917;1902;1821;1801;1768;1761;1750;
1019025;"Szadek - obszar wiejski (5)";5392;5402;5417;5413;5410;5334;5312;5315;5294;5265;
1019032;"Zapolice (2)";5078;5100;5147;5165;5184;5385;5454;5494;5508;5512;
1019042;"Zduńska Wola (2)";12021;12072;12154;12177;12198;12175;12212;12317;12361;12435;
1020000;"Powiat zgierski";165130;165206;165606;165916;166113;167737;167019;166537;166340;165840;
1020011;"Głowno (1)";14590;14534;14422;14291;14119;13573;13342;13216;13116;12956;
1020021;"Ozorków (1)";19879;19809;19685;19456;19311;18766;18488;18259;18064;17902;
1020031;"Zgierz (1)";57234;56929;56690;56529;56190;55251;54550;54012;53543;52938;
1020043;"Aleksandrów Łódzki (3)";30645;30980;31445;31969;32303;34126;34527;34820;35110;35403;
1020044;"Aleksandrów Łódzki - miasto (4)";21354;21380;21535;21682;21739;22150;22188;22090;22002;22023;
1020045;"Aleksandrów Łódzki - obszar wiejski (5)";9291;9600;9910;10287;10564;11976;12339;12730;13108;13380;
1020052;"Głowno (2)";4852;4839;4847;4812;4808;4717;4680;4668;4627;4602;
1020062;"Ozorków (2)";6892;6942;6944;7009;7021;7265;7209;7198;7248;7259;
1020072;"Parzęczew (2)";5000;5012;5036;5077;5112;5222;5239;5258;5284;;
1020073;"Parzęczew (3)";;;;;;;;;;5305;
1020074;"Parzęczew - miasto (4)";;;;;;;;;;930;
1020075;"Parzęczew - obszar wiejski (5)";;;;;;;;;;4375;
1020083;"Stryków (3)";12445;12418;12565;12626;12711;12989;12985;12994;13011;13004;
1020084;"Stryków - miasto (4)";3492;3477;3493;3494;3478;3472;3423;3401;3363;3329;
1020085;"Stryków - obszar wiejski (5)";8953;8941;9072;9132;9233;9517;9562;9593;9648;9675;
1020092;"Zgierz (2)";13593;13743;13972;14147;14538;15828;15999;16112;16337;16471;
1021000;"Powiat brzeziński";30933;30912;30884;30890;30833;30457;30374;30246;30159;30080;
1021011;"Brzeziny (1)";12542;12514;12534;12547;12501;12136;12099;11995;11949;11852;
1021022;"Brzeziny (2)";5616;5649;5672;5732;5783;6057;6071;6109;6128;6198;
1021032;"Dmosin (2)";4537;4514;4476;4480;4463;4417;4388;4385;4365;4343;
1021042;"Jeżów (2)";3464;3459;3437;3403;3375;3228;3206;3160;;;
1021043;"Jeżów (3)";;;;;;;;;3142;3118;
1021044;"Jeżów - miasto (4)";;;;;;;;;1254;1252;
1021045;"Jeżów - obszar wiejski (5)";;;;;;;;;1888;1866;
1021052;"Rogów (2)";4774;4776;4765;4728;4711;4619;4610;4597;4575;4569;
1061000;"Powiat m. Łódź";700982;696503;690422;685285;679941;673003;664860;658444;652015;645693;
1061011;"Łódź (1)";700982;696503;690422;685285;679941;673003;664860;658444;652015;645693;
1062000;"Powiat m. Piotrków Trybunalski";75183;74694;74312;73670;73090;69274;68270;67264;66519;66022;
1062011;"Piotrków Trybunalski (1)";75183;74694;74312;73670;73090;69274;68270;67264;66519;66022;
1063000;"Powiat m. Skierniewice";48388;48327;48308;48178;48089;46548;45933;45560;45184;45121;
1063011;"Skierniewice (1)";48388;48327;48308;48178;48089;46548;45933;45560;45184;45121;
1200000;"MAŁOPOLSKIE";3372618;3382260;3391380;3400577;3410901;3432692;3430370;3429014;3429632;3429084;
1201000;"Powiat bocheński";105416;105747;106096;106514;106858;106838;106715;106878;106946;106985;
1201011;"Bochnia (1)";30107;30048;29992;29922;29718;29005;28778;28692;28441;28339;
1201022;"Bochnia (2)";19530;19606;19744;19872;20024;20541;20529;20597;20824;20867;
1201032;"Drwinia (2)";6535;6513;6505;6517;6534;6488;6483;6465;6430;6354;
1201042;"Lipnica Murowana (2)";5601;5633;5648;5642;5659;5540;5535;5551;5527;5514;
1201052;"Łapanów (2)";7934;7998;8049;8139;8197;8465;8514;8570;8613;8652;
1201063;"Nowy Wiśnicz (3)";13759;13853;13880;14021;14177;14305;14326;14406;14418;14488;
1201064;"Nowy Wiśnicz - miasto (4)";2761;2780;2728;2745;2758;2797;2782;2751;2730;2719;
1201065;"Nowy Wiśnicz - obszar wiejski (5)";10998;11073;11152;11276;11419;11508;11544;11655;11688;11769;
1201072;"Rzezawa (2)";11117;11158;11239;11276;11348;11347;11367;11389;11448;11544;
1201082;"Trzciana (2)";5428;5494;5529;5582;5641;5634;5644;5679;5716;5702;
1201092;"Żegocina (2)";5405;5444;5510;5543;5560;5513;5539;5529;5529;5525;
1202000;"Powiat brzeski";92983;93001;93164;93206;93201;92297;91992;91823;91670;91340;
1202012;"Borzęcin (2)";8397;8385;8378;8379;8337;8162;8149;8130;8108;8088;
1202023;"Brzesko (3)";36295;36290;36309;36314;36291;35755;35604;35575;35479;35285;
1202024;"Brzesko - miasto (4)";17026;16959;16884;16825;16819;16243;16140;16026;15928;15795;
1202025;"Brzesko - obszar wiejski (5)";19269;19331;19425;19489;19472;19512;19464;19549;19551;19490;
1202033;"Czchów (3)";9813;9834;9826;9803;9828;9867;9794;9748;9721;9665;
1202034;"Czchów - miasto (4)";2368;2375;2380;2344;2340;2363;2329;2311;2276;2263;
1202035;"Czchów - obszar wiejski (5)";7445;7459;7446;7459;7488;7504;7465;7437;7445;7402;
1202042;"Dębno (2)";14607;14586;14677;14723;14746;14476;14478;14488;14502;14482;
1202052;"Gnojnik (2)";7889;7936;7965;8027;8029;8147;8136;8106;8113;8103;
1202062;"Iwkowa (2)";6320;6341;6415;6426;6483;6547;6577;6599;6623;6649;
1202072;"Szczurowa (2)";9662;9629;9594;9534;9487;9343;9254;9177;9124;9068;
1203000;"Powiat chrzanowski";126463;126054;125725;125385;124536;121759;120694;119719;118684;117756;
1203013;"Alwernia (3)";12684;12666;12641;12640;12529;12507;12407;12361;12354;12307;
1203014;"Alwernia - miasto (4)";3424;3402;3380;3370;3344;3313;3287;3260;3244;3211;
1203015;"Alwernia - obszar wiejski (5)";9260;9264;9261;9270;9185;9194;9120;9101;9110;9096;
1203022;"Babice (2)";9073;9113;9124;9146;9097;9068;9038;9022;8985;8987;
1203033;"Chrzanów (3)";47853;47535;47365;47169;46787;45369;44850;44442;43941;43492;
1203034;"Chrzanów - miasto (4)";37628;37291;37123;36945;36575;35205;34743;34387;33928;33522;
1203035;"Chrzanów - obszar wiejski (5)";10225;10244;10242;10224;10212;10164;10107;10055;10013;9970;
1203043;"Libiąż (3)";22649;22560;22490;22433;22342;21689;21548;21298;21083;20908;
1203044;"Libiąż - miasto (4)";17272;17203;17135;17084;17003;16420;16278;16079;15912;15788;
1203045;"Libiąż - obszar wiejski (5)";5377;5357;5355;5349;5339;5269;5270;5219;5171;5120;
1203053;"Trzebinia (3)";34204;34180;34105;33997;33781;33126;32851;32596;32321;32062;
1203054;"Trzebinia - miasto (4)";20048;20007;19954;19846;19663;19193;18925;18704;18502;18298;
1203055;"Trzebinia - obszar wiejski (5)";14156;14173;14151;14151;14118;13933;13926;13892;13819;13764;
1204000;"Powiat dąbrowski";59374;59342;59311;59350;59174;58294;57991;57809;57550;57253;
1204012;"Bolesław (2)";2752;2734;2709;2682;2607;2713;2674;2659;2628;2628;
1204023;"Dąbrowa Tarnowska (3)";21138;21175;21231;21287;21256;20954;20930;20923;20926;20869;
1204024;"Dąbrowa Tarnowska - miasto (4)";11891;11907;11924;11906;11864;11509;11511;11495;11458;11393;
1204025;"Dąbrowa Tarnowska - obszar wiejski (5)";9247;9268;9307;9381;9392;9445;9419;9428;9468;9476;
1204032;"Gręboszów (2)";3405;3377;3346;3368;3333;3286;3235;3208;3162;3138;
1204042;"Mędrzechów (2)";3544;3545;3483;3460;3433;3386;3380;3336;3285;3249;
1204052;"Olesno (2)";7908;7910;7957;7934;7966;7730;7684;7681;7634;7618;
1204062;"Radgoszcz (2)";7417;7412;7418;7439;7424;7470;7447;7473;7465;7388;
1204073;"Szczucin (3)";13210;13189;13167;13180;13155;12755;12641;12529;12450;12363;
1204074;"Szczucin - miasto (4)";4163;4170;4163;4173;4157;4167;4111;4101;4086;4065;
1204075;"Szczucin - obszar wiejski (5)";9047;9019;9004;9007;8998;8588;8530;8428;8364;8298;
1205000;"Powiat gorlicki";109140;109049;109076;109104;108886;106921;106278;105782;105322;104592;
1205011;"Gorlice (1)";28059;27903;27781;27597;27357;26517;26090;25818;25523;25166;
1205023;"Biecz (3)";16969;16893;16916;16858;16808;16477;16319;16198;16101;15966;
1205024;"Biecz - miasto (4)";4663;4614;4629;4599;4607;4465;4384;4349;4313;4267;
1205025;"Biecz - obszar wiejski (5)";12306;12279;12287;12259;12201;12012;11935;11849;11788;11699;
1205033;"Bobowa (3)";9707;9735;9744;9778;9798;9590;9578;9574;9612;9594;
1205034;"Bobowa - miasto (4)";3077;3101;3123;3136;3144;3108;3074;3066;3060;3067;
1205035;"Bobowa - obszar wiejski (5)";6630;6634;6621;6642;6654;6482;6504;6508;6552;6527;
1205042;"Gorlice (2)";17153;17165;17183;17277;17278;17029;16992;16985;16946;16902;
1205052;"Lipinki (2)";6780;6782;6802;6806;6792;6756;6741;6714;6683;6654;
1205062;"Łużna (2)";8400;8451;8465;8514;8535;8381;8387;8362;8340;8252;
1205072;"Moszczenica (2)";4897;4907;4921;4922;4983;4915;4889;4897;4903;4921;
1205082;"Ropa (2)";5369;5408;5440;5498;5507;5528;5530;5513;5492;5505;
1205092;"Sękowa (2)";5001;4990;4981;5017;4980;4891;4893;4910;4938;4898;
1205102;"Uście Gorlickie (2)";6805;6815;6843;6837;6848;6837;6859;6811;6784;6734;
1206000;"Powiat krakowski";270490;272591;274843;277145;279239;295640;298107;300289;302347;304278;
1206012;"Czernichów (2)";14316;14474;14535;14587;14712;15115;15240;15371;15436;15442;
1206022;"Igołomia-Wawrzeńczyce (2)";7714;7721;7702;7724;7698;7919;7881;7872;7839;7852;
1206032;"Iwanowice (2)";8970;9014;9098;9135;9164;9704;9757;9781;9822;9841;
1206042;"Jerzmanowice-Przeginia (2)";10842;10876;10917;10935;10964;11185;11161;11196;11189;11144;
1206052;"Kocmyrzów-Luborzyca (2)";14942;15107;15260;15575;15776;17487;17707;17961;18243;18638;
1206063;"Krzeszowice (3)";32394;32291;32296;32195;32129;32196;32064;31909;31866;31831;
1206064;"Krzeszowice - miasto (4)";10143;10084;10090;10051;9975;9882;9827;9755;9743;9763;
1206065;"Krzeszowice - obszar wiejski (5)";22251;22207;22206;22144;22154;22314;22237;22154;22123;22068;
1206072;"Liszki (2)";16815;16994;17110;17292;17447;18084;18189;18416;18591;18754;
1206082;"Michałowice (2)";9981;10163;10380;10563;10762;12678;12914;13173;13379;13549;
1206092;"Mogilany (2)";13532;13655;13819;14052;14233;15750;15994;16192;16286;16533;
1206103;"Skała (3)";10477;10519;10520;10556;10579;10911;10964;10942;10954;10937;
1206104;"Skała - miasto (4)";3786;3803;3770;3803;3801;3841;3881;3876;3880;3856;
1206105;"Skała - obszar wiejski (5)";6691;6716;6750;6753;6778;7070;7083;7066;7074;7081;
1206113;"Skawina (3)";43184;43346;43369;43496;43586;43948;43995;44025;44002;43999;
1206114;"Skawina - miasto (4)";24194;24317;24325;24362;24310;24170;24104;24071;23967;23868;
1206115;"Skawina - obszar wiejski (5)";18990;19029;19044;19134;19276;19778;19891;19954;20035;20131;
1206123;"Słomniki (3)";13638;13675;13677;13680;13638;13889;13847;13782;13675;13657;
1206124;"Słomniki - miasto (4)";4355;4361;4359;4348;4321;4235;4224;4194;4161;4159;
1206125;"Słomniki - obszar wiejski (5)";9283;9314;9318;9332;9317;9654;9623;9588;9514;9498;
1206132;"Sułoszowa (2)";5836;5814;5819;5830;5835;5774;5718;5702;5672;5635;
1206143;"Świątniki Górne (3)";9774;9839;9957;10083;10195;10915;11021;11097;11124;11208;
1206144;"Świątniki Górne - miasto (4)";2395;2403;2422;2415;2438;2418;2418;2408;2385;2387;
1206145;"Świątniki Górne - obszar wiejski (5)";7379;7436;7535;7668;7757;8497;8603;8689;8739;8821;
1206152;"Wielka Wieś (2)";11231;11514;11956;12356;12721;15239;15777;16445;16916;17342;
1206162;"Zabierzów (2)";25565;25815;26206;26504;26708;28751;29126;29267;29602;29837;
1206172;"Zielonki (2)";21279;21774;22222;22582;23092;26095;26752;27158;27751;28079;
1207000;"Powiat limanowski";129699;130289;130964;131523;131764;131145;131332;131549;131654;131626;
1207011;"Limanowa (1)";15128;15138;15103;15158;15162;14631;14578;14514;14430;14365;
1207021;"Mszana Dolna (1)";7924;7941;7982;7948;7889;7852;7831;7817;7826;7807;
1207032;"Dobra (2)";9876;9927;9967;9967;9983;10046;10050;10110;10105;10108;
1207042;"Jodłownik (2)";8515;8552;8614;8667;8690;8698;8736;8760;8769;8770;
1207052;"Kamienica (2)";7803;7780;7820;7861;7850;7803;7809;7822;7794;7802;
1207062;"Laskowa (2)";8024;8060;8100;8149;8206;8128;8137;8185;8179;8147;
1207072;"Limanowa (2)";24834;25005;25215;25466;25607;25713;25837;25912;26052;26127;
1207082;"Łukowica (2)";9857;9901;9995;10044;10062;10059;10154;10150;10171;10194;
1207092;"Mszana Dolna (2)";17452;17543;17574;17643;17623;17660;17619;17637;17638;17659;
1207102;"Niedźwiedź (2)";7257;7307;7338;7344;7337;7314;7304;7333;7307;7326;
1207112;"Słopnice (2)";6541;6617;6698;6720;6764;6807;6847;6914;7010;7032;
1207122;"Tymbark (2)";6488;6518;6558;6556;6591;6434;6430;6395;6373;6289;
1208000;"Powiat miechowski";49592;49505;49315;49137;48818;47756;47346;46998;46667;46305;
1208012;"Charsznica (2)";7573;7531;7479;7464;7441;7290;7213;7128;7081;7001;
1208022;"Gołcza (2)";6153;6167;6122;6078;6047;5966;5977;5977;5918;5880;
1208032;"Kozłów (2)";4715;4706;4671;4651;4582;4480;4453;4440;4422;4385;
1208042;"Książ Wielki (2)";5211;5161;5152;5121;5073;4991;4958;4879;;;
1208043;"Książ Wielki (3)";;;;;;;;;4827;4792;
1208044;"Książ Wielki - miasto (4)";;;;;;;;;839;850;
1208045;"Książ Wielki - obszar wiejski (5)";;;;;;;;;3988;3942;
1208053;"Miechów (3)";19832;19832;19780;19737;19645;19144;18914;18802;18686;18563;
1208054;"Miechów - miasto (4)";11737;11765;11696;11652;11569;11238;11104;11027;10918;10857;
1208055;"Miechów - obszar wiejski (5)";8095;8067;8084;8085;8076;7906;7810;7775;7768;7706;
1208062;"Racławice (2)";2456;2485;2496;2519;2508;2450;2437;2427;2422;2401;
1208072;"Słaboszów (2)";3652;3623;3615;3567;3522;3435;3394;3345;3311;3283;
1209000;"Powiat myślenicki";125020;125647;126339;127028;127600;129108;129391;129538;129843;129984;
1209013;"Dobczyce (3)";15168;15197;15227;15272;15321;15482;15492;15509;15530;15556;
1209014;"Dobczyce - miasto (4)";6442;6434;6425;6434;6427;6276;6239;6205;6163;6124;
1209015;"Dobczyce - obszar wiejski (5)";8726;8763;8802;8838;8894;9206;9253;9304;9367;9432;
1209022;"Lubień (2)";10009;10000;10027;10060;10076;10094;10104;10073;10094;10108;
1209033;"Myślenice (3)";43493;43734;44021;44189;44444;45166;45327;45403;45541;45557;
1209034;"Myślenice - miasto (4)";18372;18412;18415;18386;18366;18075;18019;17846;17745;17684;
1209035;"Myślenice - obszar wiejski (5)";25121;25322;25606;25803;26078;27091;27308;27557;27796;27873;
1209042;"Pcim (2)";10982;10965;10999;11082;11131;11171;11128;11124;11093;11068;
1209052;"Raciechowice (2)";6231;6281;6321;6395;6413;6414;6398;6409;6429;6437;
1209062;"Siepraw (2)";8635;8718;8852;8953;9001;9386;9500;9557;9638;9714;
1209073;"Sułkowice (3)";14663;14762;14826;14916;14982;15053;15146;15160;15192;15221;
1209074;"Sułkowice - miasto (4)";6539;6594;6614;6633;6633;6536;6520;6513;6464;6486;
1209075;"Sułkowice - obszar wiejski (5)";8124;8168;8212;8283;8349;8517;8626;8647;8728;8735;
1209082;"Tokarnia (2)";8581;8686;8730;8771;8820;8861;8817;8789;8799;8784;
1209092;"Wiśniowa (2)";7258;7304;7336;7390;7412;7481;7479;7514;7527;7539;
1210000;"Powiat nowosądecki";212894;213864;214999;216176;216796;214502;214661;214933;215034;214876;
1210011;"Grybów (1)";6051;6074;6089;6038;6026;6033;5982;5953;5947;5918;
1210022;"Chełmiec (2)";27689;27995;28216;28572;28834;29109;29325;29572;29725;29880;
1210032;"Gródek nad Dunajcem (2)";9216;9175;9235;9239;9252;8994;8953;8935;8923;8858;
1210042;"Grybów (2)";24825;24909;25179;25456;25579;25191;25249;25352;25343;25347;
1210052;"Kamionka Wielka (2)";10140;10231;10329;10363;10432;10418;10432;10441;10482;10489;
1210062;"Korzenna (2)";14242;14331;14397;14500;14497;14344;14344;14364;14432;14434;
1210073;"Krynica-Zdrój (3)";16858;16852;16780;16777;16680;16090;15933;15762;15615;15446;
1210074;"Krynica-Zdrój - miasto (4)";10933;10864;10757;10686;10568;10050;9875;9712;9597;9434;
1210075;"Krynica-Zdrój - obszar wiejski (5)";5925;5988;6023;6091;6112;6040;6058;6050;6018;6012;
1210082;"Łabowa (2)";5921;5967;6005;6032;6089;5963;5959;5960;6019;6059;
1210092;"Łącko (2)";16187;16318;16460;16499;16522;16564;16615;16652;16666;16724;
1210102;"Łososina Dolna (2)";10776;10868;10944;11049;11144;11077;11106;11163;11211;11187;
1210113;"Muszyna (3)";11676;11592;11599;11574;11566;11315;11251;11148;11085;11100;
1210114;"Muszyna - miasto (4)";5020;4924;4909;4831;4760;4611;4540;4464;4433;4435;
1210115;"Muszyna - obszar wiejski (5)";6656;6668;6690;6743;6806;6704;6711;6684;6652;6665;
1210122;"Nawojowa (2)";8489;8573;8599;8703;8730;8751;8760;8843;8862;8867;
1210133;"Piwniczna-Zdrój (3)";10673;10658;10676;10650;10588;10128;10113;10032;9941;9826;
1210134;"Piwniczna-Zdrój - miasto (4)";5943;5919;5925;5882;5860;5515;5493;5448;5385;5322;
1210135;"Piwniczna-Zdrój - obszar wiejski (5)";4730;4739;4751;4768;4728;4613;4620;4584;4556;4504;
1210142;"Podegrodzie (2)";12849;12959;13057;13170;13279;13282;13405;13535;13583;13640;
1210152;"Rytro (2)";3857;3830;3807;3807;3777;3706;3692;3670;3667;3635;
1210163;"Stary Sącz (3)";23445;23532;23627;23747;23801;23537;23542;23551;23533;23466;
1210164;"Stary Sącz - miasto (4)";9053;9056;9020;9048;9085;8778;8740;8683;8701;8606;
1210165;"Stary Sącz - obszar wiejski (5)";14392;14476;14607;14699;14716;14759;14802;14868;14832;14860;
1211000;"Powiat nowotarski";190517;190757;191266;191508;191782;190626;190232;190143;190107;189984;
1211011;"Nowy Targ (1)";33510;33412;33361;33373;33293;33300;33130;33103;33065;33040;
1211023;"Szczawnica (3)";7402;7322;7286;7265;7204;6931;6828;6732;6646;6632;
1211024;"Szczawnica - miasto (4)";5923;5844;5807;5776;5711;5479;5388;5317;5208;5192;
1211025;"Szczawnica - obszar wiejski (5)";1479;1478;1479;1489;1493;1452;1440;1415;1438;1440;
1211032;"Czarny Dunajec (2)";22267;22318;22423;22527;22626;22138;22102;22113;;;
1211033;"Czarny Dunajec (3)";;;;;;;;;22176;22119;
1211034;"Czarny Dunajec - miasto (4)";;;;;;;;;3680;3652;
1211035;"Czarny Dunajec - obszar wiejski (5)";;;;;;;;;18496;18467;
1211042;"Czorsztyn (2)";7577;7611;7632;7631;7663;7641;7632;7592;7600;7590;
1211052;"Jabłonka (2)";18268;18413;18570;18589;18664;18873;18941;19093;19154;19213;
1211062;"Krościenko nad Dunajcem (2)";6755;6772;6812;6809;6802;6742;6705;6670;6639;6602;
1211072;"Lipnica Wielka (2)";5981;5985;5989;5998;6015;6148;6088;6058;6053;6061;
1211082;"Łapsze Niżne (2)";9237;9299;9340;9341;9379;9229;9221;9257;9252;9265;
1211092;"Nowy Targ (2)";23717;23779;23905;24015;24070;24080;24065;24025;24063;24054;
1211102;"Ochotnica Dolna (2)";8470;8487;8518;8564;8513;8433;8403;8434;8489;8505;
1211112;"Raba Wyżna (2)";14605;14591;14695;14717;14750;14567;14507;14448;14448;14438;
1211123;"Rabka-Zdrój (3)";17322;17272;17227;17092;17091;16814;16757;16672;16546;16452;
1211124;"Rabka-Zdrój - miasto (4)";12985;12925;12883;12780;12772;12479;12418;12315;12233;12135;
1211125;"Rabka-Zdrój - obszar wiejski (5)";4337;4347;4344;4312;4319;4335;4339;4357;4313;4317;
1211132;"Spytkowice (2)";4491;4516;4508;4533;4609;4625;4664;4692;4705;4703;
1211142;"Szaflary (2)";10915;10980;11000;11054;11103;11105;11189;11254;11271;11310;
1212000;"Powiat olkuski";113148;112863;112539;112035;111217;108923;107867;106843;105900;105000;
1212011;"Bukowno (1)";10341;10320;10297;10197;10106;9806;9710;9604;9467;9288;
1212032;"Bolesław (2)";7802;7750;7747;7786;7745;7674;7648;7587;7566;7488;
1212042;"Klucze (2)";15174;15131;15158;15103;14973;14883;14707;14584;14439;14362;
1212053;"Olkusz (3)";49515;49475;49309;49026;48601;47114;46611;46076;45630;45205;
1212054;"Olkusz - miasto (4)";36213;36122;35921;35608;35170;33606;33102;32670;32261;31896;
1212055;"Olkusz - obszar wiejski (5)";13302;13353;13388;13418;13431;13508;13509;13406;13369;13309;
1212062;"Trzyciąż (2)";7085;7076;7054;7048;7039;7016;6971;6941;6914;6906;
1212073;"Wolbrom (3)";23231;23111;22974;22875;22753;22430;22220;22051;21884;21751;
1212074;"Wolbrom - miasto (4)";8773;8732;8686;8604;8561;8375;8240;8155;8045;8006;
1212075;"Wolbrom - obszar wiejski (5)";14458;14379;14288;14271;14192;14055;13980;13896;13839;13745;
1213000;"Powiat oświęcimski";154819;154581;154292;153737;153486;151300;150192;149304;148415;147678;
1213011;"Oświęcim (1)";39215;38972;38678;38300;38005;37115;36580;36048;35577;35313;
1213023;"Brzeszcze (3)";21525;21486;21398;21270;21214;20925;20748;20546;20365;20259;
1213024;"Brzeszcze - miasto (4)";11513;11430;11345;11226;11192;11095;10941;10787;10657;10548;
1213025;"Brzeszcze - obszar wiejski (5)";10012;10056;10053;10044;10022;9830;9807;9759;9708;9711;
1213033;"Chełmek (3)";13106;13051;13010;12999;12990;12604;12478;12386;12306;12213;
1213034;"Chełmek - miasto (4)";9170;9113;9090;9061;9031;8688;8584;8492;8413;8297;
1213035;"Chełmek - obszar wiejski (5)";3936;3938;3920;3938;3959;3916;3894;3894;3893;3916;
1213043;"Kęty (3)";34333;34340;34300;34193;34157;33547;33432;33390;33267;33146;
1213044;"Kęty - miasto (4)";19003;18984;18886;18744;18623;18098;17961;17866;17669;17537;
1213045;"Kęty - obszar wiejski (5)";15330;15356;15414;15449;15534;15449;15471;15524;15598;15609;
1213052;"Osiek (2)";8179;8170;8233;8207;8224;8180;8159;8156;8129;8108;
1213062;"Oświęcim (2)";18126;18208;18325;18422;18505;18902;18886;18931;18987;18977;
1213072;"Polanka Wielka (2)";4276;4303;4312;4297;4313;4323;4318;4311;4310;4306;
1213082;"Przeciszów (2)";6733;6726;6735;6751;6761;6550;6478;6413;6355;6309;
1213093;"Zator (3)";9326;9325;9301;9298;9317;9154;9113;9123;9119;9047;
1213094;"Zator - miasto (4)";3692;3701;3691;3698;3664;3637;3607;3623;3601;3576;
1213095;"Zator - obszar wiejski (5)";5634;5624;5610;5600;5653;5517;5506;5500;5518;5471;
1214000;"Powiat proszowicki";43716;43648;43658;43523;43222;42760;42522;42268;42005;41929;
1214012;"Koniusza (2)";8870;8978;9006;9020;9007;9025;9063;9063;9085;9114;
1214022;"Koszyce (2)";5611;5573;5531;5508;;;;;;;
1214023;"Koszyce (3)";;;;;5454;5356;5283;5269;5224;5204;
1214024;"Koszyce - miasto (4)";;;;;778;783;769;769;759;765;
1214025;"Koszyce - obszar wiejski (5)";;;;;4676;4573;4514;4500;4465;4439;
1214033;"Nowe Brzesko (3)";5763;5741;5750;5752;5712;5710;5694;5652;5610;5620;
1214034;"Nowe Brzesko - miasto (4)";1660;1659;1674;1683;1667;1628;1627;1611;1604;1593;
1214035;"Nowe Brzesko - obszar wiejski (5)";4103;4082;4076;4069;4045;4082;4067;4041;4006;4027;
1214042;"Pałecznica (2)";3670;3661;3602;3583;3568;3553;3522;3485;3446;3449;
1214053;"Proszowice (3)";16363;16261;16324;16243;16139;15845;15719;15587;15470;15381;
1214054;"Proszowice - miasto (4)";6132;6074;6088;6012;5983;5960;5886;5796;5744;5717;
1214055;"Proszowice - obszar wiejski (5)";10231;10187;10236;10231;10156;9885;9833;9791;9726;9664;
1214062;"Radziemice (2)";3439;3434;3445;3417;3342;3271;3241;3212;3170;3161;
1215000;"Powiat suski";84175;84184;84317;84255;84232;83429;83214;83127;82886;82546;
1215011;"Jordanów (1)";5324;5351;5362;5373;5366;5312;5392;5420;5403;5396;
1215021;"Sucha Beskidzka (1)";9432;9365;9295;9165;9088;8992;8913;8927;8868;8727;
1215032;"Budzów (2)";8814;8863;8929;8946;8945;8823;8809;8846;8834;8790;
1215042;"Bystra-Sidzina (2)";6786;6819;6847;6859;6920;6821;6811;6796;6798;6825;
1215052;"Jordanów (2)";11011;11040;11107;11146;11180;11172;11204;11179;11190;11148;
1215063;"Maków Podhalański (3)";16351;16248;16245;16132;16077;15932;15829;15801;15742;15662;
1215064;"Maków Podhalański - miasto (4)";5990;5950;5919;5853;5824;5645;5604;5565;5534;5497;
1215065;"Maków Podhalański - obszar wiejski (5)";10361;10298;10326;10279;10253;10287;10225;10236;10208;10165;
1215072;"Stryszawa (2)";11777;11799;11843;11888;11940;12005;11958;11906;11886;11866;
1215082;"Zawoja (2)";9058;9091;9106;9126;9086;8891;8852;8837;8776;8754;
1215092;"Zembrzyce (2)";5622;5608;5583;5620;5630;5481;5446;5415;5389;5378;
1216000;"Powiat tarnowski";200600;200886;201268;201570;201497;198525;198038;197717;197335;197119;
1216013;"Ciężkowice (3)";11245;11202;11257;11232;11209;11100;11041;11027;10985;10990;
1216014;"Ciężkowice - miasto (4)";2485;2454;2470;2469;2479;2508;2506;2500;2482;2484;
1216015;"Ciężkowice - obszar wiejski (5)";8760;8748;8787;8763;8730;8592;8535;8527;8503;8506;
1216022;"Gromnik (2)";8807;8833;8893;8899;8922;8796;8742;8724;8746;8748;
1216032;"Lisia Góra (2)";14975;15086;15226;15332;15402;15542;15569;15537;15619;15684;
1216042;"Pleśna (2)";11975;11982;11946;11955;11944;11869;11799;11771;11740;11709;
1216053;"Radłów (3)";9800;9765;9769;9750;9666;9458;9413;9409;9386;9367;
1216054;"Radłów - miasto (4)";2774;2771;2780;2767;2742;2693;2671;2687;2698;2705;
1216055;"Radłów - obszar wiejski (5)";7026;6994;6989;6983;6924;6765;6742;6722;6688;6662;
1216063;"Ryglice (3)";11708;11696;11684;11694;11652;11322;11286;11256;11205;11134;
1216064;"Ryglice - miasto (4)";2850;2849;2831;2831;2836;2740;2717;2689;2673;2644;
1216065;"Ryglice - obszar wiejski (5)";8858;8847;8853;8863;8816;8582;8569;8567;8532;8490;
1216072;"Rzepiennik Strzyżewski (2)";6764;6756;6745;6742;6738;6612;6601;6572;6509;6505;
1216082;"Skrzyszów (2)";14084;14130;14187;14254;14303;14062;14095;14155;14168;14188;
1216092;"Tarnów (2)";25557;25709;25909;26028;26202;26080;26276;26359;26417;26496;
1216103;"Tuchów (3)";18155;18080;18038;18043;17916;17375;17180;17064;16985;16946;
1216104;"Tuchów - miasto (4)";6709;6678;6693;6671;6594;6356;6283;6239;6176;6142;
1216105;"Tuchów - obszar wiejski (5)";11446;11402;11345;11372;11322;11019;10897;10825;10809;10804;
1216112;"Wierzchosławice (2)";10721;10778;10808;10825;10857;10656;10611;10581;10525;10461;
1216122;"Wietrzychowice (2)";3997;3999;4008;3989;3938;3809;3794;3759;3724;3696;
1216133;"Wojnicz (3)";13394;13436;13472;13481;13443;13173;13079;13105;13071;13054;
1216134;"Wojnicz - miasto (4)";3383;3364;3365;3330;3314;3122;3104;3135;3141;3132;
1216135;"Wojnicz - obszar wiejski (5)";10011;10072;10107;10151;10129;10051;9975;9970;9930;9922;
1216143;"Zakliczyn (3)";12410;12443;12377;12459;12488;12389;12418;12369;12356;12337;
1216144;"Zakliczyn - miasto (4)";1665;1664;1656;1642;1631;1599;1583;1574;1579;1572;
1216145;"Zakliczyn - obszar wiejski (5)";10745;10779;10721;10817;10857;10790;10835;10795;10777;10765;
1216153;"Żabno (3)";19005;19036;18992;18912;18874;18626;18555;18504;18397;18332;
1216154;"Żabno - miasto (4)";4220;4251;4248;4248;4200;4185;4161;4123;4100;4077;
1216155;"Żabno - obszar wiejski (5)";14785;14785;14744;14664;14674;14441;14394;14381;14297;14255;
1216162;"Szerzyny (2)";8003;7955;7957;7975;7943;7656;7579;7525;7502;7472;
1217000;"Powiat tatrzański";67884;67905;68034;68146;68072;67028;66701;66566;66478;66346;
1217011;"Zakopane (1)";27442;27305;27266;27191;27010;25867;25562;25389;25204;25059;
1217022;"Biały Dunajec (2)";7112;7113;7150;7184;7179;6934;6860;6830;6832;6807;
1217032;"Bukowina Tatrzańska (2)";13198;13267;13290;13351;13387;13447;13495;13507;13565;13545;
1217042;"Kościelisko (2)";8659;8703;8747;8784;8846;9012;9026;9062;9076;9122;
1217052;"Poronin (2)";11473;11517;11581;11636;11650;11768;11758;11778;11801;11813;
1218000;"Powiat wadowicki";159538;159673;159938;160130;160006;158764;158230;157855;157473;157099;
1218013;"Andrychów (3)";43957;43853;43834;43654;43477;42700;42458;42179;41946;41731;
1218014;"Andrychów - miasto (4)";20940;20731;20567;20260;20016;19293;18981;18655;18311;18071;
1218015;"Andrychów - obszar wiejski (5)";23017;23122;23267;23394;23461;23407;23477;23524;23635;23660;
1218022;"Brzeźnica (2)";10188;10196;10285;10345;10426;10729;10759;10762;10833;10879;
1218033;"Kalwaria Zebrzydowska (3)";19897;19987;20052;20045;20012;19955;19903;19930;19889;19819;
1218034;"Kalwaria Zebrzydowska - miasto (4)";4601;4606;4551;4515;4493;4417;4372;4332;4300;4267;
1218035;"Kalwaria Zebrzydowska - obszar wiejski (5)";15296;15381;15501;15530;15519;15538;15531;15598;15589;15552;
1218042;"Lanckorona (2)";6148;6180;6208;6235;6245;6278;6265;6249;6267;6252;
1218052;"Mucharz (2)";4034;4058;4086;4122;4122;4145;4142;4153;4175;4185;
1218062;"Spytkowice (2)";10242;10250;10304;10379;10365;10260;10185;10123;10098;10054;
1218072;"Stryszów (2)";6824;6858;6863;6856;6865;6859;6853;6801;6786;6764;
1218082;"Tomice (2)";7930;8011;8085;8171;8174;8160;8185;8207;8241;8318;
1218093;"Wadowice (3)";38118;38041;37933;37934;37888;37207;36948;36739;36475;36262;
1218094;"Wadowice - miasto (4)";19179;19056;18851;18774;18692;17967;17660;17455;17196;16929;
1218095;"Wadowice - obszar wiejski (5)";18939;18985;19082;19160;19196;19240;19288;19284;19279;19333;
1218102;"Wieprz (2)";12200;12239;12288;12389;12432;12471;12532;12712;12763;12835;
1219000;"Powiat wielicki";121534;123251;125197;127078;129136;138515;140291;142044;143628;145276;
1219012;"Biskupice (2)";9872;10014;10185;10330;10450;11322;11437;11557;11735;11929;
1219022;"Gdów (2)";17758;17865;18024;18188;18296;18521;18514;18574;18642;18697;
1219032;"Kłaj (2)";10567;10627;10674;10691;10768;10981;11060;11104;11174;11257;
1219043;"Niepołomice (3)";26633;27267;27914;28455;29141;31686;32304;32781;33173;33602;
1219044;"Niepołomice - miasto (4)";11573;12000;12507;13001;13564;15526;16035;16493;16805;17227;
1219045;"Niepołomice - obszar wiejski (5)";15060;15267;15407;15454;15577;16160;16269;16288;16368;16375;
1219053;"Wieliczka (3)";56704;57478;58400;59414;60481;66005;66976;68028;68904;69791;
1219054;"Wieliczka - miasto (4)";22086;22442;22946;23395;23849;26470;26863;27362;27845;28173;
1219055;"Wieliczka - obszar wiejski (5)";34618;35036;35454;36019;36632;39535;40113;40666;41059;41618;
1261000;"Powiat m. Kraków";761069;765320;767348;771069;779115;800531;802583;803282;806201;809168;
1261011;"Kraków (1)";761069;765320;767348;771069;779115;800531;802583;803282;806201;809168;
1262000;"Powiat m. Nowy Sącz";83903;83993;84041;83896;83794;81435;80979;80587;80358;79821;
1262011;"Nowy Sącz (1)";83903;83993;84041;83896;83794;81435;80979;80587;80358;79821;
1263000;"Powiat m. Tarnów";110644;110110;109650;109062;108470;106596;105014;103960;103129;102123;
1263011;"Tarnów (1)";110644;110110;109650;109062;108470;106596;105014;103960;103129;102123;
1400000;"MAZOWIECKIE";5349114;5365898;5384617;5403412;5423168;5517616;5512794;5510612;5510527;5508322;
1401000;"Powiat białobrzeski";33569;33523;33542;33551;33410;32926;32712;32614;32520;32350;
1401013;"Białobrzegi (3)";10407;10346;10322;10318;10263;9980;9848;9782;9766;9709;
1401014;"Białobrzegi - miasto (4)";7088;7015;7015;6980;6891;6637;6530;6453;6407;6357;
1401015;"Białobrzegi - obszar wiejski (5)";3319;3331;3307;3338;3372;3343;3318;3329;3359;3352;
1401022;"Promna (2)";5562;5557;5602;5594;5555;5524;5487;5476;5439;5434;
1401032;"Radzanów (2)";3880;3892;3898;3893;3887;3811;3784;3780;3798;3798;
1401042;"Stara Błotnica (2)";5220;5264;5305;5326;5298;5390;5459;5467;5446;5404;
1401052;"Stromiec (2)";5668;5645;5633;5654;5628;5524;5447;5410;5398;5352;
1401063;"Wyśmierzyce (3)";2832;2819;2782;2766;2779;2697;2687;2699;2673;2653;
1401064;"Wyśmierzyce - miasto (4)";924;912;896;886;894;876;874;877;877;864;
1401065;"Wyśmierzyce - obszar wiejski (5)";1908;1907;1886;1880;1885;1821;1813;1822;1796;1789;
1402000;"Powiat ciechanowski";90327;90264;89976;89670;89423;86977;86219;85627;85167;84565;
1402011;"Ciechanów (1)";44506;44383;44303;44209;44138;42835;42449;41980;41740;41474;
1402022;"Ciechanów (2)";6909;7002;7066;7091;7117;7365;7389;7509;7526;7586;
1402033;"Glinojeck (3)";8029;8067;7954;7861;7832;7361;7275;7197;7124;6987;
1402034;"Glinojeck - miasto (4)";3070;3069;3027;3017;3008;2857;2832;2809;2788;2748;
1402035;"Glinojeck - obszar wiejski (5)";4959;4998;4927;4844;4824;4504;4443;4388;4336;4239;
1402042;"Gołymin-Ośrodek (2)";3908;3893;3857;3818;3752;3588;3556;3543;3493;3442;
1402052;"Grudusk (2)";3748;3677;3659;3624;3586;3453;3393;3358;3299;3252;
1402062;"Ojrzeń (2)";4344;4327;4301;4305;4291;4217;4150;4140;4091;4026;
1402072;"Opinogóra Górna (2)";5980;6021;5995;5971;5963;5822;5820;5824;5846;5807;
1402082;"Regimin (2)";5049;5031;5026;5018;4989;4827;4751;4728;4711;4680;
1402092;"Sońsk (2)";7854;7863;7815;7773;7755;7509;7436;7348;7337;7311;
1403000;"Powiat garwoliński";108740;108843;108981;108993;108981;106364;105960;105620;105510;105213;
1403011;"Garwolin (1)";17214;17338;17381;17494;17602;17273;17296;17310;17268;17258;
1403021;"Łaskarzew (1)";4915;4898;4879;4860;4829;4593;4547;4504;4489;4447;
1403032;"Borowie (2)";5215;5226;5208;5211;5283;4976;4973;4921;4905;4900;
1403042;"Garwolin (2)";13034;13118;13144;13176;13273;13321;13338;13435;13500;13504;
1403052;"Górzno (2)";6399;6463;6511;6527;6541;6623;6659;6673;6695;6726;
1403062;"Łaskarzew (2)";5513;5527;5503;5472;5475;5307;5290;5262;5238;5241;
1403072;"Maciejowice (2)";7090;7020;7003;6966;6909;6582;6511;6402;6358;;
1403073;"Maciejowice (3)";;;;;;;;;;6298;
1403074;"Maciejowice - miasto (4)";;;;;;;;;;1415;
1403075;"Maciejowice - obszar wiejski (5)";;;;;;;;;;4883;
1403082;"Miastków Kościelny (2)";4914;4879;4874;4889;4869;4672;4633;4630;4636;4584;
1403092;"Parysów (2)";4106;4073;4080;4105;4128;4141;4131;4106;4104;4095;
1403103;"Pilawa (3)";10920;10924;10981;10983;10975;10670;10584;10543;10553;10528;
1403104;"Pilawa - miasto (4)";4510;4532;4557;4589;4588;4428;4432;4421;4431;4427;
1403105;"Pilawa - obszar wiejski (5)";6410;6392;6424;6394;6387;6242;6152;6122;6122;6101;
1403112;"Sobolew (2)";8237;8237;8269;8283;8239;7926;7864;7836;7809;7779;
1403122;"Trojanów (2)";7444;7413;7428;7367;7299;7185;7133;7093;7093;7066;
1403132;"Wilga (2)";5352;5341;5346;5297;5278;5144;5104;5085;5088;5088;
1403143;"Żelechów (3)";8387;8386;8374;8363;8281;7951;7897;7820;7774;7699;
1403144;"Żelechów - miasto (4)";4067;4048;3994;3995;3930;3798;3808;3759;3719;3655;
1403145;"Żelechów - obszar wiejski (5)";4320;4338;4380;4368;4351;4153;4089;4061;4055;4044;
1404000;"Powiat gostyniński";45992;45682;45461;45203;44899;43501;43070;42633;42238;41756;
1404011;"Gostynin (1)";18895;18741;18720;18647;18527;17674;17498;17207;16986;16695;
1404022;"Gostynin (2)";12210;12161;12121;12077;12005;11836;11787;11809;11750;11669;
1404032;"Pacyna (2)";3690;3642;3617;3556;3527;3422;3366;3292;3238;3175;
1404042;"Sanniki (2)";6217;6185;6089;;;;;;;;
1404043;"Sanniki (3)";;;;6052;5997;5822;5716;5652;5606;5562;
1404044;"Sanniki - miasto (4)";;;;1983;1949;1839;1776;1746;1721;1709;
1404045;"Sanniki - obszar wiejski (5)";;;;4069;4048;3983;3940;3906;3885;3853;
1404052;"Szczawin Kościelny (2)";4980;4953;4914;4871;4843;4747;4703;4673;4658;4655;
1405000;"Powiat grodziski";90656;91647;92847;94091;95963;101623;103106;104434;105707;106973;
1405011;"Milanówek (1)";16371;16347;16398;16306;16416;16486;16520;16421;16424;16317;
1405021;"Podkowa Leśna (1)";3863;3853;3875;3854;3844;3872;3859;3832;3799;3741;
1405032;"Baranów (2)";5194;5240;5257;5279;5340;5528;5541;5579;5431;5360;
1405043;"Grodzisk Mazowiecki (3)";45259;45837;46671;47641;48907;52540;53496;54520;55453;56430;
1405044;"Grodzisk Mazowiecki - miasto (4)";30356;30593;30955;31505;32125;33639;34009;34448;34718;35156;
1405045;"Grodzisk Mazowiecki - obszar wiejski (5)";14903;15244;15716;16136;16782;18901;19487;20072;20735;21274;
1405052;"Jaktorów (2)";11722;11965;12105;12298;12471;12940;13147;13321;13504;13675;
1405062;"Żabia Wola (2)";8247;8405;8541;8713;8985;10257;10543;10761;11096;11450;
1406000;"Powiat grójecki";98619;98559;98701;98451;98311;98305;97728;97395;97029;96662;
1406012;"Belsk Duży (2)";6596;6561;6561;6515;6475;6351;6287;6245;6175;6140;
1406022;"Błędów (2)";7620;7597;7553;7461;7415;7196;7118;7115;7034;6986;
1406032;"Chynów (2)";9804;9818;9863;9858;9846;10160;10122;10150;10179;10119;
1406042;"Goszczyn (2)";2983;2992;2976;2970;2971;2890;2875;2859;2834;2848;
1406053;"Grójec (3)";25463;25544;25654;25704;25855;26318;26232;26214;26225;26181;
1406054;"Grójec - miasto (4)";16579;16573;16674;16707;16758;17080;16945;16893;16807;16726;
1406055;"Grójec - obszar wiejski (5)";8884;8971;8980;8997;9097;9238;9287;9321;9418;9455;
1406062;"Jasieniec (2)";5395;5381;5371;5369;5376;5410;5352;5354;5349;5346;
1406073;"Mogielnica (3)";8861;8773;8802;8744;8682;8395;8300;8211;8156;8097;
1406074;"Mogielnica - miasto (4)";2337;2297;2294;2260;2237;2212;2180;2144;2118;2111;
1406075;"Mogielnica - obszar wiejski (5)";6524;6476;6508;6484;6445;6183;6120;6067;6038;5986;
1406083;"Nowe Miasto nad Pilicą (3)";7942;7904;7863;7766;7668;7403;7294;7192;7110;7041;
1406084;"Nowe Miasto nad Pilicą - miasto (4)";3862;3859;3830;3789;3717;3653;3602;3536;3484;3430;
1406085;"Nowe Miasto nad Pilicą - obszar wiejski (5)";4080;4045;4033;3977;3951;3750;3692;3656;3626;3611;
1406092;"Pniewy (2)";4748;4750;4789;4805;4797;4808;4813;4828;4846;4864;
1406113;"Warka (3)";19207;19239;19269;19259;19226;19374;19335;19227;19121;19040;
1406114;"Warka - miasto (4)";11835;11860;11894;11926;11952;12010;11991;11958;11889;11870;
1406115;"Warka - obszar wiejski (5)";7372;7379;7375;7333;7274;7364;7344;7269;7232;7170;
1407000;"Powiat kozienicki";61319;61045;60699;60472;59997;58313;57913;57523;57153;56754;
1407012;"Garbatka-Letnisko (2)";5129;5139;5096;5053;5001;4822;4817;4801;4776;4758;
1407022;"Głowaczów (2)";7301;7260;7245;7230;7166;6816;6767;6735;6700;;
1407023;"Głowaczów (3)";;;;;;;;;;6624;
1407024;"Głowaczów - miasto (4)";;;;;;;;;;807;
1407025;"Głowaczów - obszar wiejski (5)";;;;;;;;;;5817;
1407032;"Gniewoszów (2)";3985;3952;3923;3924;3878;3864;3813;3782;3769;3738;
1407042;"Grabów nad Pilicą (2)";3915;3899;3921;3906;3899;4060;4044;4040;4036;4103;
1407053;"Kozienice (3)";30164;30018;29787;29659;29421;28470;28220;28005;27747;27482;
1407054;"Kozienice - miasto (4)";17869;17715;17518;17331;17072;16255;16009;15760;15530;15237;
1407055;"Kozienice - obszar wiejski (5)";12295;12303;12269;12328;12349;12215;12211;12245;12217;12245;
1407062;"Magnuszew (2)";6796;6799;6770;6764;6742;6491;6473;6424;6393;;
1407063;"Magnuszew (3)";;;;;;;;;;6340;
1407064;"Magnuszew - miasto (4)";;;;;;;;;;973;
1407065;"Magnuszew - obszar wiejski (5)";;;;;;;;;;5367;
1407072;"Sieciechów (2)";4029;3978;3957;3936;3890;3790;3779;3736;3732;3709;
1408000;"Powiat legionowski";113242;114421;115384;116775;118585;127099;128837;130278;131847;133097;
1408011;"Legionowo (1)";54172;54137;54041;54066;53886;53300;52995;52792;52630;52247;
1408022;"Jabłonna (2)";18364;18638;18916;19253;19659;22138;22605;22998;23356;23747;
1408032;"Nieporęt (2)";13917;14208;14369;14493;14687;16546;16806;17023;17249;17401;
1408043;"Serock (3)";14073;14287;14485;14708;15125;16477;16905;17249;17705;18148;
1408044;"Serock - miasto (4)";4220;4285;4353;4416;4585;4942;5041;5152;5277;5381;
1408045;"Serock - obszar wiejski (5)";9853;10002;10132;10292;10540;11535;11864;12097;12428;12767;
1408052;"Wieliszew (2)";12716;13151;13573;14255;15228;18638;19526;20216;20907;21554;
1409000;"Powiat lipski";35063;34843;34496;34214;33874;32572;32091;31839;31561;31251;
1409012;"Chotcza (2)";2385;2347;2335;2351;2326;2273;2244;2197;2188;2160;
1409022;"Ciepielów (2)";5674;5681;5604;5571;5530;5323;5277;5229;5187;;
1409023;"Ciepielów (3)";;;;;;;;;;5133;
1409024;"Ciepielów - miasto (4)";;;;;;;;;;707;
1409025;"Ciepielów - obszar wiejski (5)";;;;;;;;;;4426;
1409033;"Lipsko (3)";11348;11290;11213;11137;10970;10458;10249;10172;10051;9968;
1409034;"Lipsko - miasto (4)";5718;5674;5592;5544;5455;5224;5108;5043;4948;4912;
1409035;"Lipsko - obszar wiejski (5)";5630;5616;5621;5593;5515;5234;5141;5129;5103;5056;
1409042;"Rzeczniów (2)";4534;4493;4448;4386;4352;4148;4092;4078;4051;4015;
1409052;"Sienno (2)";6011;5976;5902;5852;5802;5685;5606;5565;5517;;
1409053;"Sienno (3)";;;;;;;;;;5457;
1409054;"Sienno - miasto (4)";;;;;;;;;;948;
1409055;"Sienno - obszar wiejski (5)";;;;;;;;;;4509;
1409062;"Solec nad Wisłą (2)";5111;5056;4994;4917;4894;4685;;;;;
1409063;"Solec nad Wisłą (3)";;;;;;;4623;4598;4567;4518;
1409064;"Solec nad Wisłą - miasto (4)";;;;;;;900;928;933;907;
1409065;"Solec nad Wisłą - obszar wiejski (5)";;;;;;;3723;3670;3634;3611;
1410000;"Powiat łosicki";31775;31544;31335;31023;30774;29736;29345;28941;28628;28338;
1410012;"Huszlew (2)";2896;2874;2841;2834;2813;2705;2678;2658;2631;2600;
1410023;"Łosice (3)";10929;10897;10884;10837;10787;10699;10612;10506;10411;10331;
1410024;"Łosice - miasto (4)";7085;7092;7096;7071;7042;7024;6957;6886;6808;6777;
1410025;"Łosice - obszar wiejski (5)";3844;3805;3788;3766;3745;3675;3655;3620;3603;3554;
1410032;"Olszanka (2)";3043;3021;3011;2961;2943;2805;2777;2766;2734;2704;
1410042;"Platerów (2)";5020;4974;4943;4876;4849;4603;4537;4449;4368;4325;
1410052;"Sarnaki (2)";4922;4880;4807;4717;4645;4402;4278;4151;4091;4025;
1410062;"Stara Kornica (2)";4965;4898;4849;4798;4737;4522;4463;4411;4393;4353;
1411000;"Powiat makowski";46014;45825;45580;45247;44892;42956;42466;42109;41736;41254;
1411011;"Maków Mazowiecki (1)";10006;9930;9860;9787;9711;9192;9106;9009;8939;8818;
1411022;"Czerwonka (2)";2698;2685;2682;2640;2647;2574;2553;2548;2539;2537;
1411032;"Karniewo (2)";5264;5232;5226;5207;5176;4975;4904;4868;4830;4780;
1411042;"Krasnosielc (2)";6484;6486;6440;6426;6352;6048;5983;5915;5873;5801;
1411052;"Młynarze (2)";1767;1755;1761;1761;1742;1666;1626;1636;1607;1610;
1411062;"Płoniawy-Bramura (2)";5583;5558;5464;5381;5336;5093;5016;4947;4859;4763;
1411073;"Różan (3)";4462;4449;4446;4420;4418;4313;4292;4265;4229;4174;
1411074;"Różan - miasto (4)";2724;2752;2755;2727;2720;2654;2635;2632;2616;2566;
1411075;"Różan - obszar wiejski (5)";1738;1697;1691;1693;1698;1659;1657;1633;1613;1608;
1411082;"Rzewnie (2)";2655;2671;2651;2636;2638;2478;2446;2426;2419;2389;
1411092;"Sypniewo (2)";3384;3355;3346;3314;3248;3044;2996;2944;2912;2879;
1411102;"Szelków (2)";3711;3704;3704;3675;3624;3573;3544;3551;3529;3503;
1412000;"Powiat miński";151520;152268;152945;153824;154526;158639;158836;159034;159388;159535;
1412011;"Mińsk Mazowiecki (1)";40334;40383;40399;40799;40999;40492;40333;40083;39837;39645;
1412042;"Cegłów (2)";6194;6211;6146;6154;6087;6110;6116;;;;
1412043;"Cegłów (3)";;;;;;;;6089;6073;6073;
1412044;"Cegłów - miasto (4)";;;;;;;;2282;2311;2344;
1412045;"Cegłów - obszar wiejski (5)";;;;;;;;3807;3762;3729;
1412052;"Dębe Wielkie (2)";9823;9971;10227;10373;10518;11331;11514;11676;11863;11956;
1412062;"Dobre (2)";6016;6027;6027;6004;5985;5913;5883;5833;5844;;
1412063;"Dobre (3)";;;;;;;;;;5856;
1412064;"Dobre - miasto (4)";;;;;;;;;;1823;
1412065;"Dobre - obszar wiejski (5)";;;;;;;;;;4033;
1412073;"Halinów (3)";15527;15748;15926;16174;16336;17783;17984;18074;18245;18287;
1412074;"Halinów - miasto (4)";3688;3715;3718;3739;3745;3741;3755;3752;3752;3703;
1412075;"Halinów - obszar wiejski (5)";11839;12033;12208;12435;12591;14042;14229;14322;14493;14584;
1412082;"Jakubów (2)";5067;5062;5068;5093;5101;5093;5094;5100;5096;5071;
1412093;"Kałuszyn (3)";5933;5908;5897;5843;5825;5634;5566;5540;5517;5480;
1412094;"Kałuszyn - miasto (4)";2924;2920;2927;2890;2891;2741;2708;2700;2699;2675;
1412095;"Kałuszyn - obszar wiejski (5)";3009;2988;2970;2953;2934;2893;2858;2840;2818;2805;
1412102;"Latowicz (2)";5460;5461;5436;5427;5399;5244;5204;5184;;;
1412103;"Latowicz (3)";;;;;;;;;5135;5109;
1412104;"Latowicz - miasto (4)";;;;;;;;;1339;1343;
1412105;"Latowicz - obszar wiejski (5)";;;;;;;;;3796;3766;
1412112;"Mińsk Mazowiecki (2)";14856;15114;15258;15325;15490;16445;16625;16821;16996;17129;
1412123;"Mrozy (3)";8743;8691;8695;8679;8712;8681;8646;8637;8647;8637;
1412124;"Mrozy - miasto (4)";3546;3538;3576;3552;3588;3606;3584;3611;3623;3635;
1412125;"Mrozy - obszar wiejski (5)";5197;5153;5119;5127;5124;5075;5062;5026;5024;5002;
1412132;"Siennica (2)";7409;7457;7466;7472;7480;7651;7614;7641;7663;;
1412133;"Siennica (3)";;;;;;;;;;7688;
1412134;"Siennica - miasto (4)";;;;;;;;;;2299;
1412135;"Siennica - obszar wiejski (5)";;;;;;;;;;5389;
1412142;"Stanisławów (2)";6677;6746;6737;6767;6756;6991;7004;7021;7044;7036;
1412151;"Sulejówek (1)";19481;19489;19663;19714;19838;21271;21253;21335;21428;21568;
1413000;"Powiat mławski";73758;73700;73376;73102;72626;70471;69856;69521;69074;68556;
1413011;"Mława (1)";31030;31149;31243;31234;31246;30950;30869;30831;30802;30693;
1413022;"Dzierzgowo (2)";3221;3209;3126;3098;3051;2889;2825;2766;2741;2704;
1413032;"Lipowiec Kościelny (2)";4913;4882;4845;4830;4781;4600;4542;4494;4463;4421;
1413042;"Radzanów (2)";3412;3407;3371;3332;3270;3088;3038;2975;2908;2872;
1413052;"Strzegowo (2)";7713;7664;7616;7565;7478;7268;7159;7102;7008;6959;
1413062;"Stupsk (2)";4969;4942;4889;4847;4836;4549;4508;4470;4439;4357;
1413072;"Szreńsk (2)";4293;4253;4204;4196;4115;3919;3838;3851;3786;3744;
1413082;"Szydłowo (2)";4672;4638;4645;4610;4576;4295;4256;4246;4194;4123;
1413092;"Wieczfnia Kościelna (2)";4169;4166;4107;4104;4048;3781;3719;3684;3630;3597;
1413102;"Wiśniewo (2)";5366;5390;5330;5286;5225;5132;5102;5102;5103;5086;
1414000;"Powiat nowodworski";78810;79024;79298;79291;79378;80054;79751;79719;79571;79351;
1414011;"Nowy Dwór Mazowiecki (1)";28362;28548;28637;28647;28679;28705;28586;28573;28548;28469;
1414022;"Czosnów (2)";9852;9840;9918;9947;9991;10876;10935;11015;11052;11012;
1414032;"Leoncin (2)";5556;5548;5577;5578;5620;5587;5586;5602;5590;5613;
1414043;"Nasielsk (3)";19868;19930;19949;19945;19965;19517;19374;19326;19249;19139;
1414044;"Nasielsk - miasto (4)";7658;7705;7701;7707;7697;7504;7431;7378;7315;7286;
1414045;"Nasielsk - obszar wiejski (5)";12210;12225;12248;12238;12268;12013;11943;11948;11934;11853;
1414052;"Pomiechówek (2)";9008;9034;9106;9092;9090;9358;9316;9286;9263;9287;
1414063;"Zakroczym (3)";6164;6124;6111;6082;6033;6011;5954;5917;5869;5831;
1414064;"Zakroczym - miasto (4)";3244;3208;3211;3210;3183;3189;3159;3143;3129;3119;
1414065;"Zakroczym - obszar wiejski (5)";2920;2916;2900;2872;2850;2822;2795;2774;2740;2712;
1415000;"Powiat ostrołęcki";88378;88791;88944;88735;88654;87559;87496;87503;87494;87397;
1415012;"Baranowo (2)";6667;6653;6593;6507;6496;6172;6070;6027;5963;5924;
1415022;"Czarnia (2)";2642;2635;2594;2561;2513;2300;2270;2227;2217;2206;
1415032;"Czerwin (2)";5157;5131;5136;5124;5098;4846;4793;4718;4723;4674;
1415042;"Goworowo (2)";8474;8466;8412;8341;8275;7968;7926;7864;7818;7784;
1415052;"Kadzidło (2)";11435;11448;11442;11420;11363;11090;11061;11025;10989;11009;
1415062;"Lelis (2)";9387;9491;9549;9654;9707;9759;9852;9900;9952;9906;
1415072;"Łyse (2)";8438;8444;8469;8434;8384;8273;8214;8199;8164;8168;
1415083;"Myszyniec (3)";10511;10542;10471;10486;10437;10189;10136;10096;9975;9906;
1415084;"Myszyniec - miasto (4)";3368;3389;3397;3426;3421;3278;3254;3223;3189;3176;
1415085;"Myszyniec - obszar wiejski (5)";7143;7153;7074;7060;7016;6911;6882;6873;6786;6730;
1415092;"Olszewo-Borki (2)";10356;10470;10625;10718;10786;10913;10960;10968;11026;11035;
1415102;"Rzekuń (2)";10422;10643;10805;10694;10839;11460;11657;11925;12157;12316;
1415112;"Troszyn (2)";4889;4868;4848;4796;4756;4589;4557;4554;4510;4469;
1416000;"Powiat ostrowski";73911;73562;73284;72782;72328;70109;69500;68881;68412;67854;
1416011;"Ostrów Mazowiecka (1)";22772;22704;22656;22545;22399;22022;21834;21607;21530;21400;
1416022;"Andrzejewo (2)";4237;4210;4173;4125;4063;3897;3843;3774;3774;3723;
1416032;"Boguty-Pianki (2)";2678;2651;2647;2602;2581;2474;2445;2387;2368;2343;
1416043;"Brok (3)";2895;2882;2863;2842;2813;2639;2606;2599;2565;2534;
1416044;"Brok - miasto (4)";1959;1953;1955;1940;1924;1792;1764;1763;1731;1702;
1416045;"Brok - obszar wiejski (5)";936;929;908;902;889;847;842;836;834;832;
1416052;"Małkinia Górna (2)";11852;11789;11740;11642;11624;11091;10934;10850;10787;10718;
1416062;"Nur (2)";2826;2788;2759;2708;2673;2592;2555;2527;2467;2408;
1416072;"Ostrów Mazowiecka (2)";12889;12910;12919;12878;12884;12751;12743;12715;12636;12562;
1416082;"Stary Lubotyń (2)";3806;3760;3753;3735;3707;3640;3601;3593;3582;3556;
1416092;"Szulborze Wielkie (2)";1747;1714;1679;1677;1646;1568;1557;1538;1501;1466;
1416102;"Wąsewo (2)";4430;4398;4371;4345;4293;4043;4020;3983;3952;3907;
1416112;"Zaręby Kościelne (2)";3779;3756;3724;3683;3645;3392;3362;3308;3250;3237;
1417000;"Powiat otwocki";123120;123443;123770;124036;124352;126695;126449;126649;126779;126669;
1417011;"Józefów (1)";20229;20362;20488;20605;20724;21016;20998;21116;21217;21235;
1417021;"Otwock (1)";45021;44912;44873;44880;44635;44568;44333;44096;43895;43527;
1417032;"Celestynów (2)";11623;11682;11662;11680;11732;11736;11645;11642;11648;11639;
1417043;"Karczew (3)";15905;15905;15916;15858;15899;15986;15868;15840;15826;15831;
1417044;"Karczew - miasto (4)";10009;9974;9960;9891;9826;9572;9434;9338;9245;9191;
1417045;"Karczew - obszar wiejski (5)";5896;5931;5956;5967;6073;6414;6434;6502;6581;6640;
1417052;"Kołbiel (2)";8156;8176;8186;8169;8230;8371;8337;8326;8299;8320;
1417062;"Osieck (2)";3568;3564;3583;3603;3636;3651;3639;3652;3659;;
1417063;"Osieck (3)";;;;;;;;;;3651;
1417064;"Osieck - miasto (4)";;;;;;;;;;1104;
1417065;"Osieck - obszar wiejski (5)";;;;;;;;;;2547;
1417072;"Sobienie-Jeziory (2)";6375;6388;6369;6380;6388;6294;6236;6270;6233;6190;
1417082;"Wiązowna (2)";12243;12454;12693;12861;13108;15073;15393;15707;16002;16276;
1418000;"Powiat piaseczyński";177007;179496;182076;184951;188281;206796;209443;212129;215088;217738;
1418013;"Góra Kalwaria (3)";26244;26393;26579;26772;27063;28040;28218;28256;28395;28622;
1418014;"Góra Kalwaria - miasto (4)";11815;11868;11942;12009;12109;11923;11876;11807;12129;12216;
1418015;"Góra Kalwaria - obszar wiejski (5)";14429;14525;14637;14763;14954;16117;16342;16449;16266;16406;
1418023;"Konstancin-Jeziorna (3)";24763;24773;24776;24721;24726;25294;25165;25151;25088;25012;
1418024;"Konstancin-Jeziorna - miasto (4)";17249;17184;17191;17086;17040;17225;17032;17006;16894;16777;
1418025;"Konstancin-Jeziorna - obszar wiejski (5)";7514;7589;7585;7635;7686;8069;8133;8145;8194;8235;
1418032;"Lesznowola (2)";24486;25129;25976;27203;28500;33919;35219;36792;38479;39913;
1418043;"Piaseczno (3)";79741;81207;82526;83792;85226;94786;95740;96448;97293;97948;
1418044;"Piaseczno - miasto (4)";46316;47092;47660;48119;48450;51972;51979;52017;51971;51678;
1418045;"Piaseczno - obszar wiejski (5)";33425;34115;34866;35673;36776;42814;43761;44431;45322;46270;
1418052;"Prażmów (2)";10470;10616;10804;10996;11199;12667;12892;13148;13370;13654;
1418063;"Tarczyn (3)";11303;11378;11415;11467;11567;12090;12209;12334;12463;12589;
1418064;"Tarczyn - miasto (4)";4057;4105;4105;4129;4132;4227;4269;4283;4343;4371;
1418065;"Tarczyn - obszar wiejski (5)";7246;7273;7310;7338;7435;7863;7940;8051;8120;8218;
1419000;"Powiat płocki";111038;111170;111226;111088;110952;110155;109771;109735;109531;109144;
1419012;"Bielsk (2)";9113;9111;9099;9088;9071;8946;8916;8912;8873;8812;
1419022;"Bodzanów (2)";8319;8264;8223;8221;8187;7942;7895;7845;;;
1419023;"Bodzanów (3)";;;;;;;;;7751;7699;
1419024;"Bodzanów - miasto (4)";;;;;;;;;1121;1132;
1419025;"Bodzanów - obszar wiejski (5)";;;;;;;;;6630;6567;
1419032;"Brudzeń Duży (2)";8216;8255;8274;8262;8267;8271;8231;8245;8251;8160;
1419042;"Bulkowo (2)";5756;5706;5650;5584;5512;5291;5277;5249;5193;5165;
1419053;"Drobin (3)";8157;8126;8024;7957;7891;7518;7416;7363;7289;7200;
1419054;"Drobin - miasto (4)";2945;2950;2925;2889;2861;2725;2683;2657;2631;2604;
1419055;"Drobin - obszar wiejski (5)";5212;5176;5099;5068;5030;4793;4733;4706;4658;4596;
1419063;"Gąbin (3)";11096;11067;11045;11021;11025;11084;11062;11098;11151;11097;
1419064;"Gąbin - miasto (4)";4146;4140;4127;4114;4121;4124;4111;4097;4124;4108;
1419065;"Gąbin - obszar wiejski (5)";6950;6927;6918;6907;6904;6960;6951;7001;7027;6989;
1419072;"Łąck (2)";5365;5384;5423;5402;5408;5388;5359;5357;5364;5412;
1419082;"Mała Wieś (2)";6177;6135;6111;6032;5968;5770;5717;5686;5631;5603;
1419092;"Nowy Duninów (2)";3964;3978;3966;3993;3977;3995;3946;3950;3934;3929;
1419102;"Radzanowo (2)";8324;8371;8413;8452;8500;8588;8568;8651;8705;8808;
1419112;"Słubice (2)";4542;4500;4469;4455;4429;4207;4166;4149;4118;4082;
1419122;"Słupno (2)";7259;7433;7705;7817;7958;8704;8841;8918;9051;9135;
1419132;"Stara Biała (2)";11611;11752;11809;11891;11968;12180;12222;12247;12265;12237;
1419142;"Staroźreby (2)";7432;7417;7370;7306;7216;6917;6860;6821;6767;6681;
1419153;"Wyszogród (3)";5707;5671;5645;5607;5575;5354;5295;5244;5188;5124;
1419154;"Wyszogród - miasto (4)";2697;2664;2634;2618;2601;2469;2454;2423;2400;2344;
1419155;"Wyszogród - obszar wiejski (5)";3010;3007;3011;2989;2974;2885;2841;2821;2788;2780;
1420000;"Powiat płoński";88270;87903;87662;87409;87054;85427;84796;84387;84006;83436;
1420011;"Płońsk (1)";22302;22279;22214;22163;22107;21840;21733;21591;21530;21381;
1420021;"Raciąż (1)";4544;4472;4437;4420;4394;4163;4069;3994;3966;3932;
1420032;"Baboszewo (2)";8101;8032;8016;7959;7955;7588;7512;7448;7414;7346;
1420042;"Czerwińsk nad Wisłą (2)";7814;7750;7738;7666;7640;;;;;;
1420043;"Czerwińsk nad Wisłą (3)";;;;;;7332;7228;7185;7144;7067;
1420044;"Czerwińsk nad Wisłą - miasto (4)";;;;;;1036;1014;1001;981;975;
1420045;"Czerwińsk nad Wisłą - obszar wiejski (5)";;;;;;6296;6214;6184;6163;6092;
1420052;"Dzierzążnia (2)";3773;3737;3684;3688;3632;3449;3404;3367;3346;3330;
1420062;"Joniec (2)";2607;2632;2632;2660;2655;2714;2733;2757;2781;2800;
1420072;"Naruszewo (2)";6439;6413;6384;6353;6312;6116;6041;5984;5876;5839;
1420082;"Nowe Miasto (2)";4696;4677;4688;4701;4655;4595;4579;;;;
1420083;"Nowe Miasto (3)";;;;;;;;4558;4547;4548;
1420084;"Nowe Miasto - miasto (4)";;;;;;;;1530;1514;1510;
1420085;"Nowe Miasto - obszar wiejski (5)";;;;;;;;3028;3033;3038;
1420092;"Płońsk (2)";7771;7784;7846;7891;7943;8224;8266;8365;8454;8471;
1420102;"Raciąż (2)";8585;8528;8492;8378;8283;8071;7976;7926;7837;7714;
1420112;"Sochocin (2)";5920;5889;5849;5861;5809;5737;;;;;
1420113;"Sochocin (3)";;;;;;;5709;5689;5617;5558;
1420114;"Sochocin - miasto (4)";;;;;;;1946;1948;1925;1894;
1420115;"Sochocin - obszar wiejski (5)";;;;;;;3763;3741;3692;3664;
1420122;"Załuski (2)";5718;5710;5682;5669;5669;5598;5546;5523;5494;5450;
1421000;"Powiat pruszkowski";160776;161645;162922;164240;165912;176326;177193;178037;179667;181026;
1421011;"Piastów (1)";22927;22731;22732;22657;22679;23393;23140;23065;22932;22719;
1421021;"Pruszków (1)";60547;60866;61237;61784;62317;65207;65333;65321;65461;65686;
1421033;"Brwinów (3)";25438;25744;26167;26385;26718;29515;29643;29667;29999;30164;
1421034;"Brwinów - miasto (4)";13274;13380;13533;13531;13698;14436;14466;14447;14568;14624;
1421035;"Brwinów - obszar wiejski (5)";12164;12364;12634;12854;13020;15079;15177;15220;15431;15540;
1421042;"Michałowice (2)";17501;17646;17826;18057;18321;18943;19123;19290;19436;19496;
1421052;"Nadarzyn (2)";12870;13103;13348;13654;14032;16644;17151;17727;18306;18761;
1421062;"Raszyn (2)";21493;21555;21612;21703;21845;22624;22803;22967;23533;24200;
1422000;"Powiat przasnyski";53253;53014;52884;52824;52511;50354;49824;49408;49037;48615;
1422011;"Przasnysz (1)";17258;17289;17223;17309;17177;16712;16544;16384;16357;16189;
1422023;"Chorzele (3)";10256;10239;10207;10187;10175;9569;9419;9356;9232;9184;
1422024;"Chorzele - miasto (4)";3030;3072;3069;3078;3113;2990;2940;2936;2894;2879;
1422025;"Chorzele - obszar wiejski (5)";7226;7167;7138;7109;7062;6579;6479;6420;6338;6305;
1422032;"Czernice Borowe (2)";3886;3835;3840;3801;3801;3617;3569;3529;3491;3456;
1422042;"Jednorożec (2)";7221;7167;7190;7160;7081;6758;6675;6658;6607;6575;
1422052;"Krasne (2)";3730;3680;3672;3634;3610;3409;3370;3321;3270;3212;
1422062;"Krzynowłoga Mała (2)";3539;3506;3470;3459;3439;3265;3269;3243;3235;3192;
1422072;"Przasnysz (2)";7363;7298;7282;7274;7228;7024;6978;6917;6845;6807;
1423000;"Powiat przysuski";42571;42417;42116;41922;41455;39771;39290;39031;38621;38291;
1423012;"Borkowice (2)";4330;4292;4302;4302;4261;4161;4076;4061;3984;3964;
1423022;"Gielniów (2)";4664;4639;4655;4616;4542;4382;4323;4334;4294;;
1423023;"Gielniów (3)";;;;;;;;;;4238;
1423024;"Gielniów - miasto (4)";;;;;;;;;;768;
1423025;"Gielniów - obszar wiejski (5)";;;;;;;;;;3470;
1423032;"Klwów (2)";3452;3458;3397;3426;3380;3193;3145;3129;3096;3087;
1423042;"Odrzywół (2)";3919;3929;3863;3842;3752;3472;3426;3399;3392;;
1423043;"Odrzywół (3)";;;;;;;;;;3353;
1423044;"Odrzywół - miasto (4)";;;;;;;;;;993;
1423045;"Odrzywół - obszar wiejski (5)";;;;;;;;;;2360;
1423052;"Potworów (2)";4287;4285;4233;4233;4187;4052;4014;3993;3980;3976;
1423063;"Przysucha (3)";12176;12107;12027;11920;11783;11192;11117;10970;10828;10689;
1423064;"Przysucha - miasto (4)";6048;5978;5934;5854;5801;5587;5476;5393;5293;5191;
1423065;"Przysucha - obszar wiejski (5)";6128;6129;6093;6066;5982;5605;5641;5577;5535;5498;
1423072;"Rusinów (2)";4339;4330;4297;4289;4274;4136;4070;4031;3973;3959;
1423082;"Wieniawa (2)";5404;5377;5342;5294;5276;5183;5119;5114;5074;5025;
1424000;"Powiat pułtuski";51637;51746;51834;51809;51824;50881;50596;50557;50311;50163;
1424012;"Gzy (2)";3882;3875;3858;3816;3754;3635;3607;3586;3553;3509;
1424022;"Obryte (2)";4863;4855;4818;4821;4805;4467;4403;4350;4305;4301;
1424032;"Pokrzywnica (2)";4955;4974;4983;4991;5029;5160;5142;5156;5138;5143;
1424043;"Pułtusk (3)";24338;24479;24613;24615;24683;24302;24217;24236;24130;24084;
1424044;"Pułtusk - miasto (4)";19309;19349;19448;19431;19414;19376;19270;19224;19064;18973;
1424045;"Pułtusk - obszar wiejski (5)";5029;5130;5165;5184;5269;4926;4947;5012;5066;5111;
1424052;"Świercze (2)";4672;4643;4632;4611;4613;4537;4485;4492;4476;4445;
1424062;"Winnica (2)";4107;4090;4095;4091;4091;4029;4016;4002;4002;3974;
1424072;"Zatory (2)";4820;4830;4835;4864;4849;4751;4726;4735;4707;4707;
1425000;"Powiat radomski";151461;151630;151955;152117;152291;151601;151211;151202;151331;151367;
1425011;"Pionki (1)";18938;18732;18618;18427;18159;16884;16564;16279;16089;15824;
1425022;"Gózd (2)";8636;8717;8796;8913;8978;9162;9201;9313;9423;9626;
1425033;"Iłża (3)";15056;14957;14860;14743;14656;14090;13875;13730;13576;13428;
1425034;"Iłża - miasto (4)";4947;4862;4832;4775;4727;4499;4430;4361;4280;4182;
1425035;"Iłża - obszar wiejski (5)";10109;10095;10028;9968;9929;9591;9445;9369;9296;9246;
1425042;"Jastrzębia (2)";6909;6975;7005;7000;6996;7155;7130;7127;7132;7134;
1425052;"Jedlińsk (2)";14219;14294;14423;14507;14548;14547;14548;14562;14574;14612;
1425062;"Jedlnia-Letnisko (2)";12572;12596;12654;12738;12838;13395;13463;;;;
1425063;"Jedlnia-Letnisko (3)";;;;;;;;13497;13618;13661;
1425064;"Jedlnia-Letnisko - miasto (4)";;;;;;;;3977;3957;3972;
1425065;"Jedlnia-Letnisko - obszar wiejski (5)";;;;;;;;9520;9661;9689;
1425072;"Kowala (2)";11939;12035;12093;12180;12247;12331;12380;12447;12489;12493;
1425082;"Pionki (2)";10065;10031;10046;10031;9979;9770;9698;9697;9642;9640;
1425092;"Przytyk (2)";7321;7307;7304;7285;7308;7118;7081;7069;7030;;
1425093;"Przytyk (3)";;;;;;;;;;7058;
1425094;"Przytyk - miasto (4)";;;;;;;;;;906;
1425095;"Przytyk - obszar wiejski (5)";;;;;;;;;;6152;
1425103;"Skaryszew (3)";14382;14506;14634;14724;14782;15166;15252;15396;15540;15581;
1425104;"Skaryszew - miasto (4)";4334;4354;4375;4376;4354;4406;4383;4418;4456;4446;
1425105;"Skaryszew - obszar wiejski (5)";10048;10152;10259;10348;10428;10760;10869;10978;11084;11135;
1425112;"Wierzbica (2)";9937;9854;9799;9719;9672;9500;9360;9239;9185;9113;
1425122;"Wolanów (2)";8790;8829;8848;8847;8906;8966;8967;8997;9014;9049;
1425132;"Zakrzew (2)";12697;12797;12875;13003;13222;13517;13692;13849;14019;14148;
1426000;"Powiat siedlecki";81403;81580;81402;81352;81362;80690;80469;80492;80441;80446;
1426012;"Domanice (2)";2656;2655;2626;2624;2610;2532;2498;2481;2470;2480;
1426022;"Korczew (2)";2757;2716;2662;2620;2599;2474;2418;2369;2334;2306;
1426032;"Kotuń (2)";8515;8575;8575;8526;8501;8199;8177;8132;8128;8081;
1426042;"Mokobody (2)";5088;5019;5040;5017;4939;4856;4841;4862;4787;4745;
1426053;"Mordy (3)";6009;5954;5881;5844;5780;5519;5445;5369;5334;5293;
1426054;"Mordy - miasto (4)";1804;1779;1780;1793;1750;1632;1612;1602;1599;1580;
1426055;"Mordy - obszar wiejski (5)";4205;4175;4101;4051;4030;3887;3833;3767;3735;3713;
1426062;"Paprotnia (2)";2626;2587;2572;2556;2549;2424;2390;2378;2367;2382;
1426072;"Przesmyki (2)";3346;3287;3228;3182;3169;2932;2858;2797;2767;2750;
1426082;"Siedlce (2)";17628;17972;18054;18226;18406;19215;19360;19535;19657;19890;
1426092;"Skórzec (2)";7712;7741;7782;7847;7872;8065;8096;8170;8231;8217;
1426102;"Suchożebry (2)";4676;4715;4687;4675;4693;4662;4660;4677;4706;4731;
1426112;"Wiśniew (2)";5795;5788;5754;5747;5747;5704;5688;5714;5735;5730;
1426122;"Wodynie (2)";4503;4450;4454;4414;4391;4261;4226;4185;4129;4074;
1426132;"Zbuczyn (2)";10092;10121;10087;10074;10106;9847;9812;9823;9796;9767;
1427000;"Powiat sierpecki";52980;52721;52559;52196;51954;49607;49078;48639;48259;47742;
1427011;"Sierpc (1)";18317;18192;18148;18014;17933;17359;17199;17026;16941;16692;
1427022;"Gozdowo (2)";6008;5994;5972;5958;5943;5800;5736;5719;5662;5616;
1427032;"Mochowo (2)";6108;6101;6091;6050;6009;5659;5603;5567;5526;5482;
1427042;"Rościszewo (2)";4223;4211;4169;4146;4139;3889;3842;3781;3743;3705;
1427052;"Sierpc (2)";7107;7108;7120;7034;7042;6720;6675;6623;6583;6536;
1427062;"Szczutowo (2)";4338;4307;4307;4347;4310;4066;4039;4021;3982;3938;
1427072;"Zawidz (2)";6879;6808;6752;6647;6578;6114;5984;5902;5822;5773;
1428000;"Powiat sochaczewski";85167;85175;85175;85105;85045;83999;83655;83333;83174;82854;
1428011;"Sochaczew (1)";37102;36971;36790;36462;36282;34575;34139;33698;33456;33154;
1428022;"Brochów (2)";4308;4334;4358;4360;4371;4442;4425;4415;4419;4430;
1428032;"Iłów (2)";6236;6193;6157;6183;6132;6047;5986;5916;5857;5826;
1428042;"Młodzieszyn (2)";5589;5595;5598;5554;5575;5555;5555;5571;5589;5595;
1428052;"Nowa Sucha (2)";6519;6570;6586;6647;6686;6760;6790;6800;6853;6889;
1428062;"Rybno (2)";3453;3477;3476;3476;3478;3426;3404;3407;3423;3404;
1428072;"Sochaczew (2)";10491;10597;10757;10922;10976;11592;11739;11893;11993;12001;
1428082;"Teresin (2)";11469;11438;11453;11501;11545;11602;11617;11633;11584;11555;
1429000;"Powiat sokołowski";55152;54874;54604;54217;53804;51725;51093;50618;50064;49551;
1429011;"Sokołów Podlaski (1)";18763;18835;18924;18939;18945;18551;18502;18473;18361;18209;
1429022;"Bielany (2)";3695;3680;3651;3639;3609;3565;3537;3491;3470;3462;
1429032;"Ceranów (2)";2307;2272;2263;2220;2169;1951;1879;1850;1812;1777;
1429042;"Jabłonna Lacka (2)";4663;4603;4591;4496;4417;4342;4242;4153;4065;4002;
1429053;"Kosów Lacki (3)";6276;6215;6112;6006;5947;5583;5482;5405;5334;5279;
1429054;"Kosów Lacki - miasto (4)";2152;2160;2120;2088;2087;2007;1998;1973;1962;1964;
1429055;"Kosów Lacki - obszar wiejski (5)";4124;4055;3992;3918;3860;3576;3484;3432;3372;3315;
1429062;"Repki (2)";5437;5370;5326;5255;5173;4800;4732;4682;4612;4522;
1429072;"Sabnie (2)";3808;3769;3693;3697;3636;3471;3390;3328;3253;3200;
1429082;"Sokołów Podlaski (2)";6061;6061;6021;6008;6019;5886;5843;5791;5772;5772;
1429092;"Sterdyń (2)";4142;4069;4023;3957;3889;3576;3486;3445;3385;3328;
1430000;"Powiat szydłowiecki";40241;40075;39938;39864;39672;38334;38010;37791;37500;37244;
1430012;"Chlewiska (2)";6094;6019;6010;5972;5911;5658;5610;5573;5505;5425;
1430022;"Jastrząb (2)";5254;5248;5242;5212;5196;5135;5128;5145;;;
1430023;"Jastrząb (3)";;;;;;;;;5127;5125;
1430024;"Jastrząb - miasto (4)";;;;;;;;;1178;1187;
1430025;"Jastrząb - obszar wiejski (5)";;;;;;;;;3949;3938;
1430032;"Mirów (2)";3886;3897;3885;3898;3898;3784;3770;3763;3738;3715;
1430042;"Orońsko (2)";5982;5960;5935;5963;5969;5993;5954;5956;5918;5934;
1430053;"Szydłowiec (3)";19025;18951;18866;18819;18698;17764;17548;17354;17212;17045;
1430054;"Szydłowiec - miasto (4)";11940;11894;11854;11779;11687;10999;10809;10671;10556;10401;
1430055;"Szydłowiec - obszar wiejski (5)";7085;7057;7012;7040;7011;6765;6739;6683;6656;6644;
1432000;"Powiat warszawski zachodni";112957;114079;115466;117007;118613;129926;131550;133217;135216;136493;
1432013;"Błonie (3)";21291;21356;21530;21605;21565;22108;22147;22191;22419;22510;
1432014;"Błonie - miasto (4)";12418;12371;12354;12327;12195;12177;12095;12100;12172;12165;
1432015;"Błonie - obszar wiejski (5)";8873;8985;9176;9278;9370;9931;10052;10091;10247;10345;
1432022;"Izabelin (2)";10526;10521;10592;10602;10572;10713;10760;10800;10791;10720;
1432032;"Kampinos (2)";4297;4293;4337;4354;4347;4468;4466;4475;4472;4499;
1432042;"Leszno (2)";10065;10084;10091;10172;10207;10876;10928;10995;11072;11175;
1432053;"Łomianki (3)";25543;25920;26229;26723;27203;30462;30939;31417;31887;32199;
1432054;"Łomianki - miasto (4)";16669;16780;16875;16977;17042;18106;18118;18168;18226;18248;
1432055;"Łomianki - obszar wiejski (5)";8874;9140;9354;9746;10161;12356;12821;13249;13661;13951;
1432063;"Ożarów Mazowiecki (3)";23194;23604;24060;24676;25440;29428;30129;30775;31534;32078;
1432064;"Ożarów Mazowiecki - miasto (4)";10981;11139;11311;11576;11938;14274;14719;15157;15623;15940;
1432065;"Ożarów Mazowiecki - obszar wiejski (5)";12213;12465;12749;13100;13502;15154;15410;15618;15911;16138;
1432072;"Stare Babice (2)";18041;18301;18627;18875;19279;21871;22181;22564;23041;23312;
1433000;"Powiat węgrowski";67005;66825;66508;66174;65822;63343;62655;62271;61908;61472;
1433011;"Węgrów (1)";12781;12771;12765;12672;12583;12007;11911;11839;11844;11718;
1433022;"Grębków (2)";4457;4464;4471;4467;4443;4309;4276;4249;4240;4228;
1433032;"Korytnica (2)";6388;6379;6291;6250;6218;5705;5594;5560;5509;5466;
1433042;"Liw (2)";7531;7542;7462;7422;7344;7266;7202;7150;7056;7017;
1433053;"Łochów (3)";17926;17893;17922;17886;17899;17539;17376;17324;17260;17230;
1433054;"Łochów - miasto (4)";6841;6827;6848;6821;6838;6706;6632;6568;6545;6502;
1433055;"Łochów - obszar wiejski (5)";11085;11066;11074;11065;11061;10833;10744;10756;10715;10728;
1433062;"Miedzna (2)";3964;3949;3889;3854;3812;3701;3653;3613;3576;3544;
1433072;"Sadowne (2)";5961;5915;5896;5877;5828;5605;5561;5514;5516;5430;
1433082;"Stoczek (2)";5112;5063;5008;4974;4945;4662;4586;4540;4478;4437;
1433092;"Wierzbno (2)";2885;2849;2804;2772;2750;2549;2496;2482;2429;2402;
1434000;"Powiat wołomiński";235043;238478;241890;245357;249299;267541;270560;273411;275871;277725;
1434011;"Kobyłka (1)";21890;22459;23120;23706;24414;26933;27580;27998;28339;28599;
1434021;"Marki (1)";30595;31687;32686;33914;35461;41905;43164;44387;45365;46163;
1434031;"Ząbki (1)";33818;34784;35770;36706;37818;43455;44325;45013;45347;45538;
1434041;"Zielonka (1)";17488;17499;17539;17589;17560;18204;18179;18137;18143;18047;
1434052;"Dąbrówka (2)";7925;8010;8032;8097;8150;8453;8484;8560;8651;8700;
1434062;"Jadów (2)";7612;7598;7571;7557;7462;7216;7141;7094;;;
1434063;"Jadów (3)";;;;;;;;;7056;6976;
1434064;"Jadów - miasto (4)";;;;;;;;;907;895;
1434065;"Jadów - obszar wiejski (5)";;;;;;;;;6149;6081;
1434072;"Klembów (2)";9628;9723;9837;9891;9968;10696;10873;11097;11356;11568;
1434082;"Poświętne (2)";6154;6185;6195;6223;6249;6384;6396;6478;6491;6542;
1434093;"Radzymin (3)";25663;26140;26574;26997;27504;29898;30302;30733;31286;31933;
1434094;"Radzymin - miasto (4)";12057;12377;12644;12876;13118;14256;14444;14668;14962;15333;
1434095;"Radzymin - obszar wiejski (5)";13606;13763;13930;14121;14386;15642;15858;16065;16324;16600;
1434102;"Strachówka (2)";2779;2758;2751;2742;2720;2662;2633;2615;2594;2563;
1434113;"Tłuszcz (3)";19782;19861;19990;20026;20109;20095;20087;20141;20186;20204;
1434114;"Tłuszcz - miasto (4)";8055;8088;8127;8157;8196;8056;8002;8007;8032;8064;
1434115;"Tłuszcz - obszar wiejski (5)";11727;11773;11863;11869;11913;12039;12085;12134;12154;12140;
1434123;"Wołomin (3)";51709;51774;51825;51909;51884;51640;51396;51158;51057;50892;
1434124;"Wołomin - miasto (4)";37318;37254;37164;37138;37056;36419;36063;35821;35620;35313;
1434125;"Wołomin - obszar wiejski (5)";14391;14520;14661;14771;14828;15221;15333;15337;15437;15579;
1435000;"Powiat wyszkowski";73951;73994;74020;74065;74220;73854;73707;73562;73441;73179;
1435012;"Brańszczyk (2)";8380;8341;8307;8285;8252;8274;8251;8150;8082;8039;
1435022;"Długosiodło (2)";7887;7876;7853;7817;7779;7568;7489;7451;7414;7391;
1435032;"Rząśnik (2)";7012;7011;7003;7018;7004;6858;6851;6843;6818;6765;
1435042;"Somianka (2)";5590;5588;5593;5604;5605;5643;5605;5617;5613;5603;
1435053;"Wyszków (3)";39209;39324;39395;39408;39637;39409;39383;39336;39331;39165;
1435054;"Wyszków - miasto (4)";27075;27066;26965;26890;26997;26381;26241;26132;26019;25857;
1435055;"Wyszków - obszar wiejski (5)";12134;12258;12430;12518;12640;13028;13142;13204;13312;13308;
1435062;"Zabrodzie (2)";5873;5854;5869;5933;5943;6102;6128;6165;6183;6216;
1436000;"Powiat zwoleński";36761;36693;36606;36328;36166;35079;34732;34535;34288;34091;
1436012;"Kazanów (2)";4588;4576;4562;4539;4504;4370;4332;4290;4247;4228;
1436022;"Policzna (2)";5685;5639;5615;5557;5473;5303;5218;5171;5104;5088;
1436032;"Przyłęk (2)";6314;6283;6242;6182;6154;5959;5859;5818;5758;5741;
1436042;"Tczów (2)";4884;4924;4916;4911;4910;4835;4824;4815;4792;4755;
1436053;"Zwoleń (3)";15290;15271;15271;15139;15125;14612;14499;14441;14387;14279;
1436054;"Zwoleń - miasto (4)";7944;7914;7855;7737;7715;7435;7331;7240;7162;7081;
1436055;"Zwoleń - obszar wiejski (5)";7346;7357;7416;7402;7410;7177;7168;7201;7225;7198;
1437000;"Powiat żuromiński";39736;39586;39263;38944;38515;36776;36312;35882;35486;35122;
1437013;"Bieżuń (3)";5181;5172;5088;5021;4973;4725;4691;4605;4539;4478;
1437014;"Bieżuń - miasto (4)";1901;1908;1875;1856;1850;1764;1743;1719;1713;1683;
1437015;"Bieżuń - obszar wiejski (5)";3280;3264;3213;3165;3123;2961;2948;2886;2826;2795;
1437022;"Kuczbork-Osada (2)";4863;4844;4824;4769;4714;4418;4351;4310;4259;4192;
1437032;"Lubowidz (2)";7067;7026;6965;6894;;;;;;;
1437033;"Lubowidz (3)";;;;;6849;6508;6395;6319;6264;6196;
1437034;"Lubowidz - miasto (4)";;;;;1651;1594;1564;1519;1499;1463;
1437035;"Lubowidz - obszar wiejski (5)";;;;;5198;4914;4831;4800;4765;4733;
1437042;"Lutocin (2)";4416;4372;4362;4298;4236;4100;4044;4007;3963;3919;
1437052;"Siemiątkowo (2)";3563;3584;3513;3504;3439;3289;3259;3204;3166;3139;
1437063;"Żuromin (3)";14646;14588;14511;14458;14304;13736;13572;13437;13295;13198;
1437064;"Żuromin - miasto (4)";8997;8958;8941;8901;8816;8638;8568;8490;8437;8415;
1437065;"Żuromin - obszar wiejski (5)";5649;5630;5570;5557;5488;5098;5004;4947;4858;4783;
1438000;"Powiat żyrardowski";76138;76164;76056;75848;75749;76141;75614;75414;75153;74935;
1438011;"Żyrardów (1)";40652;40504;40243;39992;39828;39481;39069;38784;38594;38401;
1438023;"Mszczonów (3)";11552;11568;11603;11554;11525;11486;11384;11360;11311;11247;
1438024;"Mszczonów - miasto (4)";6419;6428;6433;6386;6343;6264;6182;6159;6090;6022;
1438025;"Mszczonów - obszar wiejski (5)";5133;5140;5170;5168;5182;5222;5202;5201;5221;5225;
1438032;"Puszcza Mariańska (2)";8545;8601;8630;8630;8661;8796;8787;8772;8833;8795;
1438042;"Radziejowice (2)";5547;5616;5710;5789;5855;6227;6273;6422;6455;6545;
1438052;"Wiskitki (2)";9842;9875;9870;9883;9880;10151;;;;;
1438053;"Wiskitki (3)";;;;;;;10101;10076;9960;9947;
1438054;"Wiskitki - miasto (4)";;;;;;;1411;1421;1442;1478;
1438055;"Wiskitki - obszar wiejski (5)";;;;;;;8690;8655;8518;8469;
1461000;"Powiat m. Ostrołęka";52571;52337;52215;52262;52055;49913;49275;48712;48229;47696;
1461011;"Ostrołęka (1)";52571;52337;52215;52262;52055;49913;49275;48712;48229;47696;
1462000;"Powiat m. Płock";121731;121295;120787;120000;119425;114974;113660;112483;111190;110015;
1462011;"Płock (1)";121731;121295;120787;120000;119425;114974;113660;112483;111190;110015;
1463000;"Powiat m. Radom";216159;215020;214566;213029;211371;202259;199904;197848;196005;193777;
1463011;"Radom (1)";216159;215020;214566;213029;211371;202259;199904;197848;196005;193777;
1464000;"Powiat m. Siedlce";76942;77020;77653;77872;78185;76471;76005;75623;75297;74780;
1464011;"Siedlce (1)";76942;77020;77653;77872;78185;76471;76005;75623;75297;74780;
1465000;"Powiat m. st. Warszawa";1744351;1753977;1764615;1777972;1790658;1861774;1863056;1861975;1861599;1863845;
1465011;"M.st.Warszawa od 2002 (1)";1744351;1753977;1764615;1777972;1790658;1861774;1863056;1861975;1861599;1863845;
1465028;"Bemowo - dzielnica (8)";119113;120449;122210;123932;125119;129374;129169;129063;129188;128895;
1465038;"Białołęka - dzielnica (8)";112845;116127;119374;124125;129106;150367;153100;156009;158749;161428;
1465048;"Bielany - dzielnica (8)";131919;131957;132026;131910;131592;134813;133478;132320;131420;130527;
1465058;"Mokotów - dzielnica (8)";218042;217815;217577;217683;218265;227160;225916;225556;225519;224935;
1465068;"Ochota - dzielnica (8)";84077;83592;83081;82774;82484;79576;80988;80347;79357;78643;
1465078;"Praga-Południe - dzielnica (8)";178267;178447;178726;179836;180789;187645;186834;186466;185810;186302;
1465088;"Praga-Północ - dzielnica (8)";66495;65904;64904;64113;63481;61546;60855;60211;59632;59183;
1465098;"Rembertów - dzielnica (8)";23964;24105;24148;24328;24513;24834;24670;24697;24822;25010;
1465108;"Śródmieście - dzielnica (8)";119193;118301;117005;115395;113713;103649;101979;99950;97983;96225;
1465118;"Targówek - dzielnica (8)";123441;123535;123941;124279;124992;125036;124240;123635;123067;122711;
1465128;"Ursus - dzielnica (8)";57237;58233;59261;60112;61312;66543;67373;68396;69574;71020;
1465138;"Ursynów - dzielnica (8)";149167;149843;150273;150668;151304;152807;151432;150500;149775;149879;
1465148;"Wawer - dzielnica (8)";73923;74932;75991;77205;78244;85673;86399;87321;88512;89544;
1465158;"Wesoła - dzielnica (8)";24451;24811;25106;25439;25798;26124;26380;26463;26632;26698;
1465168;"Wilanów - dzielnica (8)";32794;35170;37511;40060;42134;50182;51172;51972;52472;53162;
1465178;"Włochy - dzielnica (8)";40857;41423;41929;42862;43613;48739;49280;49526;50143;50753;
1465188;"Wola - dzielnica (8)";138517;138508;140111;140958;141407;151052;151158;150734;150319;150203;
1465198;"Żoliborz - dzielnica (8)";50049;50825;51441;52293;52792;56654;58633;58809;58625;58727;
1600000;"OPOLSKIE";996011;993036;990069;986506;982626;955844;948583;942441;936725;930296;
1601000;"Powiat brzeski";91191;90771;90493;90275;89804;88032;87312;86730;86149;85613;
1601011;"Brzeg (1)";36469;36292;36110;35930;35709;34629;34177;33768;33403;33101;
1601022;"Skarbimierz (2)";7928;7970;8057;8147;8217;8457;8539;8659;8733;8806;
1601033;"Grodków (3)";19511;19388;19376;19242;19087;18441;18269;18091;17927;17729;
1601034;"Grodków - miasto (4)";8776;8706;8700;8667;8570;8240;8122;8010;7902;7800;
1601035;"Grodków - obszar wiejski (5)";10735;10682;10676;10575;10517;10201;10147;10081;10025;9929;
1601043;"Lewin Brzeski (3)";13299;13175;13064;13020;12940;12723;12580;12488;12425;12330;
1601044;"Lewin Brzeski - miasto (4)";5904;5823;5774;5743;5722;5682;5635;5602;5585;5537;
1601045;"Lewin Brzeski - obszar wiejski (5)";7395;7352;7290;7277;7218;7041;6945;6886;6840;6793;
1601052;"Lubsza (2)";9028;8987;8944;9008;8984;8999;8967;8941;8936;8956;
1601062;"Olszanka (2)";4956;4959;4942;4928;4867;4783;4780;4783;4725;4691;
1602000;"Powiat głubczycki";46892;46445;46209;45883;45552;43972;43607;43065;42608;42092;
1602013;"Baborów (3)";6151;6089;6038;6011;5976;5836;5786;5725;5673;5542;
1602014;"Baborów - miasto (4)";2964;2956;2933;2920;2920;2883;2867;2842;2823;2721;
1602015;"Baborów - obszar wiejski (5)";3187;3133;3105;3091;3056;2953;2919;2883;2850;2821;
1602022;"Branice (2)";6744;6569;6601;6524;6474;6381;6343;6268;6192;6175;
1602033;"Głubczyce (3)";22776;22658;22527;22395;22280;21468;21284;21013;20847;20541;
1602034;"Głubczyce - miasto (4)";12799;12735;12624;12596;12521;12117;11958;11778;11651;11452;
1602035;"Głubczyce - obszar wiejski (5)";9977;9923;9903;9799;9759;9351;9326;9235;9196;9089;
1602043;"Kietrz (3)";11221;11129;11043;10953;10822;10287;10194;10059;9896;9834;
1602044;"Kietrz - miasto (4)";6118;6044;6061;6034;5951;5663;5591;5522;5447;5418;
1602045;"Kietrz - obszar wiejski (5)";5103;5085;4982;4919;4871;4624;4603;4537;4449;4416;
1603000;"Powiat kędzierzyńsko-kozielski";96139;95750;95236;94487;93880;89355;87983;87011;86161;85435;
1603011;"Kędzierzyn-Koźle (1)";62399;62088;61661;61062;60641;57148;56033;55172;54387;53849;
1603022;"Bierawa (2)";7866;7898;7929;7944;7912;7537;7530;7519;7536;7505;
1603032;"Cisek (2)";5750;5708;5679;5627;5593;5465;5392;5352;5331;5263;
1603042;"Pawłowiczki (2)";7719;7682;7609;7547;7426;7198;7121;7063;7021;6942;
1603052;"Polska Cerekiew (2)";4156;4123;4129;4051;4013;3866;3788;3774;3745;3714;
1603062;"Reńska Wieś (2)";8249;8251;8229;8256;8295;8141;8119;8131;8141;8162;
1604000;"Powiat kluczborski";66707;66446;66189;65837;65470;62890;62314;61714;61236;60536;
1604013;"Byczyna (3)";9513;9463;9424;9352;9221;8929;8811;8700;8577;8462;
1604014;"Byczyna - miasto (4)";3658;3652;3651;3609;3534;3499;3453;3393;3353;3309;
1604015;"Byczyna - obszar wiejski (5)";5855;5811;5773;5743;5687;5430;5358;5307;5224;5153;
1604023;"Kluczbork (3)";36406;36262;36116;35980;35938;34788;34570;34308;34121;33669;
1604024;"Kluczbork - miasto (4)";24207;24000;23797;23661;23480;22747;22523;22258;22033;21607;
1604025;"Kluczbork - obszar wiejski (5)";12199;12262;12319;12319;12458;12041;12047;12050;12088;12062;
1604032;"Lasowice Wielkie (2)";6949;6936;6901;6862;6827;6459;6416;6381;6348;6332;
1604043;"Wołczyn (3)";13839;13785;13748;13643;13484;12714;12517;12325;12190;12073;
1604044;"Wołczyn - miasto (4)";5947;5959;5958;5921;5884;5570;5479;5369;5320;5267;
1604045;"Wołczyn - obszar wiejski (5)";7892;7826;7790;7722;7600;7144;7038;6956;6870;6806;
1605000;"Powiat krapkowicki";64599;64373;64227;63942;63747;60705;60273;59963;59647;59288;
1605013;"Gogolin (3)";12436;12502;12544;12609;12662;11736;11699;11641;11658;11632;
1605014;"Gogolin - miasto (4)";6564;6592;6640;6661;6734;6420;6428;6393;6418;6421;
1605015;"Gogolin - obszar wiejski (5)";5872;5910;5904;5948;5928;5316;5271;5248;5240;5211;
1605023;"Krapkowice (3)";23148;22988;22866;22728;22568;22072;21817;21680;21519;21365;
1605024;"Krapkowice - miasto (4)";16789;16615;16500;16381;16222;15827;15605;15464;15282;15139;
1605025;"Krapkowice - obszar wiejski (5)";6359;6373;6366;6347;6346;6245;6212;6216;6237;6226;
1605032;"Strzeleczki (2)";7425;7438;7434;7413;7398;7241;7230;7228;7220;;
1605033;"Strzeleczki (3)";;;;;;;;;;7203;
1605034;"Strzeleczki - miasto (4)";;;;;;;;;;1521;
1605035;"Strzeleczki - obszar wiejski (5)";;;;;;;;;;5682;
1605042;"Walce (2)";5550;5531;5494;5440;5397;5245;5199;5166;5152;5125;
1605053;"Zdzieszowice (3)";16040;15914;15889;15752;15722;14411;14328;14248;14098;13963;
1605054;"Zdzieszowice - miasto (4)";11801;11678;11633;11471;11449;10418;10333;10267;10157;10035;
1605055;"Zdzieszowice - obszar wiejski (5)";4239;4236;4256;4281;4273;3993;3995;3981;3941;3928;
1606000;"Powiat namysłowski";42615;42707;42677;42688;42634;42393;42394;42155;42033;41753;
1606012;"Domaszowice (2)";3647;3633;3635;3609;3569;3489;3505;3470;3473;3422;
1606023;"Namysłów (3)";25749;25888;25936;26071;26172;26375;26456;26348;26297;26195;
1606024;"Namysłów - miasto (4)";16105;16271;16360;16490;16596;16945;16994;16910;16818;16716;
1606025;"Namysłów - obszar wiejski (5)";9644;9617;9576;9581;9576;9430;9462;9438;9479;9479;
1606032;"Pokój (2)";5284;5293;5272;5233;5178;5090;5086;5062;5021;4950;
1606042;"Świerczów (2)";3429;3418;3378;3351;3330;3139;3112;3094;3059;3019;
1606052;"Wilków (2)";4506;4475;4456;4424;4385;4300;4235;4181;4183;4167;
1607000;"Powiat nyski";138969;138369;137819;136946;135948;132011;130567;129353;127992;126897;
1607013;"Głuchołazy (3)";24254;24064;23962;23774;23643;23071;22775;22534;22292;22064;
1607014;"Głuchołazy - miasto (4)";13925;13780;13735;13585;13503;13207;12965;12801;12621;12474;
1607015;"Głuchołazy - obszar wiejski (5)";10329;10284;10227;10189;10140;9864;9810;9733;9671;9590;
1607022;"Kamiennik (2)";3570;3547;3523;3486;3444;3276;3236;3162;3143;3100;
1607033;"Korfantów (3)";9121;9049;8978;8870;8734;8560;8516;8450;8364;8298;
1607034;"Korfantów - miasto (4)";1875;1842;1842;1817;1793;1738;1738;1715;1689;1692;
1607035;"Korfantów - obszar wiejski (5)";7246;7207;7136;7053;6941;6822;6778;6735;6675;6606;
1607042;"Łambinowice (2)";7697;7678;7602;7529;7441;7396;7294;7230;7161;7092;
1607053;"Nysa (3)";57710;57641;57579;57272;56951;55304;54758;54262;53736;53336;
1607054;"Nysa - miasto (4)";44500;44474;44397;44044;43681;42306;41692;41205;40685;40287;
1607055;"Nysa - obszar wiejski (5)";13210;13167;13182;13228;13270;12998;13066;13057;13051;13049;
1607063;"Otmuchów (3)";13803;13746;13634;13620;13501;13096;12962;12857;12734;12652;
1607064;"Otmuchów - miasto (4)";5000;4996;4946;6615;6552;6358;6289;6230;6179;6096;
1607065;"Otmuchów - obszar wiejski (5)";8803;8750;8688;7005;6949;6738;6673;6627;6555;6556;
1607073;"Paczków (3)";12945;12819;12770;12649;12535;11884;11680;11573;11407;11254;
1607074;"Paczków - miasto (4)";7689;7605;7600;7530;7464;6960;6829;6748;6607;6527;
1607075;"Paczków - obszar wiejski (5)";5256;5214;5170;5119;5071;4924;4851;4825;4800;4727;
1607082;"Pakosławice (2)";3582;3575;3542;3512;3500;3440;3381;3360;3289;3273;
1607092;"Skoroszyce (2)";6287;6250;6229;6234;6199;5984;5965;5925;5866;5828;
1608000;"Powiat oleski";65306;65101;64848;64602;64293;62311;61954;61662;61281;60798;
1608013;"Dobrodzień (3)";10003;10030;9983;9912;9838;9247;9188;9165;9144;9104;
1608014;"Dobrodzień - miasto (4)";3761;3754;3749;3722;3690;3500;3486;3489;3447;3424;
1608015;"Dobrodzień - obszar wiejski (5)";6242;6276;6234;6190;6148;5747;5702;5676;5697;5680;
1608023;"Gorzów Śląski (3)";7217;7185;7162;7147;7131;7075;7047;6992;6922;6846;
1608024;"Gorzów Śląski - miasto (4)";2491;2460;2451;2452;2467;2437;2430;2432;2420;2418;
1608025;"Gorzów Śląski - obszar wiejski (5)";4726;4725;4711;4695;4664;4638;4617;4560;4502;4428;
1608033;"Olesno (3)";17941;17841;17778;17754;17763;17335;17313;17279;17214;17090;
1608034;"Olesno - miasto (4)";9484;9439;9400;9406;9407;9135;9127;9092;9047;8957;
1608035;"Olesno - obszar wiejski (5)";8457;8402;8378;8348;8356;8200;8186;8187;8167;8133;
1608043;"Praszka (3)";13721;13694;13630;13575;13472;13167;13039;12960;12863;12725;
1608044;"Praszka - miasto (4)";7855;7773;7724;7704;7602;7373;7235;7182;7110;6975;
1608045;"Praszka - obszar wiejski (5)";5866;5921;5906;5871;5870;5794;5804;5778;5753;5750;
1608052;"Radłów (2)";4390;4377;4360;4337;4299;4138;4110;4078;4047;4010;
1608062;"Rudniki (2)";8313;8291;8242;8201;8159;7832;7770;7730;7649;7593;
1608072;"Zębowice (2)";3721;3683;3693;3676;3631;3517;3487;3458;3442;3430;
1609000;"Powiat opolski";133048;133160;123612;123520;123726;121082;120775;120762;120841;120754;
1609012;"Chrząstowice (2)";6816;6862;6917;6947;7013;6975;7016;7080;7161;7195;
1609022;"Dąbrowa (2)";9632;9682;8213;8227;8269;8117;8166;8189;8203;8201;
1609032;"Dobrzeń Wielki (2)";14552;14596;9410;9412;9478;9174;9160;9142;9117;9145;
1609042;"Komprachcice (2)";11111;11199;9064;9076;9120;9249;9204;9253;9357;9347;
1609052;"Łubniany (2)";9695;9711;9769;9781;9872;9940;10028;10071;10107;10156;
1609062;"Murów (2)";5504;5456;5397;5347;5298;5174;5107;5074;5026;5017;
1609073;"Niemodlin (3)";13417;13354;13305;13276;13162;12894;12691;12630;12557;12420;
1609074;"Niemodlin - miasto (4)";6519;6485;6431;6359;6279;6107;5985;5926;5853;5734;
1609075;"Niemodlin - obszar wiejski (5)";6898;6869;6874;6917;6883;6787;6706;6704;6704;6686;
1609083;"Ozimek (3)";19786;19751;19629;19610;19543;18642;18561;18488;18486;18360;
1609084;"Ozimek - miasto (4)";8992;8907;8807;8725;8603;8246;8135;8033;7962;7780;
1609085;"Ozimek - obszar wiejski (5)";10794;10844;10822;10885;10940;10396;10426;10455;10524;10580;
1609092;"Popielów (2)";8086;8115;8119;8062;8029;7792;7744;7692;7630;7611;
1609103;"Prószków (3)";9823;9793;9066;9063;9091;8822;8855;8932;8954;9026;
1609104;"Prószków - miasto (4)";2698;2648;2603;2591;2596;2538;2561;2568;2552;2542;
1609105;"Prószków - obszar wiejski (5)";7125;7145;6463;6472;6495;6284;6294;6364;6402;6484;
1609112;"Tarnów Opolski (2)";9592;9573;9612;9577;9628;9399;9367;9370;9397;9376;
1609122;"Tułowice (2)";5257;5245;5206;;;;;;;;
1609123;"Tułowice (3)";;;;5171;5205;5025;4989;4954;4916;4886;
1609124;"Tułowice - miasto (4)";;;;3998;4027;3763;3731;3681;3622;3591;
1609125;"Tułowice - obszar wiejski (5)";;;;1173;1178;1262;1258;1273;1294;1295;
1609132;"Turawa (2)";9777;9823;9905;9971;10018;9879;9887;9887;9930;10014;
1610000;"Powiat prudnicki";56174;55915;55748;55524;55237;53171;52518;51910;51443;50875;
1610013;"Biała (3)";10721;10686;10647;10624;10565;10181;10037;9930;9853;9751;
1610014;"Biała - miasto (4)";2468;2460;2454;2443;2414;2358;2303;2276;2256;2224;
1610015;"Biała - obszar wiejski (5)";8253;8226;8193;8181;8151;7823;7734;7654;7597;7527;
1610023;"Głogówek (3)";13445;13349;13351;13293;13221;12990;12825;12652;12574;12430;
1610024;"Głogówek - miasto (4)";5608;5573;5607;5604;5585;5650;5568;5479;5445;5418;
1610025;"Głogówek - obszar wiejski (5)";7837;7776;7744;7689;7636;7340;7257;7173;7129;7012;
1610032;"Lubrza (2)";4363;4370;4376;4338;4342;4202;4162;4138;4154;4124;
1610043;"Prudnik (3)";27645;27510;27374;27269;27109;25798;25494;25190;24862;24570;
1610044;"Prudnik - miasto (4)";21472;21368;21237;21138;20989;19829;19510;19251;18974;18689;
1610045;"Prudnik - obszar wiejski (5)";6173;6142;6137;6131;6120;5969;5984;5939;5888;5881;
1611000;"Powiat strzelecki";75440;75277;74871;74665;74300;72382;72111;71658;71257;70763;
1611012;"Izbicko (2)";5413;5444;5418;5424;5412;5203;5254;5283;5283;5313;
1611022;"Jemielnica (2)";7176;7225;7176;7216;7236;7000;7021;7010;7041;7034;
1611033;"Kolonowskie (3)";5957;5923;5898;5919;5874;5699;5738;5705;5709;5630;
1611034;"Kolonowskie - miasto (4)";3343;3336;3324;3328;3294;3167;3217;3196;3207;3189;
1611035;"Kolonowskie - obszar wiejski (5)";2614;2587;2574;2591;2580;2532;2521;2509;2502;2441;
1611043;"Leśnica (3)";7849;7837;7751;7623;7550;7601;7562;7492;7394;7352;
1611044;"Leśnica - miasto (4)";2664;2685;2668;2585;2555;2607;2589;2561;2546;2517;
1611045;"Leśnica - obszar wiejski (5)";5185;5152;5083;5038;4995;4994;4973;4931;4848;4835;
1611053;"Strzelce Opolskie (3)";31040;30941;30764;30688;30515;29781;29529;29283;29018;28713;
1611054;"Strzelce Opolskie - miasto (4)";18244;18185;18057;17982;17835;17557;17349;17147;16975;16734;
1611055;"Strzelce Opolskie - obszar wiejski (5)";12796;12756;12707;12706;12680;12224;12180;12136;12043;11979;
1611063;"Ujazd (3)";6351;6363;6400;6416;6409;6363;6350;6343;6366;6369;
1611064;"Ujazd - miasto (4)";1747;1785;1770;1774;1737;1776;1784;1799;1818;1833;
1611065;"Ujazd - obszar wiejski (5)";4604;4578;4630;4642;4672;4587;4566;4544;4548;4536;
1611073;"Zawadzkie (3)";11654;11544;11464;11379;11304;10735;10657;10542;10446;10352;
1611074;"Zawadzkie - miasto (4)";7411;7318;7250;7168;7107;6676;6599;6452;6358;6298;
1611075;"Zawadzkie - obszar wiejski (5)";4243;4226;4214;4211;4197;4059;4058;4090;4088;4054;
1661000;"Powiat m. Opole";118931;118722;128140;128137;128035;127540;126775;126458;126077;125492;
1661011;"Opole (1)";118931;118722;128140;128137;128035;127540;126775;126458;126077;125492;
1800000;"PODKARPACKIE";2127657;2127656;2129138;2129015;2127164;2096166;2085932;2079098;2071676;2062997;
1801000;"Powiat bieszczadzki";22072;21990;21891;21879;21664;21087;20940;20777;20601;20423;
1801032;"Czarna (2)";2402;2410;2418;2410;2389;2376;2394;2375;2351;2346;
1801052;"Lutowiska (2)";2089;2082;2077;2101;2060;2031;2021;1983;1959;1953;
1801083;"Ustrzyki Dolne (3)";17581;17498;17396;17368;17215;16680;16525;16419;16291;16124;
1801084;"Ustrzyki Dolne - miasto (4)";9335;9235;9176;9132;9041;8762;8604;8509;8410;8246;
1801085;"Ustrzyki Dolne - obszar wiejski (5)";8246;8263;8220;8236;8174;7918;7921;7910;7881;7878;
1802000;"Powiat brzozowski";66112;65990;65938;65713;65567;64304;63918;63591;63203;62822;
1802013;"Brzozów (3)";26611;26645;26659;26629;26599;26271;26126;25995;25875;25777;
1802014;"Brzozów - miasto (4)";7509;7516;7471;7455;7438;7379;7289;7245;7158;7168;
1802015;"Brzozów - obszar wiejski (5)";19102;19129;19188;19174;19161;18892;18837;18750;18717;18609;
1802022;"Domaradz (2)";6069;6107;6112;6094;6100;5877;5857;5854;5792;5789;
1802032;"Dydnia (2)";8054;8013;7997;7937;7914;7702;7619;7557;7520;7464;
1802042;"Haczów (2)";9303;9220;9161;9128;9113;9087;9057;9026;8967;8927;
1802052;"Jasienica Rosielna (2)";7769;7794;7829;7829;7845;7658;7619;7582;7554;7458;
1802062;"Nozdrzec (2)";8306;8211;8180;8096;7996;7709;7640;7577;7495;7407;
1803000;"Powiat dębicki";135293;135336;135479;135471;135299;133915;133330;132873;132615;131981;
1803011;"Dębica (1)";46389;46289;46063;45817;45504;44192;43698;43301;42986;42600;
1803023;"Brzostek (3)";13167;13126;13091;13090;13010;12865;12736;12682;12669;12592;
1803024;"Brzostek - miasto (4)";2712;2721;2714;2742;2746;2711;2724;2674;2688;2663;
1803025;"Brzostek - obszar wiejski (5)";10455;10405;10377;10348;10264;10154;10012;10008;9981;9929;
1803032;"Czarna (2)";12958;12974;13023;13095;13137;13402;13376;13326;13340;13330;
1803042;"Dębica (2)";25490;25591;25766;25777;25849;25693;25693;25632;25685;25600;
1803052;"Jodłowa (2)";5416;5408;5399;5397;5359;5288;5279;5256;5239;5184;
1803063;"Pilzno (3)";18026;18072;18176;18217;18250;18143;18213;18256;18247;18227;
1803064;"Pilzno - miasto (4)";4815;4862;4892;4903;4927;4942;4957;4980;4994;4977;
1803065;"Pilzno - obszar wiejski (5)";13211;13210;13284;13314;13323;13201;13256;13276;13253;13250;
1803072;"Żyraków (2)";13847;13876;13961;14078;14190;14332;14335;14420;14449;14448;
1804000;"Powiat jarosławski";121508;121299;120980;120714;120247;117823;117015;116458;115865;115103;
1804011;"Jarosław (1)";38360;38217;37892;37690;37479;36448;35945;35610;35298;34966;
1804021;"Radymno (1)";5366;5358;5335;5314;5273;5125;5066;5019;4935;4873;
1804032;"Chłopice (2)";5615;5595;5556;5539;5535;5385;5335;5305;5267;5229;
1804042;"Jarosław (2)";13169;13174;13192;13202;13213;13156;13141;13153;13125;13101;
1804052;"Laszki (2)";7022;6993;6976;6967;6922;6700;6677;6612;6572;6476;
1804062;"Pawłosiów (2)";8433;8412;8467;8448;8450;8454;8480;8450;8411;8372;
1804073;"Pruchnik (3)";9834;9807;9801;9793;9681;9415;9337;9315;9260;9238;
1804074;"Pruchnik - miasto (4)";3772;3778;3772;3774;3745;3635;3623;3633;3625;3621;
1804075;"Pruchnik - obszar wiejski (5)";6062;6029;6029;6019;5936;5780;5714;5682;5635;5617;
1804082;"Radymno (2)";11454;11458;11448;11478;11395;11053;10985;10941;10913;10819;
1804092;"Rokietnica (2)";4375;4375;4376;4363;4349;4261;4207;4159;4142;4109;
1804102;"Roźwienica (2)";6218;6225;6232;6228;6235;6172;6180;6172;6147;6105;
1804112;"Wiązownica (2)";11662;11685;11705;11692;11715;11654;11662;11722;11795;11815;
1805000;"Powiat jasielski";114773;114533;114156;113962;113450;111035;110185;109582;108819;108084;
1805011;"Jasło (1)";36001;35713;35445;35192;34882;33962;33463;33100;32727;32378;
1805022;"Brzyska (2)";6498;6531;6545;6549;6530;6408;6348;6357;6336;6284;
1805032;"Dębowiec (2)";8731;8780;8822;8862;8867;8794;8789;8808;8771;8752;
1805042;"Jasło (2)";16395;16407;16331;16357;16357;16093;16027;15952;15934;15872;
1805053;"Kołaczyce (3)";8957;8955;8964;8947;8929;8739;8665;8638;8590;8573;
1805054;"Kołaczyce - miasto (4)";1416;1418;1434;1403;1400;1386;1382;1378;1359;1359;
1805055;"Kołaczyce - obszar wiejski (5)";7541;7537;7530;7544;7529;7353;7283;7260;7231;7214;
1805062;"Krempna (2)";1917;1893;1887;1886;1861;1769;1736;1716;1697;1673;
1805072;"Nowy Żmigród (2)";9218;9201;9149;9101;9009;8843;8793;8722;8631;8535;
1805082;"Osiek Jasielski (2)";5403;5377;5358;5382;5372;5240;5220;5179;5164;5150;
1805092;"Skołyszyn (2)";12449;12496;12531;12521;12475;12175;12117;12071;11971;11893;
1805112;"Tarnowiec (2)";9204;9180;9124;9165;9168;9012;9027;9039;8998;8974;
1806000;"Powiat kolbuszowski";62513;62472;62401;62476;62246;61926;61574;61389;61160;60895;
1806012;"Cmolas (2)";8122;8122;8085;8104;8093;8090;8025;7985;7995;7915;
1806023;"Kolbuszowa (3)";24891;24827;24829;24859;24724;24497;24365;24314;24208;24138;
1806024;"Kolbuszowa - miasto (4)";9236;9189;9158;9133;9004;8729;8640;8564;8495;8394;
1806025;"Kolbuszowa - obszar wiejski (5)";15655;15638;15671;15726;15720;15768;15725;15750;15713;15744;
1806032;"Majdan Królewski (2)";9878;9875;9858;9887;9818;9759;9694;9650;9577;9521;
1806042;"Niwiska (2)";6032;6065;6044;6053;6091;6186;6197;6189;6201;6209;
1806052;"Raniżów (2)";7098;7069;7076;7078;7036;7002;6960;6930;6915;6872;
1806062;"Dzikowiec (2)";6492;6514;6509;6495;6484;6392;6333;6321;6264;6240;
1807000;"Powiat krośnieński";112117;112193;112481;112414;112283;110184;109633;109122;108659;108034;
1807012;"Chorkówka (2)";13448;13482;13469;13463;13464;13517;13505;13488;13469;13451;
1807023;"Dukla (3)";14744;14733;14665;14631;14554;14121;14023;13942;13847;13736;
1807024;"Dukla - miasto (4)";2127;2126;2098;2083;2070;2043;2017;1978;1971;1919;
1807025;"Dukla - obszar wiejski (5)";12617;12607;12567;12548;12484;12078;12006;11964;11876;11817;
1807033;"Iwonicz-Zdrój (3)";10985;10958;10945;10885;10886;10509;10432;10328;10223;10164;
1807034;"Iwonicz-Zdrój - miasto (4)";1849;1838;1798;1793;1789;1628;1592;1555;1540;1511;
1807035;"Iwonicz-Zdrój - obszar wiejski (5)";9136;9120;9147;9092;9097;8881;8840;8773;8683;8653;
1807043;"Jedlicze (3)";15511;15512;15497;15449;15432;15091;15005;14982;14910;14852;
1807044;"Jedlicze - miasto (4)";5754;5752;5761;5759;5717;5599;5561;5554;5530;5462;
1807045;"Jedlicze - obszar wiejski (5)";9757;9760;9736;9690;9715;9492;9444;9428;9380;9390;
1807052;"Korczyna (2)";11109;11146;11179;11212;11207;11176;11148;11108;11098;11047;
1807062;"Krościenko Wyżne (2)";5570;5570;5610;5645;5613;5450;5408;5373;5347;5294;
1807072;"Miejsce Piastowe (2)";13640;13664;13675;13684;13691;13431;13371;13332;13301;13216;
1807083;"Rymanów (3)";15809;15830;15891;15905;15922;15537;15394;15294;15202;15048;
1807084;"Rymanów - miasto (4)";3776;3770;3792;3819;3816;3645;3576;3575;3545;3508;
1807085;"Rymanów - obszar wiejski (5)";12033;12060;12099;12086;12106;11892;11818;11719;11657;11540;
1807092;"Wojaszówka (2)";9247;9263;9325;9323;9329;9250;9248;9199;9190;9195;
1807102;"Jaśliska (2)";2054;2035;2225;2217;2185;2102;2099;2076;2072;2031;
1808000;"Powiat leżajski";69701;69663;69641;69562;69370;67896;67439;67015;66698;66263;
1808011;"Leżajsk (1)";14122;14001;13990;13891;13799;13212;13019;12833;12697;12564;
1808022;"Grodzisko Dolne (2)";8081;8075;8050;8028;8026;7853;7812;7770;7718;7680;
1808032;"Kuryłówka (2)";5699;5715;5703;5734;5709;5627;5543;5517;5520;5454;
1808042;"Leżajsk (2)";20145;20210;20269;20296;20257;20020;19956;19890;19829;19792;
1808053;"Nowa Sarzyna (3)";21654;21662;21629;21613;21579;21184;21109;21005;20934;20773;
1808054;"Nowa Sarzyna - miasto (4)";6050;6016;5970;5880;5798;5615;5578;5502;5357;5259;
1808055;"Nowa Sarzyna - obszar wiejski (5)";15604;15646;15659;15733;15781;15569;15531;15503;15577;15514;
1809000;"Powiat lubaczowski";56536;56352;56086;55652;55217;53914;53374;52983;52565;51997;
1809011;"Lubaczów (1)";12304;12179;12101;12078;11970;11674;11515;11420;11313;11235;
1809023;"Cieszanów (3)";7413;7386;7328;7220;7141;6946;6860;6792;6738;6629;
1809024;"Cieszanów - miasto (4)";1969;1946;1940;1930;1909;1878;1862;1840;1815;1794;
1809025;"Cieszanów - obszar wiejski (5)";5444;5440;5388;5290;5232;5068;4998;4952;4923;4835;
1809032;"Horyniec-Zdrój (2)";4845;4830;4785;4727;4659;4485;4431;4392;4333;4212;
1809042;"Lubaczów (2)";9156;9178;9195;9183;9187;9045;8998;8954;8928;8911;
1809053;"Narol (3)";8209;8208;8134;8045;7967;7714;7660;7573;7530;7450;
1809054;"Narol - miasto (4)";2112;2124;2102;2076;2046;2036;2019;2003;1979;1941;
1809055;"Narol - obszar wiejski (5)";6097;6084;6032;5969;5921;5678;5641;5570;5551;5509;
1809063;"Oleszyce (3)";6418;6425;6423;6345;6332;6226;6170;6139;6083;6017;
1809064;"Oleszyce - miasto (4)";3037;3039;3041;2993;2968;2885;2863;2840;2816;2779;
1809065;"Oleszyce - obszar wiejski (5)";3381;3386;3382;3352;3364;3341;3307;3299;3267;3238;
1809072;"Stary Dzików (2)";4334;4281;4268;4230;4143;4121;4050;4031;3993;3916;
1809082;"Wielkie Oczy (2)";3857;3865;3852;3824;3818;3703;3690;3682;3647;3627;
1810000;"Powiat łańcucki";80201;80464;80741;80834;81049;81007;80796;80802;80844;80749;
1810011;"Łańcut (1)";17830;17749;17777;17738;17711;17771;17691;17649;17703;17772;
1810022;"Białobrzegi (2)";8589;8635;8671;8703;8725;8689;8684;8679;8689;8705;
1810032;"Czarna (2)";11534;11638;11715;11752;11816;11993;11962;12048;12105;12094;
1810042;"Łańcut (2)";21482;21634;21770;21817;21921;21822;21772;21801;21770;21742;
1810052;"Markowa (2)";6535;6550;6528;6504;6481;6399;6366;6362;6352;6330;
1810062;"Rakszawa (2)";7264;7294;7286;7323;7359;7285;7296;7280;7235;7210;
1810072;"Żołynia (2)";6967;6964;6994;6997;7036;7048;7025;6983;6990;6896;
1811000;"Powiat mielecki";136263;136315;136666;136673;136660;134329;133714;133320;132983;132484;
1811011;"Mielec (1)";60644;60504;60628;60478;60323;58362;57801;57363;56972;56515;
1811022;"Borowa (2)";5612;5570;5566;5576;5541;5335;5322;5279;5256;5185;
1811032;"Czermin (2)";7032;7038;7032;7066;7059;7031;7039;7052;7056;7039;
1811042;"Gawłuszowice (2)";2748;2758;2764;2749;2727;2725;2709;2730;2743;2739;
1811052;"Mielec (2)";13179;13252;13317;13341;13389;13568;13551;13608;13646;13724;
1811062;"Padew Narodowa (2)";5386;5357;5376;5370;5381;5234;5182;5139;5132;5078;
1811073;"Przecław (3)";11792;11833;11898;11984;12003;11999;11996;11998;12006;12046;
1811074;"Przecław - miasto (4)";1738;1739;1748;1768;1781;1793;1804;1805;1820;1831;
1811075;"Przecław - obszar wiejski (5)";10054;10094;10150;10216;10222;10206;10192;10193;10186;10215;
1811083;"Radomyśl Wielki (3)";14179;14228;14225;14220;14292;14202;14230;14222;14240;14248;
1811084;"Radomyśl Wielki - miasto (4)";3149;3168;3167;3196;3226;3321;3349;3374;3409;3452;
1811085;"Radomyśl Wielki - obszar wiejski (5)";11030;11060;11058;11024;11066;10881;10881;10848;10831;10796;
1811092;"Tuszów Narodowy (2)";8081;8122;8157;8187;8222;8275;8295;8308;8304;8269;
1811102;"Wadowice Górne (2)";7610;7653;7703;7702;7723;7598;7589;7621;7628;7641;
1812000;"Powiat niżański";67178;66911;66917;66843;66589;64957;64428;64057;63733;63189;
1812012;"Harasiuki (2)";6186;6169;6183;6140;6074;5866;5812;5770;5727;5643;
1812022;"Jarocin (2)";5430;5429;5392;5402;5372;5175;5127;5093;5059;5021;
1812032;"Jeżowe (2)";10186;10137;10159;10156;10096;9921;9872;9867;9907;9835;
1812042;"Krzeszów (2)";4261;4248;4293;4286;4261;4157;4142;4112;4096;4072;
1812053;"Nisko (3)";22422;22391;22412;22413;22358;21759;21563;21395;21253;21079;
1812054;"Nisko - miasto (4)";15423;15353;15355;15359;15331;14904;14759;14606;14477;14310;
1812055;"Nisko - obszar wiejski (5)";6999;7038;7057;7054;7027;6855;6804;6789;6776;6769;
1812063;"Rudnik nad Sanem (3)";10242;10152;10150;10140;10173;10026;9939;9920;9827;9749;
1812064;"Rudnik nad Sanem - miasto (4)";6784;6726;6728;6726;6754;6588;6513;6462;6375;6315;
1812065;"Rudnik nad Sanem - obszar wiejski (5)";3458;3426;3422;3414;3419;3438;3426;3458;3452;3434;
1812073;"Ulanów (3)";8451;8385;8328;8306;8255;8053;7973;7900;7864;7790;
1812074;"Ulanów - miasto (4)";1430;1431;1405;1424;1446;1410;1392;1370;1368;1343;
1812075;"Ulanów - obszar wiejski (5)";7021;6954;6923;6882;6809;6643;6581;6530;6496;6447;
1813000;"Powiat przemyski";74315;74360;74440;74398;74061;72100;71742;71393;71131;70688;
1813012;"Bircza (2)";6715;6672;6656;6605;6539;6052;5999;5945;5912;;
1813013;"Bircza (3)";;;;;;;;;;5842;
1813014;"Bircza - miasto (4)";;;;;;;;;;976;
1813015;"Bircza - obszar wiejski (5)";;;;;;;;;;4866;
1813022;"Dubiecko (2)";9348;9310;9277;9241;9143;8940;;;;;
1813023;"Dubiecko (3)";;;;;;;8865;8823;8778;8622;
1813024;"Dubiecko - miasto (4)";;;;;;;834;815;801;784;
1813025;"Dubiecko - obszar wiejski (5)";;;;;;;8031;8008;7977;7838;
1813032;"Fredropol (2)";5546;5572;5565;5549;5497;5270;5248;5195;5187;5142;
1813042;"Krasiczyn (2)";5146;5131;5135;5193;5144;5102;5138;5128;5121;5083;
1813052;"Krzywcza (2)";4882;4910;4924;4857;4820;4605;4582;4534;4497;4470;
1813062;"Medyka (2)";6539;6549;6554;6535;6542;6315;6265;6229;6245;6265;
1813072;"Orły (2)";8860;8867;8879;8872;8894;8601;8567;8527;8497;8507;
1813082;"Przemyśl (2)";10417;10541;10571;10640;10650;10712;10681;10687;10691;10646;
1813092;"Stubno (2)";3942;3936;3915;3903;3864;3754;3709;3693;3668;3636;
1813102;"Żurawica (2)";12920;12872;12964;13003;12968;12749;12688;12632;12535;12475;
1814000;"Powiat przeworski";78869;78735;78644;78458;78362;76778;76401;76094;75739;75370;
1814011;"Przeworsk (1)";15585;15527;15452;15376;15291;14929;14796;14652;14523;14422;
1814022;"Adamówka (2)";4112;4096;4081;4074;4057;4092;4058;4042;4011;3965;
1814032;"Gać (2)";4609;4616;4618;4591;4627;4545;4532;4511;4510;4498;
1814042;"Jawornik Polski (2)";4509;4486;4475;4465;4456;4329;4282;4246;4209;;
1814043;"Jawornik Polski (3)";;;;;;;;;;4212;
1814044;"Jawornik Polski - miasto (4)";;;;;;;;;;1158;
1814045;"Jawornik Polski - obszar wiejski (5)";;;;;;;;;;3054;
1814053;"Kańczuga (3)";12490;12429;12422;12347;12307;11931;11892;11783;11667;11554;
1814054;"Kańczuga - miasto (4)";3240;3212;3182;3171;3163;3001;2963;2935;2900;2859;
1814055;"Kańczuga - obszar wiejski (5)";9250;9217;9240;9176;9144;8930;8929;8848;8767;8695;
1814062;"Przeworsk (2)";14935;14859;14892;14900;14863;14675;14609;14635;14617;14551;
1814073;"Sieniawa (3)";7031;7049;7022;7008;7041;6836;6760;6777;6744;6736;
1814074;"Sieniawa - miasto (4)";2153;2164;2146;2140;2149;2039;2007;2006;2007;1985;
1814075;"Sieniawa - obszar wiejski (5)";4878;4885;4876;4868;4892;4797;4753;4771;4737;4751;
1814082;"Tryńcza (2)";8422;8436;8459;8461;8491;8471;8517;8501;8516;8544;
1814092;"Zarzecze (2)";7176;7237;7223;7236;7229;6970;6955;6947;6942;6888;
1815000;"Powiat ropczycko-sędziszowski";73756;73956;74198;74374;74515;74023;74063;74066;74027;74083;
1815012;"Iwierzyce (2)";7668;7701;7736;7727;7735;7718;7715;7757;7793;7760;
1815022;"Ostrów (2)";7189;7205;7246;7344;7358;7324;7346;7434;7493;7513;
1815033;"Ropczyce (3)";27089;27232;27384;27440;27487;27221;27261;27217;27193;27260;
1815034;"Ropczyce - miasto (4)";15717;15763;15848;15856;15860;15796;15846;15837;15794;15855;
1815035;"Ropczyce - obszar wiejski (5)";11372;11469;11536;11584;11627;11425;11415;11380;11399;11405;
1815043;"Sędziszów Małopolski (3)";23502;23485;23572;23640;23784;23883;23898;23835;23806;23822;
1815044;"Sędziszów Małopolski - miasto (4)";7528;7495;7524;7546;12350;12342;12368;12362;12368;12423;
1815045;"Sędziszów Małopolski - obszar wiejski (5)";15974;15990;16048;16094;11434;11541;11530;11473;11438;11399;
1815052;"Wielopole Skrzyńskie (2)";8308;8333;8260;8223;8151;7877;7843;7823;7742;7728;
1816000;"Powiat rzeszowski";167342;168337;169165;170486;169438;174049;173842;174805;175777;176821;
1816011;"Dynów (1)";6168;6180;6146;6138;6120;6078;6051;6009;5997;5959;
1816023;"Błażowa (3)";10817;10826;10852;10826;10833;10851;10849;10824;10819;10761;
1816024;"Błażowa - miasto (4)";2169;2174;2148;2151;2144;2117;2117;2099;2096;2074;
1816025;"Błażowa - obszar wiejski (5)";8648;8652;8704;8675;8689;8734;8732;8725;8723;8687;
1816033;"Boguchwała (3)";19952;20186;20423;20608;20766;21762;21856;21893;22042;22234;
1816034;"Boguchwała - miasto (4)";5971;6056;6096;6117;6184;6195;6231;6249;6291;6329;
1816035;"Boguchwała - obszar wiejski (5)";13981;14130;14327;14491;14582;15567;15625;15644;15751;15905;
1816042;"Chmielnik (2)";6805;6815;6908;6921;6945;7310;7337;7331;7387;7362;
1816052;"Dynów (2)";6966;6949;6912;6941;6893;6736;6675;6641;6605;6559;
1816063;"Głogów Małopolski (3)";19547;19628;19857;20159;19658;20426;19333;19529;19720;20115;
1816064;"Głogów Małopolski - miasto (4)";6258;6290;6431;6568;6717;9106;10333;10431;10583;10871;
1816065;"Głogów Małopolski - obszar wiejski (5)";13289;13338;13426;13591;12941;11320;9000;9098;9137;9244;
1816072;"Hyżne (2)";7008;7004;7012;7044;7062;6956;6944;6962;6980;6980;
1816082;"Kamień (2)";6848;6871;6856;6866;6860;6877;6826;6825;6829;6821;
1816092;"Krasne (2)";10877;10989;11123;11332;11558;12427;12629;12904;13007;13178;
1816102;"Lubenia (2)";6448;6422;6438;6428;6439;6587;6568;6525;6556;6511;
1816113;"Sokołów Małopolski (3)";17090;17071;17144;17242;17244;17338;17347;17315;17331;17406;
1816114;"Sokołów Małopolski - miasto (4)";4092;4069;4133;4165;4203;4261;4296;4303;4346;4376;
1816115;"Sokołów Małopolski - obszar wiejski (5)";12998;13002;13011;13077;13041;13077;13051;13012;12985;13030;
1816122;"Świlcza (2)";16282;16471;16040;16071;16265;16406;16547;16660;16729;16732;
1816132;"Trzebownisko (2)";20978;21177;21538;21907;22296;23183;23608;23990;24253;24621;
1816143;"Tyczyn (3)";11556;11748;11916;12003;10499;11112;11272;11397;11522;11582;
1816144;"Tyczyn - miasto (4)";3662;3756;3805;3816;3871;4302;4415;4500;4562;4627;
1816145;"Tyczyn - obszar wiejski (5)";7894;7992;8111;8187;6628;6810;6857;6897;6960;6955;
1817000;"Powiat sanocki";95645;95485;95035;94758;94385;91818;90907;90294;89743;89001;
1817011;"Sanok (1)";38486;38272;37980;37577;37359;35713;35178;34687;34345;33844;
1817022;"Besko (2)";4488;4498;4504;4506;4508;4423;4415;4374;4365;4341;
1817032;"Bukowsko (2)";5544;5554;5567;5550;5495;5379;5349;5340;5293;5267;
1817042;"Komańcza (2)";4933;4882;4652;4631;4541;4333;4233;4195;4119;4053;
1817052;"Sanok (2)";17810;17865;17913;18020;18086;18091;18094;18099;18125;18084;
1817062;"Tyrawa Wołoska (2)";1986;1977;1964;1996;1978;1977;1950;1936;1924;1910;
1817073;"Zagórz (3)";13036;13066;13099;13149;13126;12892;12752;12731;12651;12580;
1817074;"Zagórz - miasto (4)";5082;5074;5105;5120;5120;5083;4986;4984;4913;4865;
1817075;"Zagórz - obszar wiejski (5)";7954;7992;7994;8029;8006;7809;7766;7747;7738;7715;
1817082;"Zarszyn (2)";9362;9371;9356;9329;9292;9010;8936;8932;8921;8922;
1818000;"Powiat stalowowolski";107946;107576;107138;106619;106037;103563;102422;101637;100891;100034;
1818011;"Stalowa Wola (1)";62924;62400;61903;61182;60466;57882;56819;55846;55127;54300;
1818022;"Bojanów (2)";7489;7504;7531;7528;7602;7579;7570;7609;7604;7645;
1818032;"Pysznica (2)";10650;10822;10964;11090;11194;11522;11626;11831;11934;11979;
1818042;"Radomyśl nad Sanem (2)";7342;7331;7283;7327;7311;7300;7255;7240;7233;7180;
1818053;"Zaklików (3)";8675;8642;8605;8580;8516;8261;8146;8102;8009;7958;
1818054;"Zaklików - miasto (4)";3061;3030;3017;3013;2955;2849;2825;2805;2780;2739;
1818055;"Zaklików - obszar wiejski (5)";5614;5612;5588;5567;5561;5412;5321;5297;5229;5219;
1818062;"Zaleszany (2)";10866;10877;10852;10912;10948;11019;11006;11009;10984;10972;
1819000;"Powiat strzyżowski";61852;61781;61690;61558;61386;60350;59852;59514;59201;58775;
1819012;"Czudec (2)";11788;11801;11843;11830;11808;11660;11604;11573;11578;11491;
1819022;"Frysztak (2)";10537;10503;10467;10409;10361;10229;10170;10098;10055;9997;
1819032;"Niebylec (2)";10515;10504;10504;10532;10541;10456;10376;10293;10245;10189;
1819043;"Strzyżów (3)";20778;20789;20754;20739;20677;20213;19977;19879;19749;19566;
1819044;"Strzyżów - miasto (4)";8925;8919;8893;8902;8831;8621;8527;8482;8402;8327;
1819045;"Strzyżów - obszar wiejski (5)";11853;11870;11861;11837;11846;11592;11450;11397;11347;11239;
1819052;"Wiśniowa (2)";8234;8184;8122;8048;7999;7792;7725;7671;7574;7532;
1820000;"Powiat tarnobrzeski";53711;53481;53388;53236;52965;51919;51503;51300;50935;50550;
1820013;"Baranów Sandomierski (3)";12028;11984;11980;11909;11852;11571;11436;11359;11307;11222;
1820014;"Baranów Sandomierski - miasto (4)";1485;1485;1477;1463;1459;1420;1410;1405;1395;1386;
1820015;"Baranów Sandomierski - obszar wiejski (5)";10543;10499;10503;10446;10393;10151;10026;9954;9912;9836;
1820022;"Gorzyce (2)";13402;13329;13292;13229;13102;12965;12811;12767;12639;12494;
1820032;"Grębów (2)";9878;9902;9926;9959;9984;9982;10003;10010;9952;9939;
1820043;"Nowa Dęba (3)";18403;18266;18190;18139;18027;17401;17253;17164;17037;16895;
1820044;"Nowa Dęba - miasto (4)";11359;11260;11215;11181;11109;10647;10532;10446;10381;10268;
1820045;"Nowa Dęba - obszar wiejski (5)";7044;7006;6975;6958;6918;6754;6721;6718;6656;6627;
1821000;"Powiat leski";26747;26691;26606;26562;26441;25971;25696;25565;25397;25224;
1821012;"Baligród (2)";3188;3185;3142;3175;3161;3083;3069;3055;3043;3051;
1821022;"Cisna (2)";1757;1763;1749;1781;1740;1710;1689;1697;1689;1689;
1821033;"Lesko (3)";11516;11467;11439;11341;11319;11038;10946;10886;10805;10701;
1821034;"Lesko - miasto (4)";5590;5529;5532;5431;5432;5274;5215;5171;5098;5042;
1821035;"Lesko - obszar wiejski (5)";5926;5938;5907;5910;5887;5764;5731;5715;5707;5659;
1821042;"Olszanica (2)";4998;4971;4965;4907;4894;4815;4740;4690;4661;4618;
1821052;"Solina (2)";5288;5305;5311;5358;5327;5325;5252;5237;5199;5165;
1861000;"Powiat m. Krosno";46775;46565;46600;46511;46291;45165;44687;44322;44060;43594;
1861011;"Krosno (1)";46775;46565;46600;46511;46291;45165;44687;44322;44060;43594;
1862000;"Powiat m. Przemyśl";62720;62154;61808;61251;60689;58625;57568;56802;56050;55292;
1862011;"Przemyśl (1)";62720;62154;61808;61251;60689;58625;57568;56802;56050;55292;
1863000;"Powiat m. Rzeszów";185896;187422;189662;191564;196208;194374;196374;197181;197268;198317;
1863011;"Rzeszów (1)";185896;187422;189662;191564;196208;194374;196374;197181;197268;198317;
1864000;"Powiat m. Tarnobrzeg";47816;47595;47387;47047;46745;45054;44529;44156;43712;43224;
1864011;"Tarnobrzeg (1)";47816;47595;47387;47047;46745;45054;44529;44156;43712;43224;
2000000;"PODLASKIE";1188800;1186625;1184548;1181533;1178353;1156591;1148720;1143355;1138216;1132641;
2001000;"Powiat augustowski";59103;58905;58669;58367;58068;55927;55306;54917;54449;54022;
2001011;"Augustów (1)";30400;30373;30270;30242;30153;29556;29341;29173;28995;28793;
2001022;"Augustów (2)";6861;6834;6830;6778;6759;6510;6444;6431;6410;6377;
2001032;"Bargłów Kościelny (2)";5691;5662;5631;5571;5496;5152;5081;5043;4998;4975;
2001043;"Lipsk (3)";5359;5320;5263;5176;5059;4678;4548;4470;4373;4303;
2001044;"Lipsk - miasto (4)";2407;2406;2376;2350;2310;2168;2131;2091;2052;2034;
2001045;"Lipsk - obszar wiejski (5)";2952;2914;2887;2826;2749;2510;2417;2379;2321;2269;
2001052;"Nowinka (2)";2934;2920;2924;2908;2953;2896;2882;2899;2878;2854;
2001062;"Płaska (2)";2641;2616;2603;2598;2583;2415;2370;2335;2281;2285;
2001072;"Sztabin (2)";5217;5180;5148;5094;5065;4720;4640;4566;4514;4435;
2002000;"Powiat białostocki";145517;146254;147002;148145;149611;153874;155073;156370;157896;159170;
2002013;"Choroszcz (3)";14713;14823;14967;15164;15528;16807;17183;17608;18083;18553;
2002014;"Choroszcz - miasto (4)";5789;5815;5834;5867;5908;5962;5991;6033;6089;6185;
2002015;"Choroszcz - obszar wiejski (5)";8924;9008;9133;9297;9620;10845;11192;11575;11994;12368;
2002023;"Czarna Białostocka (3)";11601;11571;11490;11414;11314;11059;10887;10764;10643;10527;
2002024;"Czarna Białostocka - miasto (4)";9525;9478;9402;9338;9279;8977;8814;8697;8579;8503;
2002025;"Czarna Białostocka - obszar wiejski (5)";2076;2093;2088;2076;2035;2082;2073;2067;2064;2024;
2002032;"Dobrzyniewo Duże (2)";8895;9019;9141;9331;9423;9941;10082;10222;10380;10544;
2002042;"Gródek (2)";5408;5325;5278;5210;5141;4992;4987;4910;4856;4805;
2002052;"Juchnowiec Kościelny (2)";15671;15826;16058;16337;16572;17839;18102;18264;18506;18725;
2002063;"Łapy (3)";22243;22160;22072;21965;21848;20886;20696;20472;20285;20063;
2002064;"Łapy - miasto (4)";15812;15757;15689;15643;15541;14839;14709;14570;14436;14253;
2002065;"Łapy - obszar wiejski (5)";6431;6403;6383;6322;6307;6047;5987;5902;5849;5810;
2002073;"Michałowo (3)";6876;6785;6704;6623;6565;6142;6046;5986;5860;5805;
2002074;"Michałowo - miasto (4)";3123;3102;3073;3047;3011;2841;2781;2785;2753;2712;
2002075;"Michałowo - obszar wiejski (5)";3753;3683;3631;3576;3554;3301;3265;3201;3107;3093;
2002082;"Poświętne (2)";3548;3488;3459;3419;3364;3211;3148;3112;3067;3040;
2002093;"Supraśl (3)";14520;14822;15009;15283;15676;16922;17260;17698;18155;18542;
2002094;"Supraśl - miasto (4)";4635;4663;4621;4622;4610;4437;4388;4369;4332;4289;
2002095;"Supraśl - obszar wiejski (5)";9885;10159;10388;10661;11066;12485;12872;13329;13823;14253;
2002103;"Suraż (3)";2010;1986;1984;1955;1967;1945;1929;1915;1907;1891;
2002104;"Suraż - miasto (4)";999;983;992;988;991;977;980;971;965;952;
2002105;"Suraż - obszar wiejski (5)";1011;1003;992;967;976;968;949;944;942;939;
2002112;"Turośń Kościelna (2)";6043;6134;6196;6259;6411;6756;6835;6899;7060;7168;
2002123;"Tykocin (3)";6371;6306;6271;6242;6194;5892;5818;5752;5658;5611;
2002124;"Tykocin - miasto (4)";1998;1995;1980;1975;1968;1921;1902;1874;1844;1838;
2002125;"Tykocin - obszar wiejski (5)";4373;4311;4291;4267;4226;3971;3916;3878;3814;3773;
2002133;"Wasilków (3)";15609;15983;16370;16952;17560;19184;19738;20361;20956;21299;
2002134;"Wasilków - miasto (4)";10707;10904;11074;11384;11622;12113;12330;12559;12768;12831;
2002135;"Wasilków - obszar wiejski (5)";4902;5079;5296;5568;5938;7071;7408;7802;8188;8468;
2002143;"Zabłudów (3)";9187;9219;9239;9264;9331;9737;9831;9920;10021;10171;
2002144;"Zabłudów - miasto (4)";2506;2479;2476;2464;2482;2485;2478;2506;2485;2495;
2002145;"Zabłudów - obszar wiejski (5)";6681;6740;6763;6800;6849;7252;7353;7414;7536;7676;
2002152;"Zawady (2)";2822;2807;2764;2727;2717;2561;2531;2487;2459;2426;
2003000;"Powiat bielski";56562;56075;55427;54863;54353;52658;51813;51151;50596;49987;
2003011;"Bielsk Podlaski (1)";26075;25817;25611;25370;25262;24739;24417;24026;23823;23558;
2003021;"Brańsk (1)";3806;3796;3785;3774;3753;3604;3557;3541;3494;3469;
2003032;"Bielsk Podlaski (2)";6851;6867;6732;6661;6606;6527;6449;6433;6391;6356;
2003042;"Boćki (2)";4528;4434;4363;4299;4185;4001;3903;3856;3800;3737;
2003052;"Brańsk (2)";5958;5916;5837;5721;5630;5431;5323;5237;5169;5039;
2003062;"Orla (2)";2868;2814;2770;2740;2702;2573;2477;2475;2403;2378;
2003072;"Rudka (2)";1934;1928;1895;1886;1868;1720;1700;1652;1646;1632;
2003082;"Wyszki (2)";4542;4503;4434;4412;4347;4063;3987;3931;3870;3818;
2004000;"Powiat grajewski";48357;48041;47781;47518;47210;45636;45180;44724;44222;43756;
2004011;"Grajewo (1)";22171;22130;22049;21935;21900;21455;21303;21089;20899;20724;
2004022;"Grajewo (2)";5946;5872;5851;5827;5789;5555;5524;5484;5450;5393;
2004032;"Radziłów (2)";4852;4813;4790;4779;4722;4491;4421;4351;4295;4253;
2004043;"Rajgród (3)";5366;5322;5272;5264;5176;4798;4720;4671;4579;4512;
2004044;"Rajgród - miasto (4)";1620;1598;1571;1585;1572;1472;1439;1421;1388;1378;
2004045;"Rajgród - obszar wiejski (5)";3746;3724;3701;3679;3604;3326;3281;3250;3191;3134;
2004053;"Szczuczyn (3)";6230;6145;6134;6082;6026;5910;5840;5807;5704;5619;
2004054;"Szczuczyn - miasto (4)";3450;3434;3426;3394;3354;3253;3221;3176;3139;3093;
2004055;"Szczuczyn - obszar wiejski (5)";2780;2711;2708;2688;2672;2657;2619;2631;2565;2526;
2004062;"Wąsosz (2)";3792;3759;3685;3631;3597;3427;3372;3322;3295;3255;
2005000;"Powiat hajnowski";44567;44146;43745;43143;42610;40678;40020;39427;38817;38237;
2005011;"Hajnówka (1)";21275;21131;20919;20690;20488;19764;19487;19221;18976;18709;
2005022;"Białowieża (2)";2265;2205;2253;2199;2191;2067;2086;2077;2048;1984;
2005032;"Czeremcha (2)";3319;3291;3223;3169;3115;2849;2787;2717;2667;2618;
2005042;"Czyże (2)";2116;2061;2034;2013;1960;1895;1845;1819;1754;1720;
2005052;"Dubicze Cerkiewne (2)";1601;1567;1567;1524;1484;1405;1376;1351;1309;1285;
2005062;"Hajnówka (2)";3924;3924;3911;3884;3843;3747;3681;3662;3637;3605;
2005073;"Kleszczele (3)";2628;2632;2561;2493;2466;2260;2215;2141;2095;2066;
2005074;"Kleszczele - miasto (4)";1310;1326;1297;1271;1240;1138;1110;1075;1049;1026;
2005075;"Kleszczele - obszar wiejski (5)";1318;1306;1264;1222;1226;1122;1105;1066;1046;1040;
2005082;"Narew (2)";3636;3595;3567;3505;3454;3398;3302;3261;3217;3158;
2005092;"Narewka (2)";3803;3740;3710;3666;3609;3293;3241;3178;3114;3092;
2006000;"Powiat kolneński";39162;38995;38748;38396;38057;36482;36143;35921;35702;35440;
2006011;"Kolno (1)";10483;10444;10372;10261;10199;10016;9942;9927;9839;9772;
2006022;"Grabowo (2)";3580;3541;3536;3477;3399;3285;3275;3232;3224;3181;
2006032;"Kolno (2)";8751;8721;8634;8624;8525;8073;7995;7939;7914;7875;
2006042;"Mały Płock (2)";4900;4881;4854;4772;4739;4472;4438;4447;4404;4357;
2006053;"Stawiski (3)";6306;6263;6213;6147;6085;5746;5648;5578;5532;5497;
2006054;"Stawiski - miasto (4)";2306;2268;2229;2195;2161;2102;2048;2027;2003;1975;
2006055;"Stawiski - obszar wiejski (5)";4000;3995;3984;3952;3924;3644;3600;3551;3529;3522;
2006062;"Turośl (2)";5142;5145;5139;5115;5110;4890;4845;4798;4789;4758;
2007000;"Powiat łomżyński";51439;51305;51084;51000;50943;50078;49911;49711;49608;49496;
2007013;"Jedwabne (3)";5423;5387;5355;5330;5299;5035;4970;4923;4877;4808;
2007014;"Jedwabne - miasto (4)";1652;1638;1624;1632;1615;1706;1698;1693;1676;1671;
2007015;"Jedwabne - obszar wiejski (5)";3771;3749;3731;3698;3684;3329;3272;3230;3201;3137;
2007022;"Łomża (2)";10835;10885;10938;11073;11162;11720;11864;11979;12124;12240;
2007032;"Miastkowo (2)";4317;4294;4257;4230;4218;4096;4054;4034;3986;3957;
2007043;"Nowogród (3)";4089;4068;4062;4021;4028;3914;3925;3880;3858;3841;
2007044;"Nowogród - miasto (4)";2172;2171;2173;2156;2156;2133;2125;2095;2087;2066;
2007045;"Nowogród - obszar wiejski (5)";1917;1897;1889;1865;1872;1781;1800;1785;1771;1775;
2007052;"Piątnica (2)";10718;10692;10689;10670;10702;10359;10303;10292;10265;10237;
2007062;"Przytuły (2)";2166;2167;2148;2097;2073;1960;1941;1941;1919;1908;
2007072;"Śniadowo (2)";5476;5451;5364;5363;5312;5191;5133;5071;5031;4975;
2007082;"Wizna (2)";4161;4126;4098;4035;3957;3736;3685;3626;3617;3585;
2007092;"Zbójna (2)";4254;4235;4173;4181;4192;4067;4036;3965;3931;3945;
2008000;"Powiat moniecki";41544;41254;41011;40712;40412;38636;38122;37732;37358;36975;
2008013;"Goniądz (3)";5063;5008;4954;4934;4932;4768;4690;4655;4588;4548;
2008014;"Goniądz - miasto (4)";1869;1824;1827;1813;1848;1799;1748;1740;1717;1697;
2008015;"Goniądz - obszar wiejski (5)";3194;3184;3127;3121;3084;2969;2942;2915;2871;2851;
2008022;"Jasionówka (2)";2855;2834;2817;2792;2765;2540;2491;2456;2449;2413;
2008032;"Jaświły (2)";5092;5029;5035;4943;4847;4539;4452;4345;4272;4196;
2008043;"Knyszyn (3)";4893;4842;4780;4781;4750;4607;4532;4497;4460;4435;
2008044;"Knyszyn - miasto (4)";2840;2823;2782;2755;2744;2703;2659;2648;2643;2637;
2008045;"Knyszyn - obszar wiejski (5)";2053;2019;1998;2026;2006;1904;1873;1849;1817;1798;
2008052;"Krypno (2)";4047;4061;4043;4023;3973;3793;3760;3734;3715;3673;
2008063;"Mońki (3)";15155;15077;15015;14927;14874;14309;14188;14070;13958;13822;
2008064;"Mońki - miasto (4)";10174;10107;10042;10010;9984;9696;9631;9511;9449;9330;
2008065;"Mońki - obszar wiejski (5)";4981;4970;4973;4917;4890;4613;4557;4559;4509;4492;
2008072;"Trzcianne (2)";4439;4403;4367;4312;4271;4080;4009;3975;3916;3888;
2009000;"Powiat sejneński";20606;20417;20270;20092;19914;19266;18992;18802;18645;18434;
2009011;"Sejny (1)";5583;5543;5472;5344;5260;5107;5024;4943;4889;4818;
2009022;"Giby (2)";2834;2792;2757;2729;2694;2566;2524;2487;2465;2408;
2009032;"Krasnopol (2)";3874;3849;3841;3816;3792;3668;3621;3576;3535;3520;
2009042;"Puńsk (2)";4233;4184;4193;4169;4161;4108;4017;3989;3953;3910;
2009052;"Sejny (2)";4082;4049;4007;4034;4007;3817;3806;3807;3803;3778;
2010000;"Powiat siemiatycki";46072;45538;45191;44689;44193;42337;41660;41114;40636;40212;
2010011;"Siemiatycze (1)";14684;14631;14590;14505;14391;13824;13639;13491;13391;13297;
2010023;"Drohiczyn (3)";6558;6454;6377;6293;6222;5951;5837;5768;5676;5607;
2010024;"Drohiczyn - miasto (4)";2065;2030;2011;1987;1965;1844;1818;1786;1747;1735;
2010025;"Drohiczyn - obszar wiejski (5)";4493;4424;4366;4306;4257;4107;4019;3982;3929;3872;
2010032;"Dziadkowice (2)";2887;2827;2805;2754;2724;2628;2592;2552;2508;2467;
2010042;"Grodzisk (2)";4348;4288;4285;4215;4169;3962;3861;3795;3760;3712;
2010052;"Mielnik (2)";2472;2435;2408;2374;2319;2172;2129;2109;2036;1994;
2010062;"Milejczyce (2)";1893;1854;1809;1760;1710;1711;1668;1634;1600;1581;
2010072;"Nurzec-Stacja (2)";4119;4010;3932;3872;3793;3625;3583;3505;3452;3404;
2010082;"Perlejewo (2)";2953;2900;2866;2819;2778;2631;2560;2538;2493;2475;
2010092;"Siemiatycze (2)";6158;6139;6119;6097;6087;5833;5791;5722;5720;5675;
2011000;"Powiat sokólski";69375;68664;68188;67466;66686;63744;62775;62063;61246;60592;
2011013;"Dąbrowa Białostocka (3)";11968;11783;11659;11489;11336;10639;10398;10226;10072;9937;
2011014;"Dąbrowa Białostocka - miasto (4)";5738;5657;5632;5553;5502;5293;5195;5082;5008;4956;
2011015;"Dąbrowa Białostocka - obszar wiejski (5)";6230;6126;6027;5936;5834;5346;5203;5144;5064;4981;
2011022;"Janów (2)";4220;4203;4170;4130;4098;3850;3822;3772;3719;3664;
2011032;"Korycin (2)";3359;3307;3256;3250;3202;3108;3054;3069;3046;3053;
2011043;"Krynki (3)";3217;3156;3127;3091;3037;2827;2805;2765;2688;2664;
2011044;"Krynki - miasto (4)";2485;2441;2424;2415;2372;2225;2215;2185;2132;2105;
2011045;"Krynki - obszar wiejski (5)";732;715;703;676;665;602;590;580;556;559;
2011052;"Kuźnica (2)";4129;4114;4054;3999;3927;3788;3726;3693;3634;3585;
2011062;"Nowy Dwór (2)";2731;2726;2700;2654;2618;2325;2258;2221;2175;2143;
2011072;"Sidra (2)";3568;3542;3542;3475;3407;3171;3104;3079;3036;3010;
2011083;"Sokółka (3)";26092;25835;25765;25554;25352;24650;24353;24078;23866;23667;
2011084;"Sokółka - miasto (4)";18594;18403;18331;18210;18063;17701;17481;17235;17087;16937;
2011085;"Sokółka - obszar wiejski (5)";7498;7432;7434;7344;7289;6949;6872;6843;6779;6730;
2011093;"Suchowola (3)";7065;7017;6945;6912;6869;6562;6464;6391;6283;6184;
2011094;"Suchowola - miasto (4)";2234;2212;2196;2180;2178;2120;2085;2062;2034;2003;
2011095;"Suchowola - obszar wiejski (5)";4831;4805;4749;4732;4691;4442;4379;4329;4249;4181;
2011102;"Szudziałowo (2)";3026;2981;2970;2912;2840;2824;2791;2769;2727;2685;
2012000;"Powiat suwalski";35932;35929;35955;35792;35674;35081;34839;34778;34635;34585;
2012012;"Bakałarzewo (2)";3110;3130;3113;3097;3104;3016;2994;2990;2966;2996;
2012022;"Filipów (2)";4424;4398;4387;4361;4292;4091;4053;4063;4052;4011;
2012032;"Jeleniewo (2)";3144;3156;3172;3148;3149;3154;3125;3123;3107;3096;
2012042;"Przerośl (2)";3013;2978;2982;2947;2919;2820;2800;2773;2745;2705;
2012052;"Raczki (2)";6018;6004;5981;5915;5907;5776;5710;5724;5664;5614;
2012062;"Rutka-Tartak (2)";2395;2377;2382;2341;2322;2287;2256;2226;2209;2176;
2012072;"Suwałki (2)";7457;7532;7621;7682;7739;7904;7946;8007;8082;8198;
2012082;"Szypliszki (2)";3968;3956;3925;3907;3901;3917;3902;3867;3851;3855;
2012092;"Wiżajny (2)";2403;2398;2392;2394;2341;2116;2053;2005;1959;1934;
2013000;"Powiat wysokomazowiecki";58177;57903;57516;57248;56860;55033;54337;53842;53406;52834;
2013011;"Wysokie Mazowieckie (1)";9443;9415;9390;9414;9341;9177;9081;9021;9017;8993;
2013023;"Ciechanowiec (3)";8914;8862;8719;8654;8577;8294;8134;8051;7970;7870;
2013024;"Ciechanowiec - miasto (4)";4764;4750;4655;4639;4613;4524;4447;4402;4372;4334;
2013025;"Ciechanowiec - obszar wiejski (5)";4150;4112;4064;4015;3964;3770;3687;3649;3598;3536;
2013033;"Czyżew (3)";6488;6469;6431;6393;6352;6155;6120;6045;5983;5911;
2013034;"Czyżew - miasto (4)";2634;2637;2640;2641;2647;2535;2510;2482;2480;2457;
2013035;"Czyżew - obszar wiejski (5)";3854;3832;3791;3752;3705;3620;3610;3563;3503;3454;
2013042;"Klukowo (2)";4503;4469;4451;4406;4346;4144;4069;3998;3941;3876;
2013052;"Kobylin-Borzymy (2)";3304;3314;3271;3252;3197;3022;2977;2955;2938;2879;
2013062;"Kulesze Kościelne (2)";3157;3127;3119;3099;3072;3006;2967;2956;2916;2895;
2013072;"Nowe Piekuty (2)";4009;3985;3930;3910;3861;3668;3602;3574;3557;3550;
2013082;"Sokoły (2)";5804;5790;5761;5761;5743;5412;5318;5263;5209;5124;
2013093;"Szepietowo (3)";7154;7075;7028;6958;6890;6676;6584;6483;6397;6285;
2013094;"Szepietowo - miasto (4)";2268;2229;2209;2171;2165;2080;2050;2023;2018;1963;
2013095;"Szepietowo - obszar wiejski (5)";4886;4846;4819;4787;4725;4596;4534;4460;4379;4322;
2013102;"Wysokie Mazowieckie (2)";5401;5397;5416;5401;5481;5479;5485;5496;5478;5451;
2014000;"Powiat zambrowski";44299;44143;44027;43816;43505;42188;41829;41550;41370;41109;
2014011;"Zambrów (1)";22206;22196;22173;22166;22018;21400;21188;21004;20848;20668;
2014022;"Kołaki Kościelne (2)";2380;2369;2349;2318;2289;2222;2193;2165;2150;2137;
2014032;"Rutki (2)";5762;5665;5636;5572;5514;5207;5164;5103;5075;5028;
2014042;"Szumowo (2)";4941;4946;4900;4851;4809;4659;4596;4551;4543;4522;
2014052;"Zambrów (2)";9010;8967;8969;8909;8875;8700;8688;8727;8754;8754;
2061000;"Powiat m. Białystok";295981;296628;297288;297459;297554;294675;293413;292600;291688;290386;
2061011;"Białystok (1)";295981;296628;297288;297459;297554;294675;293413;292600;291688;290386;
2062000;"Powiat m. Łomża";62737;62802;63092;63000;62945;61025;60468;60128;59711;59263;
2062011;"Łomża (1)";62737;62802;63092;63000;62945;61025;60468;60128;59711;59263;
2063000;"Powiat m. Suwałki";69370;69626;69554;69827;69758;69273;68839;68525;68231;68143;
2063011;"Suwałki (1)";69370;69626;69554;69827;69758;69273;68839;68525;68231;68143;
2200000;"POMORSKIE";2307710;2315611;2324251;2333523;2343928;2358256;2358726;2358307;2359573;2359493;
2201000;"Powiat bytowski";78780;78834;79134;79299;79198;77409;76987;76715;76502;76266;
2201012;"Borzytuchom (2)";3115;3153;3232;3314;3364;3330;3392;3486;3517;3602;
2201023;"Bytów (3)";25198;25346;25406;25471;25420;25311;25292;25121;25050;24841;
2201024;"Bytów - miasto (4)";16971;17029;16983;16954;16881;16762;16653;16475;16339;16178;
2201025;"Bytów - obszar wiejski (5)";8227;8317;8423;8517;8539;8549;8639;8646;8711;8663;
2201032;"Czarna Dąbrówka (2)";5861;5864;5889;5926;5917;5759;5703;5684;5687;5668;
2201042;"Kołczygłowy (2)";4248;4243;4259;4254;4237;4188;4114;4080;4089;4073;
2201052;"Lipnica (2)";5139;5154;5225;5264;5216;5154;5157;5145;5165;5187;
2201063;"Miastko (3)";19950;19752;19734;19610;19509;18472;18204;18037;17834;17682;
2201064;"Miastko - miasto (4)";10785;10632;10605;10473;10384;9803;9626;9491;9395;9235;
2201065;"Miastko - obszar wiejski (5)";9165;9120;9129;9137;9125;8669;8578;8546;8439;8447;
2201072;"Parchowo (2)";3692;3738;3724;3765;3795;3788;3802;3798;3820;3860;
2201082;"Studzienice (2)";3639;3650;3686;3738;3760;3645;3632;3625;3633;3683;
2201092;"Trzebielino (2)";3721;3713;3711;3699;3696;3603;3543;3556;3521;3505;
2201102;"Tuchomie (2)";4217;4221;4268;4258;4284;4159;4148;4183;4186;4165;
2202000;"Powiat chojnicki";96627;96952;97251;97551;97645;96444;96340;96218;96024;95536;
2202011;"Chojnice (1)";40043;40004;39937;39904;39804;39372;39158;38934;38729;38360;
2202023;"Brusy (3)";14323;14396;14494;14599;14575;14365;14361;14309;14263;14230;
2202024;"Brusy - miasto (4)";5149;5172;5209;5232;5182;5148;5130;5112;5063;5049;
2202025;"Brusy - obszar wiejski (5)";9174;9224;9285;9367;9393;9217;9231;9197;9200;9181;
2202032;"Chojnice (2)";18442;18724;18931;19100;19311;19053;19259;19428;19511;19544;
2202043;"Czersk (3)";21545;21563;21612;21641;21644;21387;21289;21282;21261;21165;
2202044;"Czersk - miasto (4)";10014;9951;9909;9912;9920;10016;9956;9924;9852;9775;
2202045;"Czersk - obszar wiejski (5)";11531;11612;11703;11729;11724;11371;11333;11358;11409;11390;
2202052;"Konarzyny (2)";2274;2265;2277;2307;2311;2267;2273;2265;2260;2237;
2203000;"Powiat człuchowski";56887;56782;56678;56370;56085;54367;53924;53558;53135;52747;
2203011;"Człuchów (1)";13976;13946;13869;13708;13624;13399;13270;13164;13031;12896;
2203023;"Czarne (3)";9293;9246;9193;9111;9055;8792;8672;8623;8516;8427;
2203024;"Czarne - miasto (4)";6091;6030;5983;5952;5889;5766;5683;5637;5572;5520;
2203025;"Czarne - obszar wiejski (5)";3202;3216;3210;3159;3166;3026;2989;2986;2944;2907;
2203032;"Człuchów (2)";10938;10976;11038;11113;11128;10711;10703;10738;10812;10829;
2203043;"Debrzno (3)";9208;9178;9144;9078;8984;8787;8687;8585;8482;8439;
2203044;"Debrzno - miasto (4)";5184;5150;5152;5102;5066;5008;4972;4908;4834;4795;
2203045;"Debrzno - obszar wiejski (5)";4024;4028;3992;3976;3918;3779;3715;3677;3648;3644;
2203052;"Koczała (2)";3420;3411;3403;3375;3356;3233;3204;3179;3123;3089;
2203062;"Przechlewo (2)";6359;6350;6378;6352;6331;6019;5998;5890;5842;5763;
2203072;"Rzeczenica (2)";3693;3675;3653;3633;3607;3426;3390;3379;3329;3304;
2204000;"Powiat gdański";109394;111675;113983;116199;118489;126258;128404;129983;131728;133490;
2204011;"Pruszcz Gdański (1)";29589;30106;30468;30878;31326;31426;31791;32031;32171;32263;
2204022;"Cedry Wielkie (2)";6868;6924;6979;6947;6965;6766;6778;6782;6794;6811;
2204032;"Kolbudy (2)";15908;16359;16826;17417;17839;20040;20468;20785;21203;21768;
2204042;"Pruszcz Gdański (2)";26976;28001;29186;30232;31321;36032;36809;37333;37948;38435;
2204052;"Przywidz (2)";5794;5836;5855;5889;5957;5971;6034;6095;6159;6175;
2204062;"Pszczółki (2)";9136;9235;9425;9568;9713;10436;10681;10922;11171;11325;
2204072;"Suchy Dąb (2)";4212;4208;4201;4223;4223;4196;4245;4240;4217;4258;
2204082;"Trąbki Wielkie (2)";10911;11006;11043;11045;11145;11391;11598;11795;12065;12455;
2205000;"Powiat kartuski";128925;131071;133841;136619;139397;147389;149799;151934;153813;155382;
2205012;"Chmielno (2)";7426;7505;7658;7752;7805;7727;7794;7771;7813;7750;
2205023;"Kartuzy (3)";33400;33619;33700;33789;34013;34211;34275;34351;34351;34301;
2205024;"Kartuzy - miasto (4)";14817;14716;14611;14382;14483;14267;14064;13960;13796;13614;
2205025;"Kartuzy - obszar wiejski (5)";18583;18903;19089;19407;19530;19944;20211;20391;20555;20687;
2205032;"Przodkowo (2)";8824;8969;9197;9454;9663;10485;10748;11034;11343;11652;
2205042;"Sierakowice (2)";19106;19258;19593;19836;20054;20420;20599;20825;20946;21063;
2205052;"Somonino (2)";10304;10409;10527;10727;10814;11008;11133;11225;11310;11335;
2205062;"Stężyca (2)";10131;10239;10360;10504;10664;10964;11051;11195;11364;11499;
2205072;"Sulęczyno (2)";5386;5401;5480;5506;5547;5643;5688;5700;5704;5729;
2205083;"Żukowo (3)";34348;35671;37326;39051;40837;46931;48511;49833;50982;52053;
2205084;"Żukowo - miasto (4)";6552;6567;6677;6683;6689;6638;6663;6673;6709;6724;
2205085;"Żukowo - obszar wiejski (5)";27796;29104;30649;32368;34148;40293;41848;43160;44273;45329;
2206000;"Powiat kościerski";71624;71771;72311;72528;72688;72361;72256;72227;72202;72113;
2206011;"Kościerzyna (1)";23744;23847;23809;23759;23742;23746;23524;23406;23296;23264;
2206022;"Dziemiany (2)";4284;4329;4340;4389;4410;4465;4455;4433;4435;4477;
2206032;"Karsin (2)";6255;6235;6297;6252;6239;6178;6144;6129;6119;6086;
2206042;"Kościerzyna (2)";15550;15617;15895;16020;16091;15934;16016;16024;16136;16012;
2206052;"Liniewo (2)";4642;4642;4618;4600;4597;4462;4476;4506;4478;4461;
2206062;"Lipusz (2)";3660;3667;3723;3728;3744;3741;3736;3775;3757;3742;
2206072;"Nowa Karczma (2)";6825;6806;6913;6971;7049;7087;7139;7186;7242;7348;
2206082;"Stara Kiszewa (2)";6664;6628;6716;6809;6816;6748;6766;6768;6739;6723;
2207000;"Powiat kwidzyński";83464;83495;83423;83291;83174;81431;81024;80636;80146;79612;
2207011;"Kwidzyn (1)";38650;38618;38553;38481;38418;37869;37513;37175;36854;36565;
2207022;"Gardeja (2)";8458;8459;8469;8450;8421;8123;8139;8130;8071;8056;
2207032;"Kwidzyn (2)";11241;11348;11374;11388;11429;11296;11337;11351;11405;11438;
2207043;"Prabuty (3)";13230;13205;13165;13144;13091;12491;12377;12329;12232;12098;
2207044;"Prabuty - miasto (4)";8761;8735;8710;8696;8684;8301;8225;8165;8091;7996;
2207045;"Prabuty - obszar wiejski (5)";4469;4470;4455;4448;4407;4190;4152;4164;4141;4102;
2207052;"Ryjewo (2)";5986;5925;5878;5854;5831;5690;5685;5656;5621;5524;
2207062;"Sadlinki (2)";5899;5940;5984;5974;5984;5962;5973;5995;5963;5931;
2208000;"Powiat lęborski";66187;66177;66333;66280;66115;64329;64130;63900;63677;63448;
2208011;"Lębork (1)";35388;35378;35413;35367;35273;34597;34365;34157;34000;33791;
2208021;"Łeba (1)";3789;3734;3694;3675;3601;3238;3172;3100;3024;3018;
2208032;"Cewice (2)";7531;7522;7545;7585;7577;7434;7448;7455;7447;7475;
2208042;"Nowa Wieś Lęborska (2)";13511;13540;13617;13580;13645;13409;13551;13627;13674;13667;
2208052;"Wicko (2)";5968;6003;6064;6073;6019;5651;5594;5561;5532;5497;
2209000;"Powiat malborski";64311;64011;63911;63748;63470;61892;61403;61012;60647;60351;
2209011;"Malbork (1)";38931;38848;38723;38570;38345;37742;37341;37050;36709;36520;
2209032;"Lichnowy (2)";4731;4707;4648;4627;4613;4258;4209;4222;4214;4215;
2209042;"Malbork (2)";4728;4739;4791;4792;4831;4861;4943;5003;5096;5176;
2209062;"Miłoradz (2)";3396;3385;3397;3387;3348;3280;3250;3239;3232;3202;
2209073;"Nowy Staw (3)";7807;7626;7651;7695;7637;7282;7213;7096;7058;6944;
2209074;"Nowy Staw - miasto (4)";4377;4185;4196;4283;4233;4115;4090;3999;4001;3921;
2209075;"Nowy Staw - obszar wiejski (5)";3430;3441;3455;3412;3404;3167;3123;3097;3057;3023;
2209082;"Stare Pole (2)";4718;4706;4701;4677;4696;4469;4447;4402;4338;4294;
2210000;"Powiat nowodworski";36154;36018;35891;35746;35580;34290;34065;33815;33626;33392;
2210011;"Krynica Morska (1)";1323;1323;1302;1303;1286;1179;1183;1173;1165;1157;
2210023;"Nowy Dwór Gdański (3)";18079;17951;17883;17780;17695;17176;17077;16968;16885;16740;
2210024;"Nowy Dwór Gdański - miasto (4)";10022;9962;9964;9917;9888;9650;9551;9506;9471;9392;
2210025;"Nowy Dwór Gdański - obszar wiejski (5)";8057;7989;7919;7863;7807;7526;7526;7462;7414;7348;
2210032;"Ostaszewo (2)";3223;3233;3234;3216;3216;2988;2946;2934;2927;2902;
2210042;"Stegna (2)";9844;9827;9817;9779;9749;9464;9377;9305;9246;9203;
2210052;"Sztutowo (2)";3685;3684;3655;3668;3634;3483;3482;3435;3403;3390;
2211000;"Powiat pucki";83080;83752;84687;85726;86684;89493;90329;90942;91664;92383;
2211011;"Hel (1)";3531;3444;3373;3285;3261;2997;2909;2835;2786;2715;
2211021;"Jastarnia (1)";3824;3782;;;;;;;;;
2211023;"Jastarnia (3)";;;3760;3708;3690;3562;3550;3520;3484;3431;
2211024;"Jastarnia - miasto (4)";;;2736;2710;2708;2670;2656;2627;2604;2571;
2211025;"Jastarnia - obszar wiejski (5)";;;1024;998;982;892;894;893;880;860;
2211031;"Puck (1)";11329;11303;11265;11241;11241;10902;10787;10644;10463;10345;
2211043;"Władysławowo (3)";15467;15451;15482;15438;15388;14781;14681;14463;14298;14092;
2211044;"Władysławowo - miasto (4)";10051;10020;10009;9958;9931;9624;9547;9363;9235;9119;
2211045;"Władysławowo - obszar wiejski (5)";5416;5431;5473;5480;5457;5157;5134;5100;5063;4973;
2211052;"Kosakowo (2)";12813;13364;14029;14850;15589;19124;19888;20599;21436;22305;
2211062;"Krokowa (2)";10673;10696;10760;10830;10816;10534;10508;10545;10502;10556;
2211072;"Puck (2)";25443;25712;26018;26374;26699;27593;28006;28336;28695;28939;
2212000;"Powiat słupski";98140;98501;98737;98816;98686;96380;96326;96231;96293;95888;
2212011;"Ustka (1)";15933;15812;15709;15527;15367;14407;14161;13950;13722;13461;
2212022;"Damnica (2)";6258;6222;6171;6094;6093;5854;5778;5678;5613;5559;
2212032;"Dębnica Kaszubska (2)";9795;9770;9736;9631;9534;9229;9134;9071;8984;8910;
2212042;"Główczyce (2)";9371;9251;9148;9075;8979;8555;8440;8316;8264;8182;
2212053;"Kępice (3)";9406;9363;9294;9197;9063;8494;8395;8232;8173;8026;
2212054;"Kępice - miasto (4)";3711;3689;3646;3606;3575;3431;3374;3307;3283;3220;
2212055;"Kępice - obszar wiejski (5)";5695;5674;5648;5591;5488;5063;5021;4925;4890;4806;
2212062;"Kobylnica (2)";11491;11858;12186;12594;12848;13376;13741;14046;14374;14504;
2212072;"Potęgowo (2)";7064;7031;6979;6953;6882;6646;6596;6533;6484;6409;
2212082;"Redzikowo (2)";17049;17383;17724;18002;18206;18590;18928;19326;19571;19802;
2212092;"Smołdzino (2)";3431;3427;3430;3398;3375;3118;3084;3073;3082;3050;
2212102;"Ustka (2)";8342;8384;8360;8345;8339;8111;8069;8006;8026;7985;
2213000;"Powiat starogardzki";127289;127502;127868;128004;128186;126031;125657;125437;125125;124774;
2213013;"Czarna Woda (3)";3264;3245;3227;3189;3141;3118;3089;3048;3012;2999;
2213014;"Czarna Woda - miasto (4)";2873;2853;2841;2805;2769;2749;2722;2682;2644;2640;
2213015;"Czarna Woda - obszar wiejski (5)";391;392;386;384;372;369;367;366;368;359;
2213021;"Skórcz (1)";3536;3545;3609;3611;3623;3513;3485;3458;3439;3438;
2213031;"Starogard Gdański (1)";48309;48167;48060;47776;47671;46496;45991;45626;45295;44982;
2213042;"Bobowo (2)";3112;3146;3155;3183;3202;3112;3127;3179;3162;3174;
2213052;"Kaliska (2)";5294;5338;5387;5400;5401;5332;5331;5320;5311;5268;
2213062;"Lubichowo (2)";6408;6455;6535;6584;6646;6714;6789;6842;6886;6946;
2213072;"Osieczna (2)";2868;2880;2858;2884;2880;2745;2714;2696;2690;2670;
2213082;"Osiek (2)";2457;2439;2410;2386;2376;2276;2269;2257;2251;2254;
2213093;"Skarszewy (3)";14720;14784;14808;14807;14924;14517;14468;14504;14485;14473;
2213094;"Skarszewy - miasto (4)";7111;7136;7103;7023;7012;6874;6786;6695;6598;6558;
2213095;"Skarszewy - obszar wiejski (5)";7609;7648;7705;7784;7912;7643;7682;7809;7887;7915;
2213102;"Skórcz (2)";4618;4617;4643;4599;4592;4348;4351;4339;4301;4232;
2213112;"Smętowo Graniczne (2)";5262;5258;5250;5249;5185;4939;4890;4840;4824;4773;
2213122;"Starogard Gdański (2)";15934;16078;16308;16598;16713;16915;17083;17176;17258;17298;
2213132;"Zblewo (2)";11507;11550;11618;11738;11832;12006;12070;12152;12211;12267;
2214000;"Powiat tczewski";115610;115836;115896;115876;115728;112765;112350;111755;111237;110511;
2214011;"Tczew (1)";60052;60276;60257;60279;59951;58177;57856;57394;56936;56410;
2214023;"Gniew (3)";15760;15717;15651;15544;15443;14743;14637;14495;14325;14183;
2214024;"Gniew - miasto (4)";6869;6840;6791;6761;6661;6311;6235;6209;6149;6054;
2214025;"Gniew - obszar wiejski (5)";8891;8877;8860;8783;8782;8432;8402;8286;8176;8129;
2214032;"Morzeszczyn (2)";3743;3689;3674;3655;3649;3384;3367;3368;3330;3250;
2214043;"Pelplin (3)";16564;16482;16410;16297;16166;15532;15379;15186;15041;14925;
2214044;"Pelplin - miasto (4)";8123;8026;7912;7818;7737;7486;7399;7244;7124;7079;
2214045;"Pelplin - obszar wiejski (5)";8441;8456;8498;8479;8429;8046;7980;7942;7917;7846;
2214052;"Subkowy (2)";5538;5521;5493;5473;5484;5364;5391;5353;5345;5341;
2214062;"Tczew (2)";13953;14151;14411;14628;15035;15565;15720;15959;16260;16402;
2215000;"Powiat wejherowski";209407;211455;213803;215908;217846;224365;225799;227406;229446;230818;
2215011;"Reda (1)";24029;24630;25102;25810;26307;28122;28428;28506;28704;28888;
2215021;"Rumia (1)";47812;48095;48632;49031;49230;51826;52221;52634;53316;53770;
2215031;"Wejherowo (1)";50215;50039;49927;49789;49505;47610;46968;46446;46097;45520;
2215042;"Choczewo (2)";5630;5577;5539;5529;5495;5120;5071;5010;4949;4864;
2215052;"Gniewino (2)";7425;7455;7497;7438;7436;7418;7401;7448;7405;7447;
2215062;"Linia (2)";6213;6253;6323;6361;6432;6364;6402;6408;6441;6436;
2215072;"Luzino (2)";15337;15608;15964;16270;16539;16987;17255;17670;17963;18235;
2215082;"Łęczyce (2)";11977;12043;12035;12046;12084;12041;12013;12023;11990;11844;
2215092;"Szemud (2)";16702;17060;17452;17816;18240;20000;20438;20984;21622;22133;
2215102;"Wejherowo (2)";24067;24695;25332;25818;26578;28877;29602;30277;30959;31681;
2216000;"Powiat sztumski";42377;42250;41946;41569;41302;39586;39124;38678;38341;37836;
2216013;"Dzierzgoń (3)";9430;9397;9329;9263;9225;8984;8833;8732;8665;8509;
2216014;"Dzierzgoń - miasto (4)";5502;5474;5413;5367;5335;5147;5074;4991;4893;4810;
2216015;"Dzierzgoń - obszar wiejski (5)";3928;3923;3916;3896;3890;3837;3759;3741;3772;3699;
2216022;"Mikołajki Pomorskie (2)";3729;3710;3682;3649;3627;3445;3422;3384;3341;3329;
2216032;"Stary Dzierzgoń (2)";4077;4086;4046;3960;3913;3590;3519;3473;3433;3425;
2216042;"Stary Targ (2)";6414;6383;6311;6263;6246;6005;5978;5926;5891;5829;
2216053;"Sztum (3)";18727;18674;18578;18434;18291;17562;17372;17163;17011;16744;
2216054;"Sztum - miasto (4)";10299;10218;10127;9990;9870;9556;9417;9237;9104;8891;
2216055;"Sztum - obszar wiejski (5)";8428;8456;8451;8444;8421;8006;7955;7926;7907;7853;
2261000;"Powiat m. Gdańsk";462249;463754;464254;466631;470907;486542;486271;486345;487371;488651;
2261011;"Gdańsk (1)";462249;463754;464254;466631;470907;486542;486271;486345;487371;488651;
2262000;"Powiat m. Gdynia";247478;246991;246306;246309;246348;245739;244676;242874;241189;240084;
2262011;"Gdynia (1)";247478;246991;246306;246309;246348;245739;244676;242874;241189;240084;
2263000;"Powiat m. Słupsk";92496;91935;91465;91007;90681;88060;87119;86365;85504;84767;
2263011;"Słupsk (1)";92496;91935;91465;91007;90681;88060;87119;86365;85504;84767;
2264000;"Powiat m. Sopot";37231;36849;36533;36046;35719;33125;32743;32276;31903;31444;
2264011;"Sopot (1)";37231;36849;36533;36046;35719;33125;32743;32276;31903;31444;
2400000;"ŚLĄSKIE";4570849;4559164;4548180;4533565;4517635;4412097;4375947;4346702;4320130;4291441;
2401000;"Powiat będziński";150103;149720;149316;148762;148089;147580;146371;145429;144685;143640;
2401011;"Będzin (1)";57900;57555;57343;56804;56354;55893;55065;54322;53848;53250;
2401021;"Czeladź (1)";32395;32078;31901;31677;31405;30798;30492;30165;29876;29503;
2401031;"Wojkowice (1)";9055;9070;8984;8936;8942;8625;8574;8543;8477;8382;
2401042;"Bobrowniki (2)";11881;11933;11921;12044;12132;12420;12406;12489;12563;12554;
2401052;"Mierzęcice (2)";7603;7668;7691;7664;7635;7847;7877;7943;7985;7995;
2401062;"Psary (2)";11877;11966;12046;12117;12221;12381;12336;12342;12327;12389;
2401073;"Siewierz (3)";12287;12366;12390;12477;12417;12670;12712;12746;12767;12786;
2401074;"Siewierz - miasto (4)";5495;5513;5520;5592;5568;5621;5646;5714;5730;5772;
2401075;"Siewierz - obszar wiejski (5)";6792;6853;6870;6885;6849;7049;7066;7032;7037;7014;
2401081;"Sławków (1)";7105;7084;7040;7043;6983;6946;6909;6879;6842;6781;
2402000;"Powiat bielski";162128;162926;164003;165000;165960;165477;165650;165836;165824;165708;
2402011;"Szczyrk (1)";5715;5734;5699;5747;5751;5509;5454;5347;5283;5200;
2402022;"Bestwina (2)";11405;11563;11683;11787;11909;12012;12072;12171;12203;12250;
2402032;"Buczkowice (2)";11124;11156;11250;11174;11227;11246;11231;11218;11171;11137;
2402043;"Czechowice-Dziedzice (3)";44970;44970;45204;45421;45489;44796;44705;44558;44414;44286;
2402044;"Czechowice-Dziedzice - miasto (4)";35725;35631;35795;35919;35925;35278;35121;34943;34783;34622;
2402045;"Czechowice-Dziedzice - obszar wiejski (5)";9245;9339;9409;9502;9564;9518;9584;9615;9631;9664;
2402052;"Jasienica (2)";23344;23577;23850;24117;24419;24853;24978;25187;25237;25285;
2402062;"Jaworze (2)";7146;7191;7231;7299;7395;7310;7322;7349;7415;7419;
2402072;"Kozy (2)";12724;12787;12926;12990;13024;13097;13124;13130;13169;13229;
2402082;"Porąbka (2)";15408;15501;15544;15589;15630;15398;15455;15426;15441;15381;
2402093;"Wilamowice (3)";16951;17150;17313;17505;17695;17858;17957;18108;18222;18292;
2402094;"Wilamowice - miasto (4)";3038;3058;3065;3086;3113;3161;3165;3180;3167;3162;
2402095;"Wilamowice - obszar wiejski (5)";13913;14092;14248;14419;14582;14697;14792;14928;15055;15130;
2402102;"Wilkowice (2)";13341;13297;13303;13371;13421;13398;13352;13342;13269;13229;
2403000;"Powiat cieszyński";177562;177863;178251;178139;178191;176954;176113;175579;174794;173694;
2403011;"Cieszyn (1)";35274;35102;34876;34613;34424;34084;33601;33251;32947;32526;
2403021;"Ustroń (1)";16013;16065;16108;16054;16067;16149;16035;16007;15853;15843;
2403031;"Wisła (1)";11090;11048;11106;11171;11096;10905;10798;10711;10637;10494;
2403042;"Brenna (2)";11105;11176;11230;11187;11285;11719;11721;11814;11761;11687;
2403052;"Chybie (2)";9648;9741;9741;9809;9825;9632;9633;9615;9619;9609;
2403062;"Dębowiec (2)";5777;5826;5810;5824;5833;5782;5759;5778;5782;5788;
2403072;"Goleszów (2)";13058;13131;13122;13122;13142;13167;13165;13150;13130;13062;
2403082;"Hażlach (2)";10658;10704;10802;10829;10915;10816;10782;10773;10741;10737;
2403092;"Istebna (2)";11964;12044;12111;12110;12159;12146;12178;12161;12204;12193;
2403103;"Skoczów (3)";26770;26787;26897;26970;26910;26396;26343;26312;26187;26030;
2403104;"Skoczów - miasto (4)";14575;14502;14504;14469;14302;13865;13746;13613;13423;13203;
2403105;"Skoczów - obszar wiejski (5)";12195;12285;12393;12501;12608;12531;12597;12699;12764;12827;
2403113;"Strumień (3)";12987;13049;13164;13197;13272;13240;13288;13211;13233;13151;
2403114;"Strumień - miasto (4)";3649;3666;3696;3680;3697;3607;3590;3560;3558;3526;
2403115;"Strumień - obszar wiejski (5)";9338;9383;9468;9517;9575;9633;9698;9651;9675;9625;
2403122;"Zebrzydowice (2)";13218;13190;13284;13253;13263;12918;12810;12796;12700;12574;
2404000;"Powiat częstochowski";135633;135611;135227;134919;134555;133352;132529;132009;131569;131042;
2404013;"Blachownia (3)";13152;13132;13056;12995;12930;12744;12667;12549;12433;12336;
2404014;"Blachownia - miasto (4)";9777;9738;9676;9594;9555;9346;9276;9151;9041;8962;
2404015;"Blachownia - obszar wiejski (5)";3375;3394;3380;3401;3375;3398;3391;3398;3392;3374;
2404022;"Dąbrowa Zielona (2)";3919;3909;3888;3865;3860;3750;3672;3635;3626;3606;
2404032;"Janów (2)";5971;5959;5979;5964;5984;5907;5873;5859;5845;5809;
2404042;"Kamienica Polska (2)";5631;5621;5610;5579;5567;5462;5417;5429;5373;5361;
2404052;"Kłomnice (2)";13676;13638;13602;13524;13471;13166;13047;12964;12886;12744;
2404063;"Koniecpol (3)";9740;9690;9605;9500;9408;9014;8866;8794;8651;8528;
2404064;"Koniecpol - miasto (4)";6094;6050;6002;5950;5902;5615;5507;5449;5355;5272;
2404065;"Koniecpol - obszar wiejski (5)";3646;3640;3603;3550;3506;3399;3359;3345;3296;3256;
2404072;"Konopiska (2)";10740;10755;10775;10737;10736;10726;10738;10778;10822;10870;
2404082;"Kruszyna (2)";4890;4887;4869;4862;4806;4733;4700;4689;4659;4649;
2404092;"Lelów (2)";4928;4941;4929;4872;4824;4676;4632;4572;4517;4447;
2404102;"Mstów (2)";10759;10783;10785;10827;10834;10820;10823;10832;10846;10815;
2404112;"Mykanów (2)";14947;15012;15034;15052;15104;15372;15334;15271;15345;15444;
2404122;"Olsztyn (2)";7736;7814;7785;7822;7810;8181;8179;;;;
2404123;"Olsztyn (3)";;;;;;;;8214;8253;8240;
2404124;"Olsztyn - miasto (4)";;;;;;;;2493;2492;2476;
2404125;"Olsztyn - obszar wiejski (5)";;;;;;;;5721;5761;5764;
2404132;"Poczesna (2)";12808;12762;12705;12700;12707;12622;12537;12475;12414;12340;
2404142;"Przyrów (2)";3862;3833;3804;3779;3752;3627;3585;3563;3539;;
2404143;"Przyrów (3)";;;;;;;;;;3500;
2404144;"Przyrów - miasto (4)";;;;;;;;;;1083;
2404145;"Przyrów - obszar wiejski (5)";;;;;;;;;;2417;
2404152;"Rędziny (2)";10054;10055;9977;10012;9933;9695;9588;9522;9465;9430;
2404162;"Starcza (2)";2820;2820;2824;2829;2829;2857;2871;2863;2895;2923;
2405000;"Powiat gliwicki";115179;115360;115647;115558;115528;113764;113385;113223;113180;112952;
2405011;"Knurów (1)";38741;38652;38594;38402;38112;36556;36261;35899;35619;35298;
2405021;"Pyskowice (1)";18452;18412;18417;18456;18429;17430;17248;17153;17236;17224;
2405032;"Gierałtowice (2)";11758;11894;12009;12051;12183;12445;12504;12591;12671;12726;
2405042;"Pilchowice (2)";11554;11698;11838;11887;12013;12354;12427;12606;12715;12832;
2405052;"Rudziniec (2)";10652;10617;10655;10623;10643;10876;10866;10886;10828;10802;
2405063;"Sośnicowice (3)";8674;8778;8821;8874;8909;8901;8941;8976;9063;9098;
2405064;"Sośnicowice - miasto (4)";1843;1871;1881;1906;1906;1930;1970;1964;1958;1965;
2405065;"Sośnicowice - obszar wiejski (5)";6831;6907;6940;6968;7003;6971;6971;7012;7105;7133;
2405073;"Toszek (3)";9429;9428;9426;9409;9383;9336;9283;9262;9242;9219;
2405074;"Toszek - miasto (4)";3604;3602;3596;3595;3589;3568;3526;3518;3489;3469;
2405075;"Toszek - obszar wiejski (5)";5825;5826;5830;5814;5794;5768;5757;5744;5753;5750;
2405082;"Wielowieś (2)";5919;5881;5887;5856;5856;5866;5855;5850;5806;5753;
2406000;"Powiat kłobucki";85256;85180;85094;84924;84591;83341;82769;82451;81964;81495;
2406013;"Kłobuck (3)";20555;20519;20498;20449;20327;19993;19881;19798;19652;19513;
2406014;"Kłobuck - miasto (4)";13086;13052;13014;12957;12862;12546;12457;12327;12220;12135;
2406015;"Kłobuck - obszar wiejski (5)";7469;7467;7484;7492;7465;7447;7424;7471;7432;7378;
2406023;"Krzepice (3)";9248;9239;9212;9160;9111;8751;8656;8565;8510;8461;
2406024;"Krzepice - miasto (4)";4484;4480;4488;4462;4421;4254;4196;4145;4101;4083;
2406025;"Krzepice - obszar wiejski (5)";4764;4759;4724;4698;4690;4497;4460;4420;4409;4378;
2406032;"Lipie (2)";6377;6340;6302;6286;6224;6084;6024;6006;5965;5902;
2406042;"Miedźno (2)";7606;7588;7557;7567;7548;7476;7434;7459;7433;7401;
2406052;"Opatów (2)";6837;6820;6809;6824;6818;6700;6648;6629;6613;6588;
2406062;"Panki (2)";5099;5092;5099;5109;5039;4918;4892;4866;4822;4778;
2406072;"Popów (2)";5961;5968;5925;5883;5874;5789;5791;5784;5711;5644;
2406082;"Przystajń (2)";5889;5903;5906;5894;5876;5785;5721;5710;5703;5685;
2406092;"Wręczyca Wielka (2)";17684;17711;17786;17752;17774;17845;17722;17634;17555;17523;
2407000;"Powiat lubliniecki";76951;76837;76768;76593;76451;75857;75481;75157;74887;74419;
2407011;"Lubliniec (1)";24105;23975;23899;23818;23757;23717;23542;23427;23347;23171;
2407022;"Boronów (2)";3341;3370;3395;3408;3436;3337;3316;3313;3322;3342;
2407032;"Ciasna (2)";7577;7534;7509;7500;7454;7361;7308;7255;7208;7143;
2407042;"Herby (2)";6905;6885;6862;6832;6797;6561;6492;6439;6391;6338;
2407052;"Kochanowice (2)";6872;6898;6924;6910;6938;6936;6929;6941;6929;6942;
2407062;"Koszęcin (2)";11859;11873;11878;11861;11815;11974;11932;11899;11850;11776;
2407072;"Pawonków (2)";6624;6658;6646;6650;6635;6520;6519;6478;6475;6436;
2407083;"Woźniki (3)";9668;9644;9655;9614;9619;9451;9443;9405;9365;9271;
2407084;"Woźniki - miasto (4)";4408;4393;4393;4338;4297;4219;4184;4143;4121;4081;
2407085;"Woźniki - obszar wiejski (5)";5260;5251;5262;5276;5322;5232;5259;5262;5244;5190;
2408000;"Powiat mikołowski";96457;97039;97689;98373;98990;99345;99486;99602;100002;100019;
2408011;"Łaziska Górne (1)";22413;22427;22390;22334;22202;21618;21432;21274;21116;20981;
2408021;"Mikołów (1)";39923;40114;40423;40813;41014;41264;41314;41327;41618;41532;
2408031;"Orzesze (1)";20346;20572;20773;20927;21189;21582;21687;21824;21986;22160;
2408042;"Ornontowice (2)";5938;5954;6016;6073;6176;6186;6157;6179;6205;6186;
2408052;"Wyry (2)";7837;7972;8087;8226;8409;8695;8896;8998;9077;9160;
2409000;"Powiat myszkowski";71784;71670;71396;71119;70880;69325;68592;68054;67573;67049;
2409011;"Myszków (1)";32327;32157;31974;31762;31585;30554;30072;29717;29379;29006;
2409023;"Koziegłowy (3)";14390;14392;14369;14324;14320;14271;14186;14147;14111;14063;
2409024;"Koziegłowy - miasto (4)";2469;2459;2424;2463;2445;2407;2402;2395;2382;2369;
2409025;"Koziegłowy - obszar wiejski (5)";11921;11933;11945;11861;11875;11864;11784;11752;11729;11694;
2409032;"Niegowa (2)";5714;5711;5685;5663;5608;5438;5416;5375;5370;5343;
2409042;"Poraj (2)";10931;10948;10925;10919;10914;10787;10705;10646;10583;10509;
2409053;"Żarki (3)";8422;8462;8443;8451;8453;8275;8213;8169;8130;8128;
2409054;"Żarki - miasto (4)";4549;4564;4539;4568;4567;4461;4404;4378;4325;4306;
2409055;"Żarki - obszar wiejski (5)";3873;3898;3904;3883;3886;3814;3809;3791;3805;3822;
2410000;"Powiat pszczyński";109852;110215;110626;111202;111539;110958;110893;110958;110777;110722;
2410012;"Goczałkowice-Zdrój (2)";6674;6693;6736;6754;6755;6621;6624;6613;6623;6662;
2410022;"Kobiór (2)";4918;4912;4898;4894;4905;5070;5084;5126;5103;5095;
2410032;"Miedźna (2)";16175;16205;16347;16499;16590;16151;16151;16098;16071;16057;
2410042;"Pawłowice (2)";18123;18116;18143;18197;18172;17769;17664;17642;17555;17514;
2410053;"Pszczyna (3)";51928;52207;52345;52578;52770;52848;52786;52785;52703;52566;
2410054;"Pszczyna - miasto (4)";25990;25980;25906;25829;25833;25585;25407;25260;25031;24729;
2410055;"Pszczyna - obszar wiejski (5)";25938;26227;26439;26749;26937;27263;27379;27525;27672;27837;
2410062;"Suszec (2)";12034;12082;12157;12280;12347;12499;12584;12694;12722;12828;
2411000;"Powiat raciborski";109161;109111;108918;108513;108211;101780;100842;99974;99332;98665;
2411011;"Racibórz (1)";55492;55404;55189;54882;54739;51377;50743;50130;49650;49150;
2411022;"Kornowac (2)";5139;5156;5156;5150;5159;5161;5114;5108;5144;5193;
2411033;"Krzanowice (3)";5820;5772;5753;5746;5742;5396;5355;5328;5270;5218;
2411034;"Krzanowice - miasto (4)";2196;2197;2168;2158;2166;2045;2016;2030;2000;1958;
2411035;"Krzanowice - obszar wiejski (5)";3624;3575;3585;3588;3576;3351;3339;3298;3270;3260;
2411042;"Krzyżanowice (2)";11328;11363;11362;11301;11274;10861;10791;10753;10698;10643;
2411053;"Kuźnia Raciborska (3)";11909;11889;11894;11883;11768;10829;10763;10673;10581;10518;
2411054;"Kuźnia Raciborska - miasto (4)";5420;5374;5402;5386;5305;4821;4741;4672;4598;4572;
2411055;"Kuźnia Raciborska - obszar wiejski (5)";6489;6515;6492;6497;6463;6008;6022;6001;5983;5946;
2411062;"Nędza (2)";7374;7405;7440;7437;7453;6743;6709;6665;6641;6651;
2411072;"Pietrowice Wielkie (2)";6963;6939;6935;6910;6883;6532;6518;6513;6544;6505;
2411082;"Rudnik (2)";5136;5183;5189;5204;5193;4881;4849;4804;4804;4787;
2412000;"Powiat rybnicki";77431;77703;77942;78104;78213;76936;76807;76816;76666;76250;
2412013;"Czerwionka-Leszczyny (3)";42024;42105;42170;42193;42121;40799;40538;40337;40145;39787;
2412014;"Czerwionka-Leszczyny - miasto (4)";28285;28329;28329;28266;28134;27066;26860;26695;26522;26245;
2412015;"Czerwionka-Leszczyny - obszar wiejski (5)";13739;13776;13841;13927;13987;13733;13678;13642;13623;13542;
2412022;"Gaszowice (2)";9495;9589;9652;9720;9798;9774;9820;9906;9920;9882;
2412032;"Jejkowice (2)";4084;4095;4137;4132;4154;4151;4155;4161;4180;4193;
2412042;"Lyski (2)";9600;9643;9636;9650;9654;9718;9714;9758;9780;9764;
2412052;"Świerklany (2)";12228;12271;12347;12409;12486;12494;12580;12654;12641;12624;
2413000;"Powiat tarnogórski";138837;139079;139300;139833;140519;138983;139161;139221;139160;138856;
2413011;"Kalety (1)";8642;8616;8627;8626;8589;8275;8206;8209;8170;8094;
2413021;"Miasteczko Śląskie (1)";7359;7416;7419;7449;7442;7133;7044;6971;6961;6901;
2413031;"Radzionków (1)";17002;16875;16798;16818;16873;16244;16193;16132;16034;15989;
2413041;"Tarnowskie Góry (1)";61041;61229;61262;61356;61686;61251;61343;61439;61321;61210;
2413052;"Krupski Młyn (2)";3239;3217;3212;3191;3185;3083;3059;3021;3002;2969;
2413062;"Ożarowice (2)";5704;5731;5715;5793;5795;5845;5909;5957;5956;5926;
2413072;"Świerklaniec (2)";11846;11952;12069;12248;12401;12783;12887;13018;13174;13193;
2413082;"Tworóg (2)";8146;8157;8197;8240;8287;8215;8228;8195;8206;8165;
2413092;"Zbrosławice (2)";15858;15886;16001;16112;16261;16154;16292;16279;16336;16409;
2414000;"Powiat bieruńsko-lędziński";58973;59154;59550;59760;59776;59340;59513;59568;59443;59400;
2414011;"Bieruń (1)";19597;19645;19639;19605;19507;19124;19087;18966;18835;18738;
2414021;"Imielin (1)";8846;8896;9052;9153;9189;9271;9377;9411;9398;9430;
2414031;"Lędziny (1)";16784;16726;16819;16822;16798;16518;16489;16466;16333;16269;
2414042;"Bojszowy (2)";7616;7674;7795;7860;7924;8154;8269;8431;8576;8646;
2414052;"Chełm Śląski (2)";6130;6213;6245;6320;6358;6273;6291;6294;6301;6317;
2415000;"Powiat wodzisławski";157831;157886;157767;157616;157088;152914;151852;151133;150269;149463;
2415011;"Pszów (1)";14186;14186;14114;13994;13844;13330;13218;13090;13007;12892;
2415021;"Radlin (1)";17913;17874;17861;17806;17759;17244;17067;17026;16829;16730;
2415031;"Rydułtowy (1)";21741;21715;21700;21637;21514;20772;20561;20359;20168;20017;
2415041;"Wodzisław Śląski (1)";48677;48573;48345;48143;47813;46065;45571;45120;44833;44460;
2415052;"Godów (2)";13528;13604;13653;13747;13813;13746;13702;13692;13712;13689;
2415062;"Gorzyce (2)";20866;21003;21100;21265;21338;21072;21106;21194;21138;21133;
2415072;"Lubomia (2)";7932;7904;7900;7920;7912;7715;7667;7671;7640;7587;
2415082;"Marklowice (2)";5440;5403;5447;5415;5405;5372;5371;5377;5337;5304;
2415092;"Mszana (2)";7548;7624;7647;7689;7690;7598;7589;7604;7605;7651;
2416000;"Powiat zawierciański";120270;119750;119101;118434;117624;114974;113734;112774;111628;110383;
2416011;"Poręba (1)";8675;8664;8581;8568;8480;8297;8250;8179;8104;8012;
2416021;"Zawiercie (1)";50642;50274;49908;49567;49204;47815;47220;46727;46106;45564;
2416032;"Irządze (2)";2731;2701;2664;2630;2601;2561;2529;2507;2513;2483;
2416042;"Kroczyce (2)";6300;6301;6344;6347;6306;6148;6115;6073;6040;6003;
2416053;"Łazy (3)";16038;16025;15992;15956;15893;15762;15657;15626;15534;15521;
2416054;"Łazy - miasto (4)";6977;6948;6882;6845;6798;6617;6545;6461;6378;6290;
2416055;"Łazy - obszar wiejski (5)";9061;9077;9110;9111;9095;9145;9112;9165;9156;9231;
2416063;"Ogrodzieniec (3)";9223;9215;9180;9152;9061;9074;8962;8893;8871;8625;
2416064;"Ogrodzieniec - miasto (4)";4309;4308;4313;4296;4258;4244;4175;4115;4110;3911;
2416065;"Ogrodzieniec - obszar wiejski (5)";4914;4907;4867;4856;4803;4830;4787;4778;4761;4714;
2416073;"Pilica (3)";8725;8725;8713;8640;8570;8266;8176;8101;8039;7936;
2416074;"Pilica - miasto (4)";1928;1938;1967;1947;1917;1794;1775;1776;1761;1738;
2416075;"Pilica - obszar wiejski (5)";6797;6787;6746;6693;6653;6472;6401;6325;6278;6198;
2416083;"Szczekociny (3)";7963;7904;7824;7713;7658;7310;7184;7028;6874;6747;
2416084;"Szczekociny - miasto (4)";3728;3718;3679;3622;3595;3461;3412;3370;3329;3292;
2416085;"Szczekociny - obszar wiejski (5)";4235;4186;4145;4091;4063;3849;3772;3658;3545;3455;
2416092;"Włodowice (2)";5244;5237;5237;5224;5254;5230;5167;5182;;;
2416093;"Włodowice (3)";;;;;;;;;5127;5108;
2416094;"Włodowice - miasto (4)";;;;;;;;;1152;1155;
2416095;"Włodowice - obszar wiejski (5)";;;;;;;;;3975;3953;
2416102;"Żarnowiec (2)";4729;4704;4658;4637;4597;4511;4474;4458;4420;4384;
2417000;"Powiat żywiecki";153047;153197;153187;153226;152756;150612;149800;149439;148829;148090;
2417011;"Żywiec (1)";31815;31662;31560;31388;31091;30464;30043;29878;29732;29419;
2417022;"Czernichów (2)";6798;6817;6805;6809;6740;6562;6481;6436;6359;6279;
2417032;"Gilowice (2)";6193;6204;6230;6252;6251;6268;6245;6254;6249;6288;
2417042;"Jeleśnia (2)";13401;13385;13353;13342;13275;12896;12788;12677;12586;12509;
2417052;"Koszarawa (2)";2428;2424;2377;2391;2367;2265;2242;2234;2208;2206;
2417062;"Lipowa (2)";10474;10649;10719;10818;10846;10754;10847;10896;10950;10959;
2417072;"Łękawica (2)";4454;4493;4543;4545;4552;4488;4502;4522;4528;4530;
2417082;"Łodygowice (2)";14054;14154;14269;14426;14567;14929;15045;15189;15259;15424;
2417092;"Milówka (2)";10090;10039;10051;10078;10067;9940;9888;9865;9805;9667;
2417102;"Radziechowy-Wieprz (2)";13088;13095;13049;13095;13079;12946;12900;12905;12872;12878;
2417112;"Rajcza (2)";8988;8930;8891;8842;8810;8569;8502;8401;8301;8230;
2417122;"Ślemień (2)";3524;3542;3541;3545;3531;3526;3526;3537;3507;3494;
2417132;"Świnna (2)";8082;8092;8094;8095;8070;7979;7931;7886;7877;7819;
2417142;"Ujsoły (2)";4556;4557;4541;4499;4430;4323;4261;4227;4169;4113;
2417152;"Węgierska Górka (2)";15102;15154;15164;15101;15080;14703;14599;14532;14427;14275;
2461000;"Powiat m. Bielsko-Biała";172591;172030;171505;171259;170663;169553;168106;166765;165766;164318;
2461011;"Bielsko-Biała (1)";172591;172030;171505;171259;170663;169553;168106;166765;165766;164318;
2462000;"Powiat m. Bytom";170761;169617;168394;166795;165263;153827;151691;149576;147759;146290;
2462011;"Bytom (1)";170761;169617;168394;166795;165263;153827;151691;149576;147759;146290;
2463000;"Powiat m. Chorzów";109757;109398;109021;108434;107807;104448;103229;101914;100593;99420;
2463011;"Chorzów (1)";109757;109398;109021;108434;107807;104448;103229;101914;100593;99420;
2464000;"Powiat m. Częstochowa";228179;226225;224376;222292;220433;213942;210773;208282;205969;203615;
2464011;"Częstochowa (1)";228179;226225;224376;222292;220433;213942;210773;208282;205969;203615;
2465000;"Powiat m. Dąbrowa Górnicza";122712;121802;121121;120259;119373;117257;115955;114765;113460;112408;
2465011;"Dąbrowa Górnicza (1)";122712;121802;121121;120259;119373;117257;115955;114765;113460;112408;
2466000;"Powiat m. Gliwice";183392;182156;181309;179806;178603;174581;172628;171023;169915;168248;
2466011;"Gliwice (1)";183392;182156;181309;179806;178603;174581;172628;171023;169915;168248;
2467000;"Powiat m. Jastrzębie-Zdrój";90283;89883;89590;89128;88743;85388;83987;83139;82301;81338;
2467011;"Jastrzębie-Zdrój (1)";90283;89883;89590;89128;88743;85388;83987;83139;82301;81338;
2468000;"Powiat m. Jaworzno";92847;92473;92090;91563;91115;89269;88267;87552;86812;86075;
2468011;"Jaworzno (1)";92847;92473;92090;91563;91115;89269;88267;87552;86812;86075;
2469000;"Powiat m. Katowice";299910;298111;296262;294510;292774;286369;282755;280190;279190;278885;
2469011;"Katowice (1)";299910;298111;296262;294510;292774;286369;282755;280190;279190;278885;
2470000;"Powiat m. Mysłowice";74851;74592;74647;74586;74618;72587;72124;71643;71280;70741;
2470011;"Mysłowice (1)";74851;74592;74647;74586;74618;72587;72124;71643;71280;70741;
2471000;"Powiat m. Piekary Śląskie";56374;55954;55652;55299;55030;53168;52699;52137;51707;51373;
2471011;"Piekary Śląskie (1)";56374;55954;55652;55299;55030;53168;52699;52137;51707;51373;
2472000;"Powiat m. Ruda Śląska";139844;139125;138578;138000;137360;134169;132766;131532;130302;128793;
2472011;"Ruda Śląska (1)";139844;139125;138578;138000;137360;134169;132766;131532;130302;128793;
2473000;"Powiat m. Rybnik";139595;139252;139129;138696;138098;134050;132923;131744;130887;129817;
2473011;"Rybnik (1)";139595;139252;139129;138696;138098;134050;132923;131744;130887;129817;
2474000;"Powiat m. Siemianowice Śląskie";68231;67905;67523;67154;66841;64935;64365;63892;63401;62817;
2474011;"Siemianowice Śląskie (1)";68231;67905;67523;67154;66841;64935;64365;63892;63401;62817;
2475000;"Powiat m. Sosnowiec";207381;205873;204013;202036;199974;194438;191676;189178;187115;184988;
2475011;"Sosnowiec (1)";207381;205873;204013;202036;199974;194438;191676;189178;187115;184988;
2476000;"Powiat m. Świętochłowice";50970;50644;50385;50012;49557;46645;46112;45795;45434;45021;
2476011;"Świętochłowice (1)";50970;50644;50385;50012;49557;46645;46112;45795;45434;45021;
2477000;"Powiat m. Tychy";128444;128351;128211;127831;127590;125223;124139;123105;122045;121063;
2477011;"Tychy (1)";128444;128351;128211;127831;127590;125223;124139;123105;122045;121063;
2478000;"Powiat m. Zabrze";176327;175459;174349;173374;172360;158923;156935;155430;153838;152461;
2478011;"Zabrze (1)";176327;175459;174349;173374;172360;158923;156935;155430;153838;152461;
2479000;"Powiat m. Żory";61945;62013;62243;62456;62472;61833;61839;61817;61774;61923;
2479011;"Żory (1)";61945;62013;62243;62456;62472;61833;61839;61817;61774;61923;
2600000;"ŚWIĘTOKRZYSKIE";1257179;1252900;1247732;1241546;1233961;1199584;1187693;1178164;1168499;1157991;
2601000;"Powiat buski";73068;72779;72323;72058;71596;69752;68910;68470;67817;67157;
2601013;"Busko-Zdrój (3)";32767;32612;32438;32280;32189;31425;31087;30906;30637;30321;
2601014;"Busko-Zdrój - miasto (4)";16509;16319;16092;15952;15786;15094;14787;14588;14365;14079;
2601015;"Busko-Zdrój - obszar wiejski (5)";16258;16293;16346;16328;16403;16331;16300;16318;16272;16242;
2601022;"Gnojno (2)";4459;4466;4403;4394;4351;4321;4266;4250;4224;4194;
2601032;"Nowy Korczyn (2)";6158;6100;6036;5981;;;;;;;
2601033;"Nowy Korczyn (3)";;;;;5916;5610;5548;5505;5444;5374;
2601034;"Nowy Korczyn - miasto (4)";;;;;938;897;906;904;899;882;
2601035;"Nowy Korczyn - obszar wiejski (5)";;;;;4978;4713;4642;4601;4545;4492;
2601042;"Pacanów (2)";7481;7465;7420;7406;;;;;;;
2601043;"Pacanów (3)";;;;;7322;7128;7003;6947;6874;6795;
2601044;"Pacanów - miasto (4)";;;;;1121;1065;1060;1045;1033;1024;
2601045;"Pacanów - obszar wiejski (5)";;;;;6201;6063;5943;5902;5841;5771;
2601052;"Solec-Zdrój (2)";5068;5092;5059;5059;5036;4968;4911;4893;4870;4840;
2601063;"Stopnica (3)";7744;7728;7664;7625;7589;7350;7268;7172;7072;6995;
2601064;"Stopnica - miasto (4)";1455;1440;1434;1425;1415;1187;1178;1150;1124;1101;
2601065;"Stopnica - obszar wiejski (5)";6289;6288;6230;6200;6174;6163;6090;6022;5948;5894;
2601072;"Tuczępy (2)";3780;3753;3751;3772;3740;3682;3639;3624;3588;3568;
2601082;"Wiślica (2)";5611;5563;5552;;;;;;;;
2601083;"Wiślica (3)";;;;5541;5453;5268;5188;5173;5108;5070;
2601084;"Wiślica - miasto (4)";;;;515;504;486;477;468;444;442;
2601085;"Wiślica - obszar wiejski (5)";;;;5026;4949;4782;4711;4705;4664;4628;
2602000;"Powiat jędrzejowski";87141;86886;86560;86076;85379;83369;82500;81786;81057;80365;
2602012;"Imielno (2)";4450;4451;4420;4404;4338;4272;4214;4159;4151;4112;
2602023;"Jędrzejów (3)";28584;28446;28324;28095;27898;27369;27062;26847;26488;26246;
2602024;"Jędrzejów - miasto (4)";15578;15484;15369;15149;15014;14658;14424;14308;14029;13849;
2602025;"Jędrzejów - obszar wiejski (5)";13006;12962;12955;12946;12884;12711;12638;12539;12459;12397;
2602033;"Małogoszcz (3)";11670;11675;11626;11621;11536;11261;11178;11112;11046;10954;
2602034;"Małogoszcz - miasto (4)";3857;3831;3809;3769;3726;3542;3463;3399;3356;3297;
2602035;"Małogoszcz - obszar wiejski (5)";7813;7844;7817;7852;7810;7719;7715;7713;7690;7657;
2602042;"Nagłowice (2)";5064;5026;4993;4956;4915;4771;4752;4712;4689;4624;
2602052;"Oksa (2)";4610;4586;4605;4598;4574;4470;4422;4374;4363;4351;
2602063;"Sędziszów (3)";12681;12679;12599;12555;12413;12125;11963;11849;11720;11649;
2602064;"Sędziszów - miasto (4)";6601;6568;6494;6484;6408;6330;6258;6173;6108;6065;
2602065;"Sędziszów - obszar wiejski (5)";6080;6111;6105;6071;6005;5795;5705;5676;5612;5584;
2602072;"Słupia (2)";4381;4361;4360;4336;4290;4036;3981;3948;3905;3852;
2602082;"Sobków (2)";8536;8526;8533;8491;8466;8458;8411;8357;8339;8301;
2602092;"Wodzisław (2)";7165;7136;7100;7020;6949;6607;;;;;
2602093;"Wodzisław (3)";;;;;;;6517;6428;6356;6276;
2602094;"Wodzisław - miasto (4)";;;;;;;981;981;961;923;
2602095;"Wodzisław - obszar wiejski (5)";;;;;;;5536;5447;5395;5353;
2603000;"Powiat kazimierski";34449;34273;34049;33851;33619;32616;32281;31966;31693;31373;
2603012;"Bejsce (2)";4174;4133;4108;4031;3997;3939;3910;3867;3843;3823;
2603022;"Czarnocin (2)";3879;3860;3834;3810;3758;3684;3655;3606;3573;3552;
2603033;"Kazimierza Wielka (3)";16426;16379;16290;16210;16118;15576;15431;15290;15210;15067;
2603034;"Kazimierza Wielka - miasto (4)";5665;5643;5619;5579;5523;5234;5145;5038;4995;4951;
2603035;"Kazimierza Wielka - obszar wiejski (5)";10761;10736;10671;10631;10595;10342;10286;10252;10215;10116;
2603042;"Opatowiec (2)";3352;3315;3288;3298;;;;;;;
2603043;"Opatowiec (3)";;;;;3283;3099;3047;3009;2960;2896;
2603044;"Opatowiec - miasto (4)";;;;;338;311;313;317;308;305;
2603045;"Opatowiec - obszar wiejski (5)";;;;;2945;2788;2734;2692;2652;2591;
2603053;"Skalbmierz (3)";6618;6586;6529;6502;6463;6318;6238;6194;6107;6035;
2603054;"Skalbmierz - miasto (4)";1291;1298;1292;1289;1275;1222;1218;1202;1187;1177;
2603055;"Skalbmierz - obszar wiejski (5)";5327;5288;5237;5213;5188;5096;5020;4992;4920;4858;
2604000;"Powiat kielecki";208526;208977;210102;210694;211259;211897;211639;211774;211764;211645;
2604012;"Bieliny (2)";10213;10214;10268;10270;10299;10012;9994;9984;9962;9927;
2604023;"Bodzentyn (3)";11638;11636;11632;11569;11479;11201;11107;11039;10969;10869;
2604024;"Bodzentyn - miasto (4)";2240;2241;2238;2240;2211;2158;2135;2118;2091;2076;
2604025;"Bodzentyn - obszar wiejski (5)";9398;9395;9394;9329;9268;9043;8972;8921;8878;8793;
2604033;"Chęciny (3)";15014;14992;15053;15102;15111;14978;14887;14804;14760;14735;
2604034;"Chęciny - miasto (4)";4419;4373;4421;4445;4430;4372;4343;4316;4316;4303;
2604035;"Chęciny - obszar wiejski (5)";10595;10619;10632;10657;10681;10606;10544;10488;10444;10432;
2604043;"Chmielnik (3)";11444;11417;11362;11320;11264;10973;10884;10803;10719;10643;
2604044;"Chmielnik - miasto (4)";3841;3831;3752;3703;3662;3561;3521;3503;3434;3364;
2604045;"Chmielnik - obszar wiejski (5)";7603;7586;7610;7617;7602;7412;7363;7300;7285;7279;
2604053;"Daleszyce (3)";15647;15688;15775;15855;15865;16258;16227;16260;16282;16302;
2604054;"Daleszyce - miasto (4)";2911;2922;2914;2907;2883;2847;2818;2781;2750;2738;
2604055;"Daleszyce - obszar wiejski (5)";12736;12766;12861;12948;12982;13411;13409;13479;13532;13564;
2604062;"Górno (2)";13977;14126;14292;14375;14559;14915;14986;15110;15184;15234;
2604072;"Łagów (2)";6954;6910;6908;;;;;;;;
2604073;"Łagów (3)";;;;6886;6880;6687;6609;6598;6564;6511;
2604074;"Łagów - miasto (4)";;;;1587;1562;1555;1551;1544;1521;1519;
2604075;"Łagów - obszar wiejski (5)";;;;5299;5318;5132;5058;5054;5043;4992;
2604082;"Łopuszno (2)";8989;9016;9062;9021;8984;8834;8787;8772;;;
2604083;"Łopuszno (3)";;;;;;;;;8701;8693;
2604084;"Łopuszno - miasto (4)";;;;;;;;;1445;1419;
2604085;"Łopuszno - obszar wiejski (5)";;;;;;;;;7256;7274;
2604092;"Masłów (2)";10602;10667;10819;10951;11063;11652;11786;11901;11961;12010;
2604102;"Miedziana Góra (2)";11260;11304;11381;11488;11632;12331;12402;12478;12563;12628;
2604112;"Mniów (2)";9349;9360;9364;9372;9346;9232;9156;9081;9044;9036;
2604122;"Morawica (2)";15801;16018;;;;;;;;;
2604123;"Morawica (3)";;;16290;16482;16756;17319;17508;17784;17920;18136;
2604124;"Morawica - miasto (4)";;;1730;1695;1716;1736;1749;1782;1768;1737;
2604125;"Morawica - obszar wiejski (5)";;;14560;14787;15040;15583;15759;16002;16152;16399;
2604132;"Nowa Słupia (2)";9635;9559;9516;9539;;;;;;;
2604133;"Nowa Słupia (3)";;;;;9471;9196;9061;8937;8791;8725;
2604134;"Nowa Słupia - miasto (4)";;;;;1373;1351;1339;1312;1288;1287;
2604135;"Nowa Słupia - obszar wiejski (5)";;;;;8098;7845;7722;7625;7503;7438;
2604142;"Piekoszów (2)";16321;16338;16449;16476;16489;16719;16783;16807;;;
2604143;"Piekoszów (3)";;;;;;;;;16850;16883;
2604144;"Piekoszów - miasto (4)";;;;;;;;;2948;2978;
2604145;"Piekoszów - obszar wiejski (5)";;;;;;;;;13902;13905;
2604152;"Pierzchnica (2)";4793;4781;4788;4799;;;;;;;
2604153;"Pierzchnica (3)";;;;;4700;4816;4776;4741;4702;4631;
2604154;"Pierzchnica - miasto (4)";;;;;1178;1266;1251;1257;1269;1213;
2604155;"Pierzchnica - obszar wiejski (5)";;;;;3522;3550;3525;3484;3433;3418;
2604162;"Raków (2)";5716;5676;5669;5635;5595;5429;5350;5292;5266;5212;
2604172;"Nowiny (2)";7708;7728;7777;7838;7910;7833;7929;8003;8119;8132;
2604182;"Strawczyn (2)";10505;10567;10674;10735;10874;10971;11027;11107;11227;11275;
2604192;"Zagnańsk (2)";12960;12980;13023;12981;12982;12541;12380;12273;12180;12063;
2605000;"Powiat konecki";82336;81902;81315;80648;79858;76423;75396;74558;73741;72810;
2605012;"Fałków (2)";4559;4572;4519;4476;4393;4101;4041;3986;3945;3886;
2605022;"Gowarczów (2)";4700;4664;4664;4624;4583;4477;4463;4442;4404;;
2605023;"Gowarczów (3)";;;;;;;;;;4349;
2605024;"Gowarczów - miasto (4)";;;;;;;;;;1304;
2605025;"Gowarczów - obszar wiejski (5)";;;;;;;;;;3045;
2605033;"Końskie (3)";36048;35917;35665;35422;35112;33618;33204;32817;32461;32117;
2605034;"Końskie - miasto (4)";19845;19712;19534;19330;19080;18252;17973;17629;17384;17145;
2605035;"Końskie - obszar wiejski (5)";16203;16205;16131;16092;16032;15366;15231;15188;15077;14972;
2605042;"Radoszyce (2)";9044;9042;9002;;;;;;;;
2605043;"Radoszyce (3)";;;;8952;8891;8423;8307;8196;8125;8029;
2605044;"Radoszyce - miasto (4)";;;;3167;3140;2985;2932;2874;2831;2769;
2605045;"Radoszyce - obszar wiejski (5)";;;;5785;5751;5438;5375;5322;5294;5260;
2605052;"Ruda Maleniecka (2)";3181;3151;3113;3108;3069;2969;2908;2879;2837;2825;
2605062;"Słupia Konecka (2)";3429;3393;3380;3340;3319;3122;3064;3019;2960;2924;
2605072;"Smyków (2)";3808;3794;3787;3791;3792;3709;3688;3697;3685;3665;
2605083;"Stąporków (3)";17567;17369;17185;16935;16699;16004;15721;15522;15324;15015;
2605084;"Stąporków - miasto (4)";5914;5820;5754;5679;5630;5320;5225;5165;5091;5014;
2605085;"Stąporków - obszar wiejski (5)";11653;11549;11431;11256;11069;10684;10496;10357;10233;10001;
2606000;"Powiat opatowski";53821;53361;53028;52577;52089;50148;49470;48894;48394;47876;
2606012;"Baćkowice (2)";4958;4919;4892;4870;4868;4674;4637;4594;4528;4496;
2606022;"Iwaniska (2)";6815;6789;6745;6687;6616;6292;6208;;;;
2606023;"Iwaniska (3)";;;;;;;;6151;6133;6041;
2606024;"Iwaniska - miasto (4)";;;;;;;;1238;1215;1197;
2606025;"Iwaniska - obszar wiejski (5)";;;;;;;;4913;4918;4844;
2606032;"Lipnik (2)";5429;5365;5322;5277;5206;5001;4923;4849;4787;4763;
2606043;"Opatów (3)";12030;11930;11869;11737;11663;11191;11009;10854;10755;10579;
2606044;"Opatów - miasto (4)";6613;6580;6516;6496;6457;6185;6087;5965;5937;5835;
2606045;"Opatów - obszar wiejski (5)";5417;5350;5353;5241;5206;5006;4922;4889;4818;4744;
2606053;"Ożarów (3)";11031;10911;10856;10793;10662;10425;10323;10192;10090;9964;
2606054;"Ożarów - miasto (4)";4655;4598;4594;4599;4534;4405;4348;4261;4203;4137;
2606055;"Ożarów - obszar wiejski (5)";6376;6313;6262;6194;6128;6020;5975;5931;5887;5827;
2606062;"Sadowie (2)";4044;4032;4002;3957;3929;3874;3814;3789;3757;3745;
2606072;"Tarłów (2)";5383;5303;5278;5205;5139;4822;4723;4648;4584;4554;
2606082;"Wojciechowice (2)";4131;4112;4064;4051;4006;3869;3833;3817;3760;3734;
2607000;"Powiat ostrowiecki";112417;111984;111111;110127;108964;104024;102552;101311;100058;98766;
2607011;"Ostrowiec Świętokrzyski (1)";70677;70554;69852;69051;68338;65066;63932;62980;62093;61188;
2607022;"Bałtów (2)";3564;3519;3513;3484;3410;3243;3215;3157;3122;3074;
2607032;"Bodzechów (2)";13597;13535;13518;13467;13326;12815;12758;12771;12664;12538;
2607043;"Ćmielów (3)";7550;7481;7411;7361;7330;6947;6861;6778;6721;6652;
2607044;"Ćmielów - miasto (4)";3095;3051;3014;3024;3021;2882;2852;2829;2788;2762;
2607045;"Ćmielów - obszar wiejski (5)";4455;4430;4397;4337;4309;4065;4009;3949;3933;3890;
2607053;"Kunów (3)";10018;9958;9913;9871;9779;9406;9334;9245;9143;9064;
2607054;"Kunów - miasto (4)";3033;2991;2970;2979;2936;2789;2764;2739;2699;2686;
2607055;"Kunów - obszar wiejski (5)";6985;6967;6943;6892;6843;6617;6570;6506;6444;6378;
2607062;"Waśniów (2)";7011;6937;6904;6893;6781;6547;6452;6380;6315;6250;
2608000;"Powiat pińczowski";40081;39838;39497;39271;38926;37821;37372;37011;36739;36283;
2608013;"Działoszyce (3)";5143;5107;5033;4958;4900;4765;4675;4609;4577;4510;
2608014;"Działoszyce - miasto (4)";944;926;913;908;897;888;868;852;847;820;
2608015;"Działoszyce - obszar wiejski (5)";4199;4181;4120;4050;4003;3877;3807;3757;3730;3690;
2608022;"Kije (2)";4492;4480;4431;4415;4373;4336;4295;4285;4283;4290;
2608032;"Michałów (2)";4716;4644;4634;4606;4564;4519;4461;4425;4411;4329;
2608043;"Pińczów (3)";21192;21088;20938;20831;20626;19838;19640;19445;19240;18972;
2608044;"Pińczów - miasto (4)";11102;11021;10946;10844;10717;10123;9972;9843;9721;9542;
2608045;"Pińczów - obszar wiejski (5)";10090;10067;9992;9987;9909;9715;9668;9602;9519;9430;
2608052;"Złota (2)";4538;4519;4461;4461;4463;4363;4301;4247;4228;4182;
2609000;"Powiat sandomierski";79266;78858;78405;77773;77017;74270;73420;72616;71824;70999;
2609011;"Sandomierz (1)";24187;23993;23863;23644;23362;22282;21944;21586;21273;20984;
2609022;"Dwikozy (2)";8893;8879;8859;8778;8709;8386;8311;8228;8159;8070;
2609032;"Klimontów (2)";8272;8220;8138;8060;7994;;;;;;
2609033;"Klimontów (3)";;;;;;7703;7585;7515;7465;7361;
2609034;"Klimontów - miasto (4)";;;;;;1797;1769;1760;1758;1726;
2609035;"Klimontów - obszar wiejski (5)";;;;;;5906;5816;5755;5707;5635;
2609043;"Koprzywnica (3)";6823;6775;6714;6690;6634;6368;6315;6273;6218;6162;
2609044;"Koprzywnica - miasto (4)";2541;2523;2497;2488;2461;2389;2389;2365;2368;2350;
2609045;"Koprzywnica - obszar wiejski (5)";4282;4252;4217;4202;4173;3979;3926;3908;3850;3812;
2609052;"Łoniów (2)";7540;7517;7552;7504;7451;7291;7231;7196;7140;7067;
2609062;"Obrazów (2)";6570;6536;6447;6404;6375;6258;6202;6144;6086;6014;
2609072;"Samborzec (2)";8596;8575;8559;8523;8420;8243;8197;8146;8047;7986;
2609082;"Wilczyce (2)";3778;3788;3770;3715;3687;3554;3494;3463;3430;3394;
2609093;"Zawichost (3)";4607;4575;4503;4455;4385;4185;4141;4065;4006;3961;
2609094;"Zawichost - miasto (4)";1867;1817;1793;1776;1754;1656;1645;1609;1596;1582;
2609095;"Zawichost - obszar wiejski (5)";2740;2758;2710;2679;2631;2529;2496;2456;2410;2379;
2610000;"Powiat skarżyski";77039;76384;75673;74817;73991;71276;70076;69087;68103;67152;
2610011;"Skarżysko-Kamienna (1)";46900;46449;45953;45358;44848;43297;42458;41793;41224;40650;
2610022;"Bliżyn (2)";8293;8226;8189;8135;8037;7676;7628;7537;7445;7374;
2610032;"Łączna (2)";5226;5150;5096;5061;5008;5035;4967;4890;4799;4705;
2610042;"Skarżysko Kościelne (2)";6193;6180;6132;6072;5988;5684;5589;5559;5500;5410;
2610053;"Suchedniów (3)";10427;10379;10303;10191;10110;9584;9434;9308;9135;9013;
2610054;"Suchedniów - miasto (4)";8575;8536;8478;8379;8323;7847;7712;7588;7452;7346;
2610055;"Suchedniów - obszar wiejski (5)";1852;1843;1825;1812;1787;1737;1722;1720;1683;1667;
2611000;"Powiat starachowicki";92032;91449;90888;90377;89576;86496;85424;84514;83634;82681;
2611011;"Starachowice (1)";50355;49939;49513;48965;48395;46442;45684;44992;44416;43773;
2611022;"Brody (2)";11085;11030;10950;10963;10870;10479;10347;10263;10119;10013;
2611032;"Mirzec (2)";8333;8321;8293;8335;8260;8087;8024;7971;7913;7908;
2611042;"Pawłów (2)";15312;15251;15272;15305;15240;14961;14912;14886;14855;14769;
2611053;"Wąchock (3)";6947;6908;6860;6809;6811;6527;6457;6402;6331;6218;
2611054;"Wąchock - miasto (4)";2809;2805;2795;2764;2768;2583;2541;2507;2466;2413;
2611055;"Wąchock - obszar wiejski (5)";4138;4103;4065;4045;4043;3944;3916;3895;3865;3805;
2612000;"Powiat staszowski";73036;72797;72456;72167;71776;70079;69515;69001;68448;67817;
2612012;"Bogoria (2)";7892;7870;7837;7744;7692;7521;7500;7456;7409;;
2612013;"Bogoria (3)";;;;;;;;;;7364;
2612014;"Bogoria - miasto (4)";;;;;;;;;;1091;
2612015;"Bogoria - obszar wiejski (5)";;;;;;;;;;6273;
2612022;"Łubnice (2)";4118;4142;4118;4128;4102;3983;3979;3962;3925;3891;
2612032;"Oleśnica (2)";3908;3891;3878;3864;;;;;;;
2612033;"Oleśnica (3)";;;;;3880;3818;3802;3769;3751;3731;
2612034;"Oleśnica - miasto (4)";;;;;1839;1758;1742;1724;1710;1706;
2612035;"Oleśnica - obszar wiejski (5)";;;;;2041;2060;2060;2045;2041;2025;
2612043;"Osiek (3)";7804;7764;7733;7762;7689;7493;7474;7420;7348;7300;
2612044;"Osiek - miasto (4)";1998;1999;2004;2015;1991;1967;1961;1954;1970;1955;
2612045;"Osiek - obszar wiejski (5)";5806;5765;5729;5747;5698;5526;5513;5466;5378;5345;
2612053;"Połaniec (3)";11990;11941;11901;11828;11764;11352;11190;11083;11018;10883;
2612054;"Połaniec - miasto (4)";8275;8204;8181;8120;8072;7743;7606;7526;7453;7343;
2612055;"Połaniec - obszar wiejski (5)";3715;3737;3720;3708;3692;3609;3584;3557;3565;3540;
2612062;"Rytwiany (2)";6343;6357;6372;6380;6371;6307;6298;6253;6231;6219;
2612073;"Staszów (3)";26193;26067;25897;25730;25599;25150;24888;24666;24424;24105;
2612074;"Staszów - miasto (4)";15152;15085;14942;14810;14649;14202;13987;13758;13596;13362;
2612075;"Staszów - obszar wiejski (5)";11041;10982;10955;10920;10950;10948;10901;10908;10828;10743;
2612082;"Szydłów (2)";4788;4765;4720;4731;;;;;;;
2612083;"Szydłów (3)";;;;;4679;4455;4384;4392;4342;4324;
2612084;"Szydłów - miasto (4)";;;;;1101;983;966;974;967;951;
2612085;"Szydłów - obszar wiejski (5)";;;;;3578;3472;3418;3418;3375;3373;
2613000;"Powiat włoszczowski";45921;45708;45521;45336;45059;43986;43660;43291;42932;42530;
2613012;"Kluczewsko (2)";5238;5210;5224;5181;5197;5018;4973;4938;4904;4871;
2613022;"Krasocin (2)";10733;10697;10650;10652;10620;10296;10270;10177;10096;10010;
2613032;"Moskorzew (2)";2770;2761;2730;2692;2640;2602;2584;2557;2533;2504;
2613042;"Radków (2)";2546;2530;2514;2504;2499;2372;2331;2311;2291;2255;
2613052;"Secemin (2)";4879;4867;4856;4827;4811;4668;4620;4577;4530;4497;
2613063;"Włoszczowa (3)";19755;19643;19547;19480;19292;19030;18882;18731;18578;18393;
2613064;"Włoszczowa - miasto (4)";10269;10165;10096;10043;9924;9784;9697;9617;9520;9414;
2613065;"Włoszczowa - obszar wiejski (5)";9486;9478;9451;9437;9368;9246;9185;9114;9058;8979;
2661000;"Powiat m. Kielce";198046;197704;196804;195774;194852;187427;185478;183885;182295;180537;
2661011;"Kielce (1)";198046;197704;196804;195774;194852;187427;185478;183885;182295;180537;
2800000;"WARMIŃSKO-MAZURSKIE";1439675;1436367;1433945;1428983;1422737;1385622;1374699;1366430;1357910;1349172;
2801000;"Powiat bartoszycki";59378;58884;58435;57916;57231;54582;53830;53220;52674;52001;
2801011;"Bartoszyce (1)";24196;24001;23810;23609;23284;22406;22020;21682;21314;21055;
2801021;"Górowo Iławeckie (1)";4140;4068;4021;3974;3940;3821;3738;3663;3627;3578;
2801032;"Bartoszyce (2)";11004;10920;10884;10797;10715;10277;10275;10246;10224;10126;
2801043;"Bisztynek (3)";6529;6466;6441;6359;6299;5887;5772;5709;5660;5578;
2801044;"Bisztynek - miasto (4)";2437;2418;2417;2365;2359;2273;2227;2184;2156;2114;
2801045;"Bisztynek - obszar wiejski (5)";4092;4048;4024;3994;3940;3614;3545;3525;3504;3464;
2801052;"Górowo Iławeckie (2)";7019;7014;6978;6912;6811;6300;6220;6170;6151;6057;
2801063;"Sępopol (3)";6490;6415;6301;6265;6182;5891;5805;5750;5698;5607;
2801064;"Sępopol - miasto (4)";2024;2005;1970;1964;1941;1933;1908;1887;1890;1860;
2801065;"Sępopol - obszar wiejski (5)";4466;4410;4331;4301;4241;3958;3897;3863;3808;3747;
2802000;"Powiat braniewski";42208;41954;41675;41391;41034;38686;38234;37851;37281;36812;
2802011;"Braniewo (1)";17161;17123;17074;17071;16992;16511;16411;16223;16015;15827;
2802022;"Braniewo (2)";6214;6171;6144;6090;6031;5570;5473;5456;5391;5364;
2802033;"Frombork (3)";3726;3655;3646;3591;3555;3266;3203;3167;3071;3005;
2802034;"Frombork - miasto (4)";2446;2390;2389;2355;2326;2172;2126;2099;2029;1976;
2802035;"Frombork - obszar wiejski (5)";1280;1265;1257;1236;1229;1094;1077;1068;1042;1029;
2802042;"Lelkowo (2)";3009;2966;2928;2881;2817;2510;2465;2430;2371;2348;
2802053;"Pieniężno (3)";6464;6405;6323;6246;6183;5740;5640;5603;5530;5428;
2802054;"Pieniężno - miasto (4)";2863;2850;2802;2746;2712;2495;2477;2450;2420;2368;
2802055;"Pieniężno - obszar wiejski (5)";3601;3555;3521;3500;3471;3245;3163;3153;3110;3060;
2802062;"Płoskinia (2)";2551;2562;2533;2508;2486;2400;2386;2370;2349;2324;
2802072;"Wilczęta (2)";3083;3072;3027;3004;2970;2689;2656;2602;2554;2516;
2803000;"Powiat działdowski";66113;66011;65772;65442;65139;62861;62296;61917;61416;61003;
2803011;"Działdowo (1)";21402;21355;21370;21275;21274;20725;20520;20367;20125;19949;
2803022;"Działdowo (2)";9871;9897;9899;9876;9821;9494;9454;9536;9608;9601;
2803032;"Iłowo-Osada (2)";7321;7293;7273;7238;7192;6898;6854;6793;6703;6654;
2803043;"Lidzbark (3)";14444;14438;14299;14176;14052;13567;13437;13301;13169;13066;
2803044;"Lidzbark - miasto (4)";8002;7996;7900;7817;7741;7491;7403;7300;7182;7122;
2803045;"Lidzbark - obszar wiejski (5)";6442;6442;6399;6359;6311;6076;6034;6001;5987;5944;
2803052;"Płośnica (2)";5763;5709;5693;5654;5604;5299;5214;5125;5081;5051;
2803062;"Rybno (2)";7312;7319;7238;7223;7196;6878;6817;6795;6730;6682;
2804000;"Powiat elbląski";58220;58094;57955;57549;57211;55425;54968;54615;54142;53765;
2804012;"Elbląg (2)";7439;7474;7522;7518;7563;7595;7619;7632;7638;7648;
2804022;"Godkowo (2)";3186;3156;3119;3063;3011;2825;2772;2741;2723;2703;
2804032;"Gronowo Elbląskie (2)";5167;5138;5132;5127;5127;4943;4881;4826;4764;4727;
2804042;"Markusy (2)";4182;4159;4133;4085;4048;3917;3916;3895;3864;3842;
2804052;"Milejewo (2)";3370;3385;3413;3418;3419;3294;3303;3255;3253;3251;
2804063;"Młynary (3)";4518;4509;4484;4441;4406;4279;4212;4206;4176;4093;
2804064;"Młynary - miasto (4)";1806;1805;1792;1780;1765;1698;1690;1686;1681;1637;
2804065;"Młynary - obszar wiejski (5)";2712;2704;2692;2661;2641;2581;2522;2520;2495;2456;
2804073;"Pasłęk (3)";19590;19516;19502;19393;19313;18801;18617;18480;18265;18119;
2804074;"Pasłęk - miasto (4)";12373;12292;12298;12211;12178;12080;12000;11880;11728;11630;
2804075;"Pasłęk - obszar wiejski (5)";7217;7224;7204;7182;7135;6721;6617;6600;6537;6489;
2804082;"Rychliki (2)";3922;3928;3881;3840;3753;3600;3564;3538;3486;3446;
2804093;"Tolkmicko (3)";6846;6829;6769;6664;6571;6171;6084;6042;5973;5936;
2804094;"Tolkmicko - miasto (4)";2739;2729;2719;2692;2663;2480;2459;2430;2395;2379;
2804095;"Tolkmicko - obszar wiejski (5)";4107;4100;4050;3972;3908;3691;3625;3612;3578;3557;
2805000;"Powiat ełcki";90080;90584;91022;91359;91560;89158;88771;88621;88343;87992;
2805011;"Ełk (1)";60462;61074;61523;61928;62109;60471;60248;60070;59759;59250;
2805022;"Ełk (2)";11270;11324;11495;11599;11820;12044;12108;12272;12465;12708;
2805032;"Kalinowo (2)";6992;6858;6785;6774;6660;6351;6242;6204;6134;6107;
2805042;"Prostki (2)";7459;7463;7379;7292;7238;6841;6792;6743;6683;6632;
2805052;"Stare Juchy (2)";3897;3865;3840;3766;3733;3451;3381;3332;3302;3295;
2806000;"Powiat giżycki";57286;57141;56922;56754;56565;54961;54409;54016;53736;53165;
2806011;"Giżycko (1)";29726;29642;29480;29396;29307;28346;27978;27596;27310;26832;
2806042;"Giżycko (2)";8301;8344;8387;8411;8510;8551;8542;8690;8887;9020;
2806052;"Kruklanki (2)";3137;3135;3161;3173;3125;3020;3003;2960;2930;2889;
2806062;"Miłki (2)";3853;3813;3808;3775;3722;3538;3513;3497;3430;3392;
2806083;"Ryn (3)";5846;5800;5740;5695;5668;5515;5470;5400;5365;5282;
2806084;"Ryn - miasto (4)";2899;2900;2865;2851;2843;2774;2733;2709;2678;2643;
2806085;"Ryn - obszar wiejski (5)";2947;2900;2875;2844;2825;2741;2737;2691;2687;2639;
2806102;"Wydminy (2)";6423;6407;6346;6304;6233;5991;5903;5873;5814;5750;
2807000;"Powiat iławski";92795;92791;92811;93020;92879;91087;90562;90218;89870;89540;
2807011;"Iława (1)";33174;33108;33132;33250;33327;32724;32525;32319;32188;32013;
2807021;"Lubawa (1)";10083;10199;10269;10381;10388;10626;10622;10619;10633;10670;
2807032;"Iława (2)";12874;12872;12849;13008;12988;13125;13183;13185;13214;13278;
2807043;"Kisielice (3)";6055;6079;6078;6044;5997;5715;5617;5594;5533;5469;
2807044;"Kisielice - miasto (4)";2122;2130;2135;2103;2100;2098;2063;2035;2005;1983;
2807045;"Kisielice - obszar wiejski (5)";3933;3949;3943;3941;3897;3617;3554;3559;3528;3486;
2807052;"Lubawa (2)";10670;10716;10759;10729;10689;10422;10364;10408;10391;10361;
2807063;"Susz (3)";12992;12914;12872;12784;12727;12104;11964;11866;11783;11682;
2807064;"Susz - miasto (4)";5654;5620;5586;5571;5567;5347;5296;5255;5245;5222;
2807065;"Susz - obszar wiejski (5)";7338;7294;7286;7213;7160;6757;6668;6611;6538;6460;
2807073;"Zalewo (3)";6947;6903;6852;6824;6763;6371;6287;6227;6128;6067;
2807074;"Zalewo - miasto (4)";2186;2165;2165;2165;2141;2094;2066;2042;2026;1986;
2807075;"Zalewo - obszar wiejski (5)";4761;4738;4687;4659;4622;4277;4221;4185;4102;4081;
2808000;"Powiat kętrzyński";64450;63969;63470;62924;62283;59331;58566;57792;57045;56262;
2808011;"Kętrzyn (1)";27732;27493;27478;27366;27056;26284;25933;25487;25113;24795;
2808022;"Barciany (2)";6507;6384;6275;6174;6109;5778;5699;5666;5601;5505;
2808032;"Kętrzyn (2)";8438;8432;8334;8232;8230;7793;7703;7663;7619;7548;
2808043;"Korsze (3)";10127;10016;9905;9794;9646;9086;8983;8831;8700;8544;
2808044;"Korsze - miasto (4)";4408;4360;4346;4259;4193;4094;4042;4005;3934;3871;
2808045;"Korsze - obszar wiejski (5)";5719;5656;5559;5535;5453;4992;4941;4826;4766;4673;
2808053;"Reszel (3)";7702;7721;7600;7531;7488;6864;6772;6716;6637;6526;
2808054;"Reszel - miasto (4)";4667;4676;4615;4571;4550;4185;4105;4080;4045;3962;
2808055;"Reszel - obszar wiejski (5)";3035;3045;2985;2960;2938;2679;2667;2636;2592;2564;
2808062;"Srokowo (2)";3944;3923;3878;3827;3754;3526;3476;3429;3375;3344;
2809000;"Powiat lidzbarski";42266;42039;41840;41512;41180;39328;38923;38539;38126;37756;
2809011;"Lidzbark Warmiński (1)";16200;16040;15877;15820;15697;14887;14780;14614;14459;14266;
2809022;"Kiwity (2)";3335;3351;3337;3311;3286;3193;3155;3080;3059;3009;
2809032;"Lidzbark Warmiński (2)";6771;6813;6822;6733;6692;6535;6440;6465;6403;6438;
2809042;"Lubomino (2)";3634;3634;3626;3593;3596;3418;3392;3345;3293;3278;
2809053;"Orneta (3)";12326;12201;12178;12055;11909;11295;11156;11035;10912;10765;
2809054;"Orneta - miasto (4)";9008;8921;8924;8817;8723;8318;8207;8114;8007;7867;
2809055;"Orneta - obszar wiejski (5)";3318;3280;3254;3238;3186;2977;2949;2921;2905;2898;
2810000;"Powiat mrągowski";50696;50507;50381;50080;49762;48860;48324;47861;47472;47074;
2810011;"Mrągowo (1)";22005;21926;21889;21708;21556;21385;21046;20808;20533;20304;
2810023;"Mikołajki (3)";8305;8287;8267;8188;8131;7639;7543;7410;7347;7257;
2810024;"Mikołajki - miasto (4)";3827;3854;3852;3838;3787;3516;3477;3408;3361;3298;
2810025;"Mikołajki - obszar wiejski (5)";4478;4433;4415;4350;4344;4123;4066;4002;3986;3959;
2810032;"Mrągowo (2)";7974;7966;7957;7981;7975;8039;8027;8026;8054;8062;
2810042;"Piecki (2)";7758;7710;7700;7622;7572;7322;7266;7208;7157;7082;
2810052;"Sorkwity (2)";4654;4618;4568;4581;4528;4475;4442;4409;4381;4369;
2811000;"Powiat nidzicki";33658;33432;33239;33068;32857;31232;30907;30666;30460;30207;
2811012;"Janowiec Kościelny (2)";3277;3243;3216;3219;3202;3014;2965;2955;2916;2892;
2811022;"Janowo (2)";2730;2723;2705;2680;2654;2556;2530;2487;2510;2478;
2811032;"Kozłowo (2)";6186;6142;6138;6058;5998;5532;5476;5394;5298;5253;
2811043;"Nidzica (3)";21465;21324;21180;21111;21003;20130;19936;19830;19736;19584;
2811044;"Nidzica - miasto (4)";14166;14050;13872;13820;13694;13120;12929;12757;12629;12449;
2811045;"Nidzica - obszar wiejski (5)";7299;7274;7308;7291;7309;7010;7007;7073;7107;7135;
2812000;"Powiat nowomiejski";44321;44166;44104;43997;43822;42816;42473;42209;41964;41726;
2812011;"Nowe Miasto Lubawskie (1)";11101;11085;10997;10925;10850;10521;10366;10214;10089;10004;
2812022;"Biskupiec (2)";9538;9461;9419;9403;9308;8880;8774;8684;8587;8528;
2812032;"Grodziczno (2)";6383;6351;6366;6324;6308;6050;5985;5913;5870;5786;
2812042;"Kurzętnik (2)";9127;9091;9145;9132;9111;8985;8959;8978;8995;8965;
2812052;"Bratian (2)";8172;8178;8177;8213;8245;8380;8389;8420;8423;8443;
2813000;"Powiat olecki";34745;34609;34600;34433;34148;32851;32479;32222;31996;31717;
2813032;"Kowale Oleckie (2)";5218;5159;5102;5035;4960;4677;4621;4591;4554;4465;
2813043;"Olecko (3)";22078;22037;22130;22106;22025;21441;21256;21084;20956;20834;
2813044;"Olecko - miasto (4)";16460;16448;16508;16477;16422;16156;15949;15792;15721;15580;
2813045;"Olecko - obszar wiejski (5)";5618;5589;5622;5629;5603;5285;5307;5292;5235;5254;
2813052;"Świętajno (2)";4052;4022;3967;3927;3883;3477;3409;3360;3322;3277;
2813062;"Wieliczki (2)";3397;3391;3401;3365;3280;3256;3193;3187;3164;3141;
2814000;"Powiat olsztyński";123479;124205;125220;126018;126781;128530;128935;129555;129914;130560;
2814013;"Barczewo (3)";17550;17662;17920;18030;18019;18092;18157;18198;18236;18329;
2814014;"Barczewo - miasto (4)";7290;7376;7472;7535;7501;7499;7476;7416;7377;7292;
2814015;"Barczewo - obszar wiejski (5)";10260;10286;10448;10495;10518;10593;10681;10782;10859;11037;
2814023;"Biskupiec (3)";19091;19072;19036;19066;18997;18166;17989;17858;17735;17629;
2814024;"Biskupiec - miasto (4)";10582;10585;10539;10602;10634;10198;10069;10010;9924;9865;
2814025;"Biskupiec - obszar wiejski (5)";8509;8487;8497;8464;8363;7968;7920;7848;7811;7764;
2814033;"Dobre Miasto (3)";16124;16075;15978;15908;15844;15346;15214;15157;14993;14955;
2814034;"Dobre Miasto - miasto (4)";10471;10414;10293;10239;10182;9676;9523;9397;9255;9199;
2814035;"Dobre Miasto - obszar wiejski (5)";5653;5661;5685;5669;5662;5670;5691;5760;5738;5756;
2814042;"Dywity (2)";11253;11374;11533;11697;12004;12893;13203;13422;13708;13952;
2814052;"Gietrzwałd (2)";6522;6536;6638;6653;6685;6824;6838;6902;6946;7020;
2814063;"Jeziorany (3)";7939;7852;7839;7789;7669;7221;7125;7070;6952;6862;
2814064;"Jeziorany - miasto (4)";3312;3264;3258;3225;3153;3080;3037;3006;2943;2894;
2814065;"Jeziorany - obszar wiejski (5)";4627;4588;4581;4564;4516;4141;4088;4064;4009;3968;
2814072;"Jonkowo (2)";7108;7229;7341;7391;7430;7627;7693;7783;7811;7920;
2814082;"Kolno (2)";3300;3270;3238;3184;3137;2874;2818;2799;2758;2700;
2814093;"Olsztynek (3)";13876;13883;13884;13808;13701;13338;13239;13197;13114;13083;
2814094;"Olsztynek - miasto (4)";7669;7656;7677;7581;7514;7350;7283;7229;7165;7177;
2814095;"Olsztynek - obszar wiejski (5)";6207;6227;6207;6227;6187;5988;5956;5968;5949;5906;
2814102;"Purda (2)";8563;8612;8658;8639;8708;8831;8886;8952;8975;9026;
2814112;"Stawiguda (2)";7975;8449;9005;9748;10548;13516;14027;14503;14975;15405;
2814122;"Świątki (2)";4178;4191;4150;4105;4039;3802;3746;3714;3711;3679;
2815000;"Powiat ostródzki";106023;105607;105318;104780;104151;101397;100597;99744;99069;98242;
2815011;"Ostróda (1)";33517;33248;33243;32996;32888;32137;31862;31488;31336;31028;
2815022;"Dąbrówno (2)";4405;4394;4362;4331;4283;3987;3969;3910;3871;3828;
2815032;"Grunwald (2)";5782;5735;5705;5649;5638;5212;5160;5088;5073;4990;
2815042;"Łukta (2)";4512;4515;4521;4485;4455;4402;4432;4399;4372;4333;
2815052;"Małdyty (2)";6370;6309;6304;6300;6251;5918;5825;5752;5765;5696;
2815063;"Miłakowo (3)";5629;5594;5564;5467;5404;5150;5084;5007;4933;4885;
2815064;"Miłakowo - miasto (4)";2631;2596;2609;2560;2540;2490;2463;2419;2399;2388;
2815065;"Miłakowo - obszar wiejski (5)";2998;2998;2955;2907;2864;2660;2621;2588;2534;2497;
2815073;"Miłomłyn (3)";5042;5030;4998;4975;4919;4864;4819;4804;4748;4744;
2815074;"Miłomłyn - miasto (4)";2434;2445;2449;2442;2427;2429;2421;2426;2410;2428;
2815075;"Miłomłyn - obszar wiejski (5)";2608;2585;2549;2533;2492;2435;2398;2378;2338;2316;
2815083;"Morąg (3)";24768;24704;24590;24439;24199;23721;23453;23262;23010;22785;
2815084;"Morąg - miasto (4)";14110;14042;13994;13838;13701;13409;13155;12981;12757;12534;
2815085;"Morąg - obszar wiejski (5)";10658;10662;10596;10601;10498;10312;10298;10281;10253;10251;
2815092;"Ostróda (2)";15998;16078;16031;16138;16114;16006;15993;16034;15961;15953;
2816000;"Powiat piski";57570;57295;56933;56570;56135;53531;52946;52537;51969;51550;
2816013;"Biała Piska (3)";12017;11928;11827;11773;11622;10831;10688;10557;10354;10306;
2816014;"Biała Piska - miasto (4)";4120;4046;4041;4030;4030;3823;3765;3725;3673;3653;
2816015;"Biała Piska - obszar wiejski (5)";7897;7882;7786;7743;7592;7008;6923;6832;6681;6653;
2816023;"Orzysz (3)";9276;9203;9071;8973;8863;8532;8466;8403;8367;8298;
2816024;"Orzysz - miasto (4)";5726;5673;5615;5579;5535;5436;5386;5317;5279;5200;
2816025;"Orzysz - obszar wiejski (5)";3550;3530;3456;3394;3328;3096;3080;3086;3088;3098;
2816033;"Pisz (3)";27956;27911;27835;27783;27659;26596;26345;26145;25941;25747;
2816034;"Pisz - miasto (4)";19489;19449;19386;19318;19198;18305;18074;17828;17672;17400;
2816035;"Pisz - obszar wiejski (5)";8467;8462;8449;8465;8461;8291;8271;8317;8269;8347;
2816043;"Ruciane-Nida (3)";8321;8253;8200;8041;7991;7572;7447;7432;7307;7199;
2816044;"Ruciane-Nida - miasto (4)";4632;4609;4579;4474;4451;4215;4140;4130;4073;4001;
2816045;"Ruciane-Nida - obszar wiejski (5)";3689;3644;3621;3567;3540;3357;3307;3302;3234;3198;
2817000;"Powiat szczycieński";70570;70466;70153;69885;69376;67649;67159;66859;66535;66133;
2817011;"Szczytno (1)";23992;23817;23500;23343;23088;22482;22299;22081;21878;21585;
2817022;"Dźwierzuty (2)";6686;6652;6630;6547;6492;6111;5964;5883;5829;5773;
2817032;"Jedwabno (2)";3684;3682;3669;3667;3631;3484;3458;3466;3451;3429;
2817043;"Pasym (3)";5392;5391;5387;5340;5312;5137;5066;5050;5048;5025;
2817044;"Pasym - miasto (4)";2561;2542;2549;2517;2498;2415;2397;2389;2390;2383;
2817045;"Pasym - obszar wiejski (5)";2831;2849;2838;2823;2814;2722;2669;2661;2658;2642;
2817052;"Rozogi (2)";5655;5645;5628;5592;5523;5360;5272;5240;5190;5159;
2817062;"Szczytno (2)";12592;12755;12887;12978;13095;13252;13372;13483;13567;13691;
2817072;"Świętajno (2)";6041;5970;5900;5883;5774;5499;5422;5386;5334;5274;
2817082;"Wielbark (2)";6528;6554;6552;6535;;;;;;;
2817083;"Wielbark (3)";;;;;6461;6324;6306;6270;6238;6197;
2817084;"Wielbark - miasto (4)";;;;;2987;3006;2989;2973;2979;2958;
2817085;"Wielbark - obszar wiejski (5)";;;;;3474;3318;3317;3297;3259;3239;
2818000;"Powiat gołdapski";27280;27151;27062;26908;26689;25583;25408;25147;24860;24612;
2818012;"Banie Mazurskie (2)";3873;3820;3756;3731;3671;3403;3330;3252;3184;3141;
2818022;"Dubeninki (2)";3031;3000;3016;2952;2886;2726;2690;2651;2635;2562;
2818033;"Gołdap (3)";20376;20331;20290;20225;20132;19454;19388;19244;19041;18909;
2818034;"Gołdap - miasto (4)";13726;13771;13740;13735;13708;13395;13349;13283;13184;13057;
2818035;"Gołdap - obszar wiejski (5)";6650;6560;6550;6490;6424;6059;6039;5961;5857;5852;
2819000;"Powiat węgorzewski";23451;23278;23068;22873;22638;21473;21260;21062;20804;20611;
2819012;"Budry (2)";2957;2915;2875;2845;2780;2663;2609;2567;2542;2498;
2819022;"Pozezdrze (2)";3345;3307;3315;3273;3253;3043;2995;2979;2962;2953;
2819033;"Węgorzewo (3)";17149;17056;16878;16755;16605;15767;15656;15516;15300;15160;
2819034;"Węgorzewo - miasto (4)";11568;11509;11438;11341;11280;10873;10806;10669;10563;10490;
2819035;"Węgorzewo - obszar wiejski (5)";5581;5547;5440;5414;5325;4894;4850;4847;4737;4670;
2861000;"Powiat m. Elbląg";121642;121191;120895;120142;119317;115575;114401;113567;112923;112052;
2861011;"Elbląg (1)";121642;121191;120895;120142;119317;115575;114401;113567;112923;112052;
2862000;"Powiat m. Olsztyn";173444;172993;173070;172362;171979;170706;169251;168212;167311;166392;
2862011;"Olsztyn (1)";173444;172993;173070;172362;171979;170706;169251;168212;167311;166392;
3000000;"WIELKOPOLSKIE";3475323;3481625;3489210;3493969;3498733;3507042;3500030;3493577;3487973;3479986;
3001000;"Powiat chodzieski";47534;47415;47341;47229;47055;46184;45813;45476;45206;44876;
3001011;"Chodzież (1)";19199;19063;18877;18684;18480;18102;17851;17595;17321;17043;
3001022;"Budzyń (2)";8426;8442;8467;8502;8526;8391;;;;;
3001023;"Budzyń (3)";;;;;;;8354;8305;8290;8300;
3001024;"Budzyń - miasto (4)";;;;;;;4648;4644;4668;4666;
3001025;"Budzyń - obszar wiejski (5)";;;;;;;3706;3661;3622;3634;
3001032;"Chodzież (2)";5954;5961;6023;6067;6100;6053;6050;6070;6146;6173;
3001043;"Margonin (3)";6402;6377;6393;6468;6447;6352;6328;6334;6302;6236;
3001044;"Margonin - miasto (4)";3025;3018;3011;3019;2983;3022;3006;2991;2967;2940;
3001045;"Margonin - obszar wiejski (5)";3377;3359;3382;3449;3464;3330;3322;3343;3335;3296;
3001053;"Szamocin (3)";7553;7572;7581;7508;7502;7286;7230;7172;7147;7124;
3001054;"Szamocin - miasto (4)";4324;4312;4302;4222;4192;4010;3954;3903;3900;3887;
3001055;"Szamocin - obszar wiejski (5)";3229;3260;3279;3286;3310;3276;3276;3269;3247;3237;
3002000;"Powiat czarnkowsko-trzcianecki";87890;87885;87570;87420;86990;85319;84585;84020;83442;82852;
3002011;"Czarnków (1)";11029;10896;10784;10735;10607;10401;10218;10097;9916;9771;
3002022;"Czarnków (2)";11377;11429;11422;11414;11419;11153;11134;11168;11188;11138;
3002032;"Drawsko (2)";5939;5885;5869;5844;5775;5720;5624;5606;5566;5540;
3002043;"Krzyż Wielkopolski (3)";8775;8780;8754;8749;8693;8453;8375;8313;8237;8132;
3002044;"Krzyż Wielkopolski - miasto (4)";6195;6238;6222;6216;6176;6050;5973;5943;5882;5823;
3002045;"Krzyż Wielkopolski - obszar wiejski (5)";2580;2542;2532;2533;2517;2403;2402;2370;2355;2309;
3002052;"Lubasz (2)";7572;7722;7695;7733;7701;7574;7558;7518;7520;7519;
3002062;"Połajewo (2)";6188;6214;6187;6198;6173;6082;6051;6014;5958;5938;
3002073;"Trzcianka (3)";24389;24376;24360;24354;24318;23863;23705;23506;23382;23291;
3002074;"Trzcianka - miasto (4)";17268;17228;17228;17197;17140;16856;16699;16514;16422;16317;
3002075;"Trzcianka - obszar wiejski (5)";7121;7148;7132;7157;7178;7007;7006;6992;6960;6974;
3002083;"Wieleń (3)";12621;12583;12499;12393;12304;12073;11920;11798;11675;11523;
3002084;"Wieleń - miasto (4)";6004;6026;5988;5919;5860;5890;5811;5754;5677;5554;
3002085;"Wieleń - obszar wiejski (5)";6617;6557;6511;6474;6444;6183;6109;6044;5998;5969;
3003000;"Powiat gnieźnieński";145085;145211;145333;145317;145418;142872;142166;141748;141303;140653;
3003011;"Gniezno (1)";69312;69137;68943;68479;68217;65723;64916;64220;63549;62820;
3003023;"Czerniejewo (3)";7298;7327;7310;7359;7405;7233;7213;7228;7261;7239;
3003024;"Czerniejewo - miasto (4)";2616;2637;2620;2663;2691;2585;2566;2553;2555;2555;
3003025;"Czerniejewo - obszar wiejski (5)";4682;4690;4690;4696;4714;4648;4647;4675;4706;4684;
3003032;"Gniezno (2)";11130;11364;11614;11951;12268;13459;13800;14225;14579;14913;
3003042;"Kiszkowo (2)";5414;5404;5395;5415;5443;5232;5206;5188;5138;5100;
3003053;"Kłecko (3)";7603;7592;7544;7503;7452;7301;7265;7147;7112;7074;
3003054;"Kłecko - miasto (4)";2658;2658;2631;2637;2618;2615;2594;2544;2520;2495;
3003055;"Kłecko - obszar wiejski (5)";4945;4934;4913;4866;4834;4686;4671;4603;4592;4579;
3003062;"Łubowo (2)";6390;6471;6563;6664;6743;6972;7051;7171;7300;7412;
3003072;"Mieleszyn (2)";4031;4045;4057;4051;4038;3767;3719;3699;3672;3607;
3003082;"Niechanowo (2)";5770;5843;5892;5923;5965;5971;5972;5984;5959;5900;
3003093;"Trzemeszno (3)";14387;14341;14349;14294;14294;13964;13923;13816;13703;13633;
3003094;"Trzemeszno - miasto (4)";7792;7761;7752;7670;7655;7551;7462;7355;7272;7195;
3003095;"Trzemeszno - obszar wiejski (5)";6595;6580;6597;6624;6639;6413;6461;6461;6431;6438;
3003103;"Witkowo (3)";13750;13687;13666;13678;13593;13250;13101;13070;13030;12955;
3003104;"Witkowo - miasto (4)";7998;7921;7873;7893;7812;7664;7529;7495;7427;7347;
3003105;"Witkowo - obszar wiejski (5)";5752;5766;5793;5785;5781;5586;5572;5575;5603;5608;
3004000;"Powiat gostyński";76230;76093;76087;76011;75908;74623;74196;73899;73516;72977;
3004013;"Borek Wielkopolski (3)";7591;7555;7536;7505;7473;7234;7151;7075;7032;6971;
3004014;"Borek Wielkopolski - miasto (4)";2535;2525;2523;2526;2502;2452;2435;2437;2436;2417;
3004015;"Borek Wielkopolski - obszar wiejski (5)";5056;5030;5013;4979;4971;4782;4716;4638;4596;4554;
3004023;"Gostyń (3)";27975;27969;28059;28110;28192;28028;27943;27908;27763;27607;
3004024;"Gostyń - miasto (4)";20168;20142;20182;20192;20296;20277;20121;20023;19814;19650;
3004025;"Gostyń - obszar wiejski (5)";7807;7827;7877;7918;7896;7751;7822;7885;7949;7957;
3004033;"Krobia (3)";13086;13082;13079;13034;12994;12730;12687;12658;12609;12523;
3004034;"Krobia - miasto (4)";4270;4290;4304;4313;4320;4412;4426;4469;4513;4528;
3004035;"Krobia - obszar wiejski (5)";8816;8792;8775;8721;8674;8318;8261;8189;8096;7995;
3004042;"Pępowo (2)";6006;5998;5979;5981;5948;5841;5794;5773;5729;5666;
3004052;"Piaski (2)";8621;8636;8633;8648;8630;8393;8332;8269;8239;8135;
3004063;"Pogorzela (3)";5102;5045;5036;4989;4937;4750;4697;4691;4668;4657;
3004064;"Pogorzela - miasto (4)";2080;2075;2098;2100;2088;2044;2025;2031;2032;2037;
3004065;"Pogorzela - obszar wiejski (5)";3022;2970;2938;2889;2849;2706;2672;2660;2636;2620;
3004073;"Poniec (3)";7849;7808;7765;7744;7734;7647;7592;7525;7476;7418;
3004074;"Poniec - miasto (4)";2846;2844;2841;2851;2855;2949;2946;2926;2918;2905;
3004075;"Poniec - obszar wiejski (5)";5003;4964;4924;4893;4879;4698;4646;4599;4558;4513;
3005000;"Powiat grodziski";51426;51423;51701;51972;51893;51711;51535;51626;51560;51541;
3005012;"Granowo (2)";5057;5051;5100;5127;5068;5027;5021;5051;5051;5043;
3005023;"Grodzisk Wielkopolski (3)";19636;19740;19928;20001;20064;20328;20367;20406;20372;20382;
3005024;"Grodzisk Wielkopolski - miasto (4)";14404;14519;14595;14633;14697;15139;15163;15141;15124;15115;
3005025;"Grodzisk Wielkopolski - obszar wiejski (5)";5232;5221;5333;5368;5367;5189;5204;5265;5248;5267;
3005032;"Kamieniec (2)";6684;6699;6689;6698;6673;6284;6237;6220;6210;6192;
3005043;"Rakoniewice (3)";13191;13115;13150;13268;13178;13243;13197;13244;13254;13254;
3005044;"Rakoniewice - miasto (4)";3587;3573;3571;3599;3587;3656;3617;3617;3590;3618;
3005045;"Rakoniewice - obszar wiejski (5)";9604;9542;9579;9669;9591;9587;9580;9627;9664;9636;
3005053;"Wielichowo (3)";6858;6818;6834;6878;6910;6829;6713;6705;6673;6670;
3005054;"Wielichowo - miasto (4)";1751;1754;1767;1767;1757;1739;1696;1677;1665;1648;
3005055;"Wielichowo - obszar wiejski (5)";5107;5064;5067;5111;5153;5090;5017;5028;5008;5022;
3006000;"Powiat jarociński";71790;71738;71741;71686;71563;70533;70235;70037;69749;69540;
3006012;"Jaraczewo (2)";8346;;;;;;;;;;
3006013;"Jaraczewo (3)";;8293;8289;8152;8142;7813;7741;7691;7599;7544;
3006014;"Jaraczewo - miasto (4)";;1462;1467;1420;1413;1374;1374;1369;1368;1374;
3006015;"Jaraczewo - obszar wiejski (5)";;6831;6822;6732;6729;6439;6367;6322;6231;6170;
3006023;"Jarocin (3)";45653;45597;45571;45778;45731;45675;45611;45547;45466;45434;
3006024;"Jarocin - miasto (4)";26366;26295;26238;26256;26106;26382;26570;26399;26286;26291;
3006025;"Jarocin - obszar wiejski (5)";19287;19302;19333;19522;19625;19293;19041;19148;19180;19143;
3006032;"Kotlin (2)";7354;7462;7503;7437;7442;7134;7051;7009;6937;6881;
3006043;"Żerków (3)";10437;10386;10378;10319;10248;9911;9832;9790;9747;9681;
3006044;"Żerków - miasto (4)";2138;2122;2120;2132;2110;2080;2077;2078;2080;2069;
3006045;"Żerków - obszar wiejski (5)";8299;8264;8258;8187;8138;7831;7755;7712;7667;7612;
3007000;"Powiat kaliski";82838;82905;83124;83030;83026;82904;82740;82503;82215;81950;
3007012;"Blizanów (2)";9818;9856;9905;9892;9940;10075;10135;10132;10089;10058;
3007022;"Brzeziny (2)";5854;5836;5862;5830;5817;5776;5751;5744;5726;5725;
3007032;"Ceków-Kolonia (2)";4817;4782;4786;4780;4746;4779;4781;4745;4734;4708;
3007042;"Godziesze Wielkie (2)";9269;9337;9441;9524;9591;9930;10028;10099;10174;10195;
3007052;"Koźminek (2)";7553;7547;7557;7538;7547;7393;;;;;
3007053;"Koźminek (3)";;;;;;;7377;7351;7315;7291;
3007054;"Koźminek - miasto (4)";;;;;;;1851;1839;1823;1815;
3007055;"Koźminek - obszar wiejski (5)";;;;;;;5526;5512;5492;5476;
3007062;"Lisków (2)";5282;5287;5279;5260;5213;5274;5207;5162;5136;5072;
3007072;"Mycielin (2)";4933;4929;4905;4872;4873;4745;4705;4662;4632;4623;
3007082;"Opatówek (2)";10850;10833;;;;;;;;;
3007083;"Opatówek (3)";;;10856;10815;10808;10748;10704;10672;10624;10603;
3007084;"Opatówek - miasto (4)";;;3723;3677;3629;3580;3540;3533;3493;3481;
3007085;"Opatówek - obszar wiejski (5)";;;7133;7138;7179;7168;7164;7139;7131;7122;
3007093;"Stawiszyn (3)";7204;7209;7229;7195;7133;6900;6817;6716;6621;6571;
3007094;"Stawiszyn - miasto (4)";1511;1519;1530;1526;1494;1440;1402;1375;1356;1353;
3007095;"Stawiszyn - obszar wiejski (5)";5693;5690;5699;5669;5639;5460;5415;5341;5265;5218;
3007102;"Szczytniki (2)";7888;7868;7865;7852;7812;7652;7616;7582;7550;7524;
3007112;"Żelazków (2)";9370;9421;9439;9472;9546;9632;9619;9638;9614;9580;
3008000;"Powiat kępiński";56427;56458;56394;56486;56451;56537;56373;56071;55924;55762;
3008012;"Baranów (2)";7815;7909;7948;7971;7987;8188;8250;8279;8261;8289;
3008022;"Bralin (2)";6036;6089;6093;6083;6100;6110;6117;6060;6099;6121;
3008033;"Kępno (3)";24657;24552;24520;24546;24482;24557;24427;24262;24119;24040;
3008034;"Kępno - miasto (4)";14469;14309;14190;14123;14012;13992;13857;13680;13530;13395;
3008035;"Kępno - obszar wiejski (5)";10188;10243;10330;10423;10470;10565;10570;10582;10589;10645;
3008042;"Łęka Opatowska (2)";5314;5324;5301;5315;5356;5232;5195;5184;5159;5129;
3008052;"Perzów (2)";3807;3789;3768;3804;3777;3811;3794;3771;3763;3750;
3008062;"Rychtal (2)";3893;3885;3843;3819;3804;3705;3674;3612;3596;;
3008063;"Rychtal (3)";;;;;;;;;;3543;
3008064;"Rychtal - miasto (4)";;;;;;;;;;1325;
3008065;"Rychtal - obszar wiejski (5)";;;;;;;;;;2218;
3008072;"Trzcinica (2)";4905;4910;4921;4948;4945;4934;4916;4903;4927;4890;
3009000;"Powiat kolski";88399;88125;87790;87216;86727;83538;82751;82104;81562;80743;
3009011;"Koło (1)";22674;22396;22227;21994;21686;20480;20064;19686;19417;19078;
3009022;"Babiak (2)";8013;7996;7969;7879;7831;7574;7473;7398;7351;7236;
3009032;"Chodów (2)";3213;3153;3075;3075;3005;2878;2840;2828;2799;2762;
3009043;"Dąbie (3)";6486;6448;6404;6353;6284;5944;5857;5782;5730;5637;
3009044;"Dąbie - miasto (4)";2043;2020;2017;2002;1986;1789;1748;1727;1703;1678;
3009045;"Dąbie - obszar wiejski (5)";4443;4428;4387;4351;4298;4155;4109;4055;4027;3959;
3009052;"Grzegorzew (2)";5702;5685;5702;5695;5693;5472;5418;5388;5350;5328;
3009063;"Kłodawa (3)";13100;13068;13005;12916;12801;12200;12040;11903;11820;11699;
3009064;"Kłodawa - miasto (4)";6589;6573;6530;6481;6418;6095;5985;5919;5870;5775;
3009065;"Kłodawa - obszar wiejski (5)";6511;6495;6475;6435;6383;6105;6055;5984;5950;5924;
3009072;"Koło (2)";7628;7683;7728;7725;7795;7867;7919;7967;7990;7996;
3009082;"Kościelec (2)";6734;6828;6842;6786;6855;6736;6768;6795;6773;6784;
3009092;"Olszówka (2)";4582;4576;4570;4519;4502;4242;4207;4168;4127;4093;
3009102;"Osiek Mały (2)";6005;6056;6075;6124;6155;6160;6204;6254;6289;6288;
3009113;"Przedecz (3)";4262;4236;4193;4150;4120;3985;3961;3935;3916;3842;
3009114;"Przedecz - miasto (4)";1750;1709;1690;1670;1648;1565;1548;1524;1534;1493;
3009115;"Przedecz - obszar wiejski (5)";2512;2527;2503;2480;2472;2420;2413;2411;2382;2349;
3010000;"Powiat koniński";129273;129475;129715;129966;130053;128787;128902;128883;128837;128469;
3010013;"Golina (3)";11880;11928;12033;12083;12079;12066;12184;12233;12332;12373;
3010014;"Golina - miasto (4)";4493;4501;4493;4503;4478;4396;4367;4321;4284;4237;
3010015;"Golina - obszar wiejski (5)";7387;7427;7540;7580;7601;7670;7817;7912;8048;8136;
3010022;"Grodziec (2)";5246;5256;5220;5206;5160;5077;5039;4998;4949;4910;
3010032;"Kazimierz Biskupi (2)";11405;11474;11467;11466;11487;11490;11494;11495;11535;11515;
3010043;"Kleczew (3)";10032;9991;9991;9986;9947;9687;9675;9649;9608;9531;
3010044;"Kleczew - miasto (4)";4225;4200;4212;4186;4151;3992;3972;3921;3893;3815;
3010045;"Kleczew - obszar wiejski (5)";5807;5791;5779;5800;5796;5695;5703;5728;5715;5716;
3010052;"Kramsk (2)";11032;11044;11135;11226;11250;11495;11544;11598;11639;11616;
3010062;"Krzymów (2)";7857;7896;7961;8034;8112;8152;8221;8298;8312;8282;
3010073;"Rychwał (3)";8388;8362;8320;8311;8249;8048;8031;8013;7982;7971;
3010074;"Rychwał - miasto (4)";2375;2371;2379;2391;2373;2405;2374;2356;2383;2371;
3010075;"Rychwał - obszar wiejski (5)";6013;5991;5941;5920;5876;5643;5657;5657;5599;5600;
3010082;"Rzgów (2)";7171;7206;7245;7291;7275;7131;7132;7116;7127;7108;
3010092;"Skulsk (2)";6205;6170;6142;6154;6122;5893;5823;5760;5716;5672;
3010103;"Sompolno (3)";10418;10400;10414;10375;10380;10229;10183;10106;10054;10010;
3010104;"Sompolno - miasto (4)";3616;3607;3587;3552;3538;3445;3417;3351;3336;3306;
3010105;"Sompolno - obszar wiejski (5)";6802;6793;6827;6823;6842;6784;6766;6755;6718;6704;
3010112;"Stare Miasto (2)";11849;12039;12154;12266;12436;12639;12750;12857;12943;12986;
3010123;"Ślesin (3)";14028;13998;13992;14032;14067;13946;13981;13976;13937;13863;
3010124;"Ślesin - miasto (4)";3145;3132;3135;3151;3131;3193;3164;3121;3098;3076;
3010125;"Ślesin - obszar wiejski (5)";10883;10866;10857;10881;10936;10753;10817;10855;10839;10787;
3010132;"Wierzbinek (2)";7506;7457;7396;7336;7287;7002;6958;6970;6915;6888;
3010142;"Wilczyn (2)";6256;6254;6245;6200;6202;5932;5887;5814;5788;5744;
3011000;"Powiat kościański";79028;79263;79253;79230;79183;78148;77783;77404;77239;76875;
3011011;"Kościan (1)";23745;23922;23907;23923;23876;24070;23832;23563;23398;23110;
3011023;"Czempiń (3)";11483;11491;11476;11505;11513;11421;11441;11417;11435;11442;
3011024;"Czempiń - miasto (4)";5309;5317;5296;5295;5307;4831;4822;5128;5096;5072;
3011025;"Czempiń - obszar wiejski (5)";6174;6174;6180;6210;6206;6590;6619;6289;6339;6370;
3011032;"Kościan (2)";15979;16016;16059;16063;16144;15781;15812;15847;15896;15884;
3011043;"Krzywiń (3)";10058;10078;10061;10083;10043;9643;9590;9526;9480;9441;
3011044;"Krzywiń - miasto (4)";1657;1686;1714;1714;1717;1673;1668;1663;1662;1652;
3011045;"Krzywiń - obszar wiejski (5)";8401;8392;8347;8369;8326;7970;7922;7863;7818;7789;
3011053;"Śmigiel (3)";17763;17756;17750;17656;17607;17233;17108;17051;17030;16998;
3011054;"Śmigiel - miasto (4)";5666;5640;5719;5703;5641;5672;5587;5580;5616;5592;
3011055;"Śmigiel - obszar wiejski (5)";12097;12116;12031;11953;11966;11561;11521;11471;11414;11406;
3012000;"Powiat krotoszyński";77664;77764;77720;77488;77274;76245;75717;75317;74921;74463;
3012011;"Sulmierzyce (1)";2907;2906;2899;2887;2851;2778;2736;2746;2722;2708;
3012023;"Kobylin (3)";8164;8124;8130;8077;8090;7823;7746;7723;7683;7643;
3012024;"Kobylin - miasto (4)";3294;3269;3256;3245;3237;3194;3185;3180;3203;3195;
3012025;"Kobylin - obszar wiejski (5)";4870;4855;4874;4832;4853;4629;4561;4543;4480;4448;
3012033;"Koźmin Wielkopolski (3)";13397;13423;13361;13307;13211;12940;12821;12673;12567;12423;
3012034;"Koźmin Wielkopolski - miasto (4)";6608;6624;6590;6536;6472;6324;6231;6158;6117;6047;
3012035;"Koźmin Wielkopolski - obszar wiejski (5)";6789;6799;6771;6771;6739;6616;6590;6515;6450;6376;
3012043;"Krotoszyn (3)";40553;40600;40593;40472;40341;40058;39789;39581;39389;39227;
3012044;"Krotoszyn - miasto (4)";29129;29143;29109;28969;28804;28779;28503;28287;28126;28005;
3012045;"Krotoszyn - obszar wiejski (5)";11424;11457;11484;11503;11537;11279;11286;11294;11263;11222;
3012052;"Rozdrażew (2)";5191;5203;5232;5195;5204;5028;5011;4991;4934;4893;
3012063;"Zduny (3)";7452;7508;7505;7550;7577;7618;7614;7603;7626;7569;
3012064;"Zduny - miasto (4)";4561;4565;4543;4534;4487;4388;4360;4345;4314;4259;
3012065;"Zduny - obszar wiejski (5)";2891;2943;2962;3016;3090;3230;3254;3258;3312;3310;
3013000;"Powiat leszczyński";54767;55391;55883;56485;57201;58289;58886;59531;60017;60562;
3013012;"Krzemieniewo (2)";8404;8393;8361;8332;8301;7972;7884;7828;7774;7724;
3013022;"Lipno (2)";7544;7712;7909;8124;8382;9138;9422;9717;9918;10171;
3013033;"Osieczna (3)";9059;9101;9133;9197;9269;9267;9282;9312;9335;9351;
3013034;"Osieczna - miasto (4)";2288;2301;2322;2347;2369;2412;2431;2442;2443;2434;
3013035;"Osieczna - obszar wiejski (5)";6771;6800;6811;6850;6900;6855;6851;6870;6892;6917;
3013043;"Rydzyna (3)";8849;9063;9229;9437;9636;9972;10185;10397;10585;10706;
3013044;"Rydzyna - miasto (4)";2738;2775;2811;2867;2897;2859;2895;2900;2869;2867;
3013045;"Rydzyna - obszar wiejski (5)";6111;6288;6418;6570;6739;7113;7290;7497;7716;7839;
3013052;"Święciechowa (2)";7789;7902;7939;8001;8108;8456;8556;8669;8741;8863;
3013062;"Wijewo (2)";3798;3809;3806;3813;3836;3768;3765;3747;3728;3755;
3013072;"Włoszakowice (2)";9324;9411;9506;9581;9669;9716;9792;9861;9936;9992;
3014000;"Powiat międzychodzki";37084;37080;36987;36982;36751;36097;35908;35769;35593;35485;
3014012;"Chrzypsko Wielkie (2)";3358;3336;3344;3347;3306;3239;3213;3226;3194;3177;
3014022;"Kwilcz (2)";6323;6395;6375;6404;6341;6158;6133;6121;6080;6078;
3014033;"Międzychód (3)";18612;18574;18501;18463;18391;18098;18015;17914;17828;17774;
3014034;"Międzychód - miasto (4)";10681;10680;10660;10623;10587;10308;10216;10070;9956;9888;
3014035;"Międzychód - obszar wiejski (5)";7931;7894;7841;7840;7804;7790;7799;7844;7872;7886;
3014043;"Sieraków (3)";8791;8775;8767;8768;8713;8602;8547;8508;8491;8456;
3014044;"Sieraków - miasto (4)";6065;6042;6046;6056;5993;5948;5890;5831;5820;5771;
3014045;"Sieraków - obszar wiejski (5)";2726;2733;2721;2712;2720;2654;2657;2677;2671;2685;
3015000;"Powiat nowotomyski";74725;74901;75164;75363;75543;75277;75176;75182;75178;75015;
3015012;"Kuślin (2)";5573;5529;5524;5504;5523;5238;5194;5180;5150;5098;
3015023;"Lwówek (3)";9345;9269;9165;9150;9089;8833;8833;8768;8722;8646;
3015024;"Lwówek - miasto (4)";3038;3015;2999;2977;2954;2939;2956;2939;2923;2904;
3015025;"Lwówek - obszar wiejski (5)";6307;6254;6166;6173;6135;5894;5877;5829;5799;5742;
3015032;"Miedzichowo (2)";3654;3658;3680;3696;3695;3817;3839;3878;3893;3900;
3015043;"Nowy Tomyśl (3)";26207;26388;26624;26845;27045;27511;27532;27642;27759;27837;
3015044;"Nowy Tomyśl - miasto (4)";14867;14748;14702;14603;14431;14189;13962;13759;13591;13404;
3015045;"Nowy Tomyśl - obszar wiejski (5)";11340;11640;11922;12242;12614;13322;13570;13883;14168;14433;
3015053;"Opalenica (3)";16303;16391;16423;16395;16397;16092;16067;16028;15987;15845;
3015054;"Opalenica - miasto (4)";9610;9656;9664;9596;9572;9371;9350;9319;9303;9203;
3015055;"Opalenica - obszar wiejski (5)";6693;6735;6759;6799;6825;6721;6717;6709;6684;6642;
3015063;"Zbąszyń (3)";13643;13666;13748;13773;13794;13786;13711;13686;13667;13689;
3015064;"Zbąszyń - miasto (4)";7224;7218;7265;7278;7239;7232;7147;7095;7016;7006;
3015065;"Zbąszyń - obszar wiejski (5)";6419;6448;6483;6495;6555;6554;6564;6591;6651;6683;
3016000;"Powiat obornicki";59501;59626;59726;59858;59825;59180;59164;58988;58812;58657;
3016013;"Oborniki (3)";33830;34045;34082;34157;34179;34163;34181;34153;34098;34009;
3016014;"Oborniki - miasto (4)";18395;18435;18341;18179;18055;17672;17534;17378;17238;17087;
3016015;"Oborniki - obszar wiejski (5)";15435;15610;15741;15978;16124;16491;16647;16775;16860;16922;
3016023;"Rogoźno (3)";18222;18203;18265;18367;18353;18050;18054;18000;17912;17901;
3016024;"Rogoźno - miasto (4)";11208;11179;11115;11148;11088;10989;10940;10875;10771;10694;
3016025;"Rogoźno - obszar wiejski (5)";7014;7024;7150;7219;7265;7061;7114;7125;7141;7207;
3016032;"Ryczywół (2)";7449;7378;7379;7334;7293;6967;6929;6835;6802;6747;
3017000;"Powiat ostrowski";161435;161574;161763;161519;161581;159843;159293;158914;158486;157734;
3017011;"Ostrów Wielkopolski (1)";72635;72526;72364;72050;71931;70868;70296;69755;69260;68637;
3017023;"Nowe Skalmierzyce (3)";15264;15333;15430;15478;15563;15774;15910;15986;15985;16011;
3017024;"Nowe Skalmierzyce - miasto (4)";4832;4817;4798;4770;4752;4754;4687;4661;4578;4546;
3017025;"Nowe Skalmierzyce - obszar wiejski (5)";10432;10516;10632;10708;10811;11020;11223;11325;11407;11465;
3017033;"Odolanów (3)";14446;14501;14605;14628;14655;14506;14474;14439;14458;14434;
3017034;"Odolanów - miasto (4)";5104;5138;5155;5130;5145;5041;4976;4943;4941;4909;
3017035;"Odolanów - obszar wiejski (5)";9342;9363;9450;9498;9510;9465;9498;9496;9517;9525;
3017042;"Ostrów Wielkopolski (2)";18999;19052;19113;19097;19147;19078;19146;19261;19389;19448;
3017052;"Przygodzice (2)";11995;12012;12096;12123;12179;12219;12285;12403;12416;12412;
3017063;"Raszków (3)";11829;11875;11893;11901;11849;11580;11501;11461;11433;11388;
3017064;"Raszków - miasto (4)";2089;2100;2101;2099;2115;2125;2107;2099;2099;2079;
3017065;"Raszków - obszar wiejski (5)";9740;9775;9792;9802;9734;9455;9394;9362;9334;9309;
3017072;"Sieroszewice (2)";9659;9669;9680;9663;9684;9440;9361;9345;9298;9251;
3017082;"Sośnie (2)";6608;6606;6582;6579;6573;6378;6320;6264;6247;6153;
3018000;"Powiat ostrzeszowski";55409;55391;55479;55403;55500;55062;54900;54638;54566;54319;
3018012;"Czajków (2)";2479;2499;2504;2504;2490;2491;2485;2470;2455;2432;
3018022;"Doruchów (2)";5306;5318;5335;5377;5383;5115;5129;5065;5050;5034;
3018033;"Grabów nad Prosną (3)";7813;7827;7795;7789;7817;7735;7703;7716;7708;7706;
3018034;"Grabów nad Prosną - miasto (4)";1958;1958;1941;1940;1924;1924;1926;1912;1908;1903;
3018035;"Grabów nad Prosną - obszar wiejski (5)";5855;5869;5854;5849;5893;5811;5777;5804;5800;5803;
3018042;"Kobyla Góra (2)";6160;6151;6178;6141;6139;6189;6187;6232;6239;6262;
3018052;"Kraszewice (2)";3625;3605;3612;3609;3621;3552;3548;3523;3523;3518;
3018063;"Mikstat (3)";6116;6080;6081;6066;6046;5902;5859;5796;5824;5767;
3018064;"Mikstat - miasto (4)";1885;1868;1866;1855;1845;1755;1722;1707;1702;1669;
3018065;"Mikstat - obszar wiejski (5)";4231;4212;4215;4211;4201;4147;4137;4089;4122;4098;
3018073;"Ostrzeszów (3)";23910;23911;23974;23917;24004;24078;23989;23836;23767;23600;
3018074;"Ostrzeszów - miasto (4)";14432;14349;14325;14176;14134;14067;13936;13776;13593;13451;
3018075;"Ostrzeszów - obszar wiejski (5)";9478;9562;9649;9741;9870;10011;10053;10060;10174;10149;
3019000;"Powiat pilski";137570;137382;137104;136621;136112;132936;131991;131265;130525;129629;
3019011;"Piła (1)";74140;73987;73791;73398;73139;71903;71226;70624;70054;69383;
3019022;"Białośliwie (2)";4951;4931;4891;4879;4852;4585;4557;4566;4504;4532;
3019032;"Kaczory (2)";7909;7886;7900;7941;7860;7543;7496;;;;
3019033;"Kaczory (3)";;;;;;;;7465;7466;7429;
3019034;"Kaczory - miasto (4)";;;;;;;;2792;2777;2756;
3019035;"Kaczory - obszar wiejski (5)";;;;;;;;4673;4689;4673;
3019043;"Łobżenica (3)";9706;9667;9594;9586;9495;9190;9122;9052;9008;8932;
3019044;"Łobżenica - miasto (4)";2986;2975;2971;2972;2952;2864;2832;2812;2764;2747;
3019045;"Łobżenica - obszar wiejski (5)";6720;6692;6623;6614;6543;6326;6290;6240;6244;6185;
3019052;"Miasteczko Krajeńskie (2)";3239;3253;3227;3194;3171;3066;3026;3028;;;
3019053;"Miasteczko Krajeńskie (3)";;;;;;;;;3034;3025;
3019054;"Miasteczko Krajeńskie - miasto (4)";;;;;;;;;1069;1063;
3019055;"Miasteczko Krajeńskie - obszar wiejski (5)";;;;;;;;;1965;1962;
3019062;"Szydłowo (2)";8760;8842;8983;9074;9196;9279;9418;9580;9748;9885;
3019073;"Ujście (3)";8020;8007;7993;7961;7957;7708;7661;7626;7593;7527;
3019074;"Ujście - miasto (4)";3755;3761;3738;3697;3674;3501;3446;3420;3355;3310;
3019075;"Ujście - obszar wiejski (5)";4265;4246;4255;4264;4283;4207;4215;4206;4238;4217;
3019083;"Wyrzysk (3)";14096;14080;14031;13960;13926;13400;13269;13189;13048;12939;
3019084;"Wyrzysk - miasto (4)";5174;5162;5163;5139;5123;5120;5053;5079;5077;5063;
3019085;"Wyrzysk - obszar wiejski (5)";8922;8918;8868;8821;8803;8280;8216;8110;7971;7876;
3019093;"Wysoka (3)";6749;6729;6694;6628;6516;6262;6216;6135;6070;5977;
3019094;"Wysoka - miasto (4)";2712;2696;2688;2647;2598;2570;2569;2530;2511;2480;
3019095;"Wysoka - obszar wiejski (5)";4037;4033;4006;3981;3918;3692;3647;3605;3559;3497;
3020000;"Powiat pleszewski";63252;63212;63218;63147;63014;61972;61723;61523;61251;60871;
3020013;"Chocz (3)";4764;4770;4787;4750;4753;4520;4461;4415;4395;4342;
3020014;"Chocz - miasto (4)";1802;1799;1811;1777;1787;1688;1666;1642;1625;1609;
3020015;"Chocz - obszar wiejski (5)";2962;2971;2976;2973;2966;2832;2795;2773;2770;2733;
3020022;"Czermin (2)";4893;4917;4907;4919;4947;4841;4838;4816;4799;4777;
3020033;"Dobrzyca (3)";8253;8260;8228;8165;8128;7781;7725;7696;7629;7542;
3020034;"Dobrzyca - miasto (4)";3183;3173;3153;3128;3128;2961;2949;2950;2922;2906;
3020035;"Dobrzyca - obszar wiejski (5)";5070;5087;5075;5037;5000;4820;4776;4746;4707;4636;
3020042;"Gizałki (2)";4670;4652;4652;4643;4602;4504;4502;4443;4417;4393;
3020052;"Gołuchów (2)";10471;10543;10618;10727;10777;11105;11117;11077;11020;11023;
3020063;"Pleszew (3)";30201;30070;30026;29943;29807;29221;29080;29076;28991;28794;
3020064;"Pleszew - miasto (4)";17650;17537;17437;17356;17192;16916;16755;16641;16610;16499;
3020065;"Pleszew - obszar wiejski (5)";12551;12533;12589;12587;12615;12305;12325;12435;12381;12295;
3021000;"Powiat poznański";366037;373570;381630;390308;399272;429870;436473;442680;448663;454283;
3021011;"Luboń (1)";31067;31375;31653;31783;31941;33042;32922;32848;32835;32829;
3021021;"Puszczykowo (1)";9753;9728;9693;9698;9657;9496;9408;9376;9292;9190;
3021033;"Buk (3)";12389;12414;12495;12562;12610;12676;12751;12812;12888;12948;
3021034;"Buk - miasto (4)";6151;6126;6096;6064;6008;5711;5667;5568;5502;5471;
3021035;"Buk - obszar wiejski (5)";6238;6288;6399;6498;6602;6965;7084;7244;7386;7477;
3021042;"Czerwonak (2)";27094;27279;27450;27518;27617;27871;27863;27945;28065;28194;
3021052;"Dopiewo (2)";23453;24540;25692;26759;28138;32542;33821;34888;35781;36602;
3021062;"Kleszczewo (2)";7500;7768;7998;8440;8868;10372;10880;11267;11641;12028;
3021072;"Komorniki (2)";25572;26881;28149;29378;30620;35263;35993;36329;36715;37073;
3021083;"Kostrzyn (3)";17741;17951;18095;18261;18491;19323;19586;19946;20311;20612;
3021084;"Kostrzyn - miasto (4)";9598;9669;9711;9677;9684;9822;9827;9839;9855;9851;
3021085;"Kostrzyn - obszar wiejski (5)";8143;8282;8384;8584;8807;9501;9759;10107;10456;10761;
3021093;"Kórnik (3)";24774;25649;26901;28304;29787;33491;34599;35698;36665;37858;
3021094;"Kórnik - miasto (4)";7764;7773;7793;7847;7953;8219;8223;8184;8141;8110;
3021095;"Kórnik - obszar wiejski (5)";17010;17876;19108;20457;21834;25272;26376;27514;28524;29748;
3021103;"Mosina (3)";31088;31704;32350;33053;33442;34696;34942;35215;35478;35714;
3021104;"Mosina - miasto (4)";13403;13574;13762;14015;14124;14491;14536;14499;14501;14493;
3021105;"Mosina - obszar wiejski (5)";17685;18130;18588;19038;19318;20205;20406;20716;20977;21221;
3021113;"Murowana Goślina (3)";16760;16779;16820;16864;16901;16895;16873;16988;17054;17054;
3021114;"Murowana Goślina - miasto (4)";10449;10404;10391;10396;10433;10261;10206;10259;10287;10260;
3021115;"Murowana Goślina - obszar wiejski (5)";6311;6375;6429;6468;6468;6634;6667;6729;6767;6794;
3021123;"Pobiedziska (3)";19106;19302;19411;19551;19741;20878;21038;21213;21362;21470;
3021124;"Pobiedziska - miasto (4)";9114;9154;9139;9181;9311;9744;9794;9858;9891;9899;
3021125;"Pobiedziska - obszar wiejski (5)";9992;10148;10272;10370;10430;11134;11244;11355;11471;11571;
3021132;"Rokietnica (2)";15679;16246;16905;17770;18637;22009;22821;23470;24144;24824;
3021143;"Stęszew (3)";14910;14973;15013;15032;15126;15349;15439;15498;15538;15560;
3021144;"Stęszew - miasto (4)";5933;5956;5952;5931;5946;5958;5967;5923;5874;5857;
3021145;"Stęszew - obszar wiejski (5)";8977;9017;9061;9101;9180;9391;9472;9575;9664;9703;
3021152;"Suchy Las (2)";16510;16743;17100;17599;18104;19841;20108;20359;20659;21021;
3021163;"Swarzędz (3)";47947;48782;49727;50667;51522;55124;55612;56177;56650;57070;
3021164;"Swarzędz - miasto (4)";31006;30893;30739;30433;30201;29425;28981;28561;28254;27934;
3021165;"Swarzędz - obszar wiejski (5)";16941;17889;18988;20234;21321;25699;26631;27616;28396;29136;
3021172;"Tarnowo Podgórne (2)";24694;25456;26178;27069;28070;31002;31817;32651;33585;34236;
3022000;"Powiat rawicki";60294;60356;60409;60405;60262;59541;59134;58867;58601;58338;
3022013;"Bojanowo (3)";8831;8864;8785;8739;8739;8431;8339;8275;8189;8128;
3022014;"Bojanowo - miasto (4)";2952;2952;2940;2923;2908;2870;2840;2816;2790;2782;
3022015;"Bojanowo - obszar wiejski (5)";5879;5912;5845;5816;5831;5561;5499;5459;5399;5346;
3022023;"Jutrosin (3)";7105;7115;7161;7127;7053;6948;6954;6934;6879;6867;
3022024;"Jutrosin - miasto (4)";1932;1944;1966;1967;1977;1913;1888;1886;1850;1839;
3022025;"Jutrosin - obszar wiejski (5)";5173;5171;5195;5160;5076;5035;5066;5048;5029;5028;
3022033;"Miejska Górka (3)";9389;9368;9344;9304;9249;9013;8917;8838;8817;8731;
3022034;"Miejska Górka - miasto (4)";3274;3266;3261;3244;3198;3155;3126;3090;3054;3029;
3022035;"Miejska Górka - obszar wiejski (5)";6115;6102;6083;6060;6051;5858;5791;5748;5763;5702;
3022042;"Pakosław (2)";4799;4775;4832;4837;4918;4805;4799;4789;4788;4780;
3022053;"Rawicz (3)";30170;30234;30287;30398;30303;30344;30125;30031;29928;29832;
3022054;"Rawicz - miasto (4)";20608;20533;20406;20337;20111;20193;20080;19939;19655;19482;
3022055;"Rawicz - obszar wiejski (5)";9562;9701;9881;10061;10192;10151;10045;10092;10273;10350;
3023000;"Powiat słupecki";59591;59617;59576;59371;59077;58089;57852;57554;57264;56994;
3023011;"Słupca (1)";13933;13862;13851;13773;13658;13381;13267;13102;12952;12802;
3023022;"Lądek (2)";5774;5786;5772;5762;5740;5552;5522;5475;5447;5421;
3023032;"Orchowo (2)";3912;3854;3840;3815;3795;3624;3602;3583;3569;3566;
3023042;"Ostrowite (2)";5152;5163;5144;5116;5077;4887;4858;4780;4757;4728;
3023052;"Powidz (2)";2290;2304;2302;2319;2320;2234;2233;2255;2230;2219;
3023062;"Słupca (2)";9108;9206;9239;9234;9263;9734;9812;9857;9885;9988;
3023072;"Strzałkowo (2)";10336;10380;10372;10325;10279;10050;10010;9980;9934;9875;
3023083;"Zagórów (3)";9086;9062;9056;9027;8945;8627;8548;8522;8490;8395;
3023084;"Zagórów - miasto (4)";3065;3017;3024;3005;2945;2876;2806;2780;2729;2712;
3023085;"Zagórów - obszar wiejski (5)";6021;6045;6032;6022;6000;5751;5742;5742;5761;5683;
3024000;"Powiat szamotulski";90133;90417;90920;91185;91664;91723;91662;91649;91659;91631;
3024011;"Obrzycko (1)";2395;2356;2378;2385;2375;2381;2384;2387;2391;2383;
3024022;"Duszniki (2)";8726;8788;8933;8997;9109;9420;9471;9498;9616;9669;
3024032;"Kaźmierz (2)";8176;8312;8475;8583;8755;9020;9155;9332;9434;9582;
3024042;"Obrzycko (2)";4467;4524;4515;4501;4467;4379;4396;4430;4425;4417;
3024053;"Ostroróg (3)";5004;5006;5018;4963;4925;4748;4741;4733;4723;4741;
3024054;"Ostroróg - miasto (4)";1968;1960;1941;1920;1892;1874;1861;1852;1836;1821;
3024055;"Ostroróg - obszar wiejski (5)";3036;3046;3077;3043;3033;2874;2880;2881;2887;2920;
3024063;"Pniewy (3)";12567;12558;12562;12620;12708;12555;12508;12449;12375;12302;
3024064;"Pniewy - miasto (4)";8022;7990;8037;8060;8134;8168;8188;8142;8080;8039;
3024065;"Pniewy - obszar wiejski (5)";4545;4568;4525;4560;4574;4387;4320;4307;4295;4263;
3024073;"Szamotuły (3)";29722;29828;29931;30047;30251;30182;30103;30049;29986;29928;
3024074;"Szamotuły - miasto (4)";18817;18776;18835;18776;18853;18756;18569;18398;18219;18053;
3024075;"Szamotuły - obszar wiejski (5)";10905;11052;11096;11271;11398;11426;11534;11651;11767;11875;
3024083;"Wronki (3)";19076;19045;19108;19089;19074;19038;18904;18771;18709;18609;
3024084;"Wronki - miasto (4)";11381;11284;11293;11199;11119;10952;10771;10562;10505;10382;
3024085;"Wronki - obszar wiejski (5)";7695;7761;7815;7890;7955;8086;8133;8209;8204;8227;
3025000;"Powiat średzki";57429;57691;58155;58456;58879;59469;59714;59847;59954;60058;
3025012;"Dominowo (2)";3004;3001;2984;3020;3079;3210;3295;3366;3443;3485;
3025022;"Krzykosy (2)";6921;6950;7027;7054;7136;7224;7276;7330;7340;7408;
3025032;"Nowe Miasto nad Wartą (2)";9146;9098;9098;9084;9057;8760;8687;8598;8586;8504;
3025043;"Środa Wielkopolska (3)";31591;31829;32160;32365;32649;33338;33551;33648;33680;33696;
3025044;"Środa Wielkopolska - miasto (4)";22740;22917;23124;23312;23505;24225;24358;24339;24324;24312;
3025045;"Środa Wielkopolska - obszar wiejski (5)";8851;8912;9036;9053;9144;9113;9193;9309;9356;9384;
3025052;"Zaniemyśl (2)";6767;6813;6886;6933;6958;6937;6905;6905;6905;6965;
3026000;"Powiat śremski";60907;61106;61229;61325;61425;61227;61129;61115;61044;60939;
3026012;"Brodnica (2)";4906;4895;4896;4862;4892;4749;4768;4735;4743;4727;
3026023;"Dolsk (3)";5899;5885;5910;5877;5883;5780;5755;5770;5781;5784;
3026024;"Dolsk - miasto (4)";1571;1571;1569;1560;1560;1564;1561;1574;1550;1537;
3026025;"Dolsk - obszar wiejski (5)";4328;4314;4341;4317;4323;4216;4194;4196;4231;4247;
3026033;"Książ Wielkopolski (3)";8579;8576;8564;8536;8495;8193;8133;8080;8044;7992;
3026034;"Książ Wielkopolski - miasto (4)";2763;2753;2749;2726;2715;2647;2612;2573;2544;2924;
3026035;"Książ Wielkopolski - obszar wiejski (5)";5816;5823;5815;5810;5780;5546;5521;5507;5500;5068;
3026043;"Śrem (3)";41523;41750;41859;42050;42155;42505;42473;42530;42476;42436;
3026044;"Śrem - miasto (4)";29983;29947;29845;29714;29446;28915;28560;28262;27817;27488;
3026045;"Śrem - obszar wiejski (5)";11540;11803;12014;12336;12709;13590;13913;14268;14659;14948;
3027000;"Powiat turecki";84366;84297;84267;84101;83894;82151;81708;81377;80990;80513;
3027011;"Turek (1)";27743;27480;27311;27109;26833;25521;25169;24788;24463;24165;
3027022;"Brudzew (2)";5956;5950;5959;5950;5966;5979;5928;5933;5909;5847;
3027033;"Dobra (3)";6240;6206;6219;6192;6134;5928;5877;5844;5833;5754;
3027034;"Dobra - miasto (4)";1416;1408;1396;1387;1369;1361;1341;1341;1328;1307;
3027035;"Dobra - obszar wiejski (5)";4824;4798;4823;4805;4765;4567;4536;4503;4505;4447;
3027042;"Kawęczyn (2)";5219;5194;5196;5206;5195;4995;4974;4931;4915;4892;
3027052;"Malanów (2)";6540;6577;6570;6535;6585;6483;6513;6495;6440;6435;
3027062;"Przykona (2)";4447;4471;4490;4529;4589;4584;4602;4617;4630;4619;
3027073;"Tuliszków (3)";10693;10665;10654;10594;10537;10285;10233;10207;10156;10102;
3027074;"Tuliszków - miasto (4)";3367;3334;3322;3270;3239;3137;3115;3079;3038;2983;
3027075;"Tuliszków - obszar wiejski (5)";7326;7331;7332;7324;7298;7148;7118;7128;7118;7119;
3027082;"Turek (2)";9353;9568;9712;9874;9970;10341;10448;10652;10746;10852;
3027092;"Władysławów (2)";8175;8186;8156;8112;8085;8035;7964;7910;7898;7847;
3028000;"Powiat wągrowiecki";69900;69960;70212;70274;70233;69243;69099;69039;69007;68899;
3028011;"Wągrowiec (1)";25295;25437;25607;25648;25686;25786;25584;25457;25398;25371;
3028022;"Damasławek (2)";5558;5482;5437;5402;5326;5118;5077;5021;4985;4923;
3028033;"Gołańcz (3)";8417;8389;8347;8337;8293;7917;7830;7802;7771;7660;
3028034;"Gołańcz - miasto (4)";3356;3321;3294;3336;3282;3201;3213;3200;3180;3140;
3028035;"Gołańcz - obszar wiejski (5)";5061;5068;5053;5001;5011;4716;4617;4602;4591;4520;
3028042;"Mieścisko (2)";6065;6012;5992;5999;5937;5720;5738;5711;5681;;
3028043;"Mieścisko (3)";;;;;;;;;;5637;
3028044;"Mieścisko - miasto (4)";;;;;;;;;;2399;
3028045;"Mieścisko - obszar wiejski (5)";;;;;;;;;;3238;
3028053;"Skoki (3)";9384;9456;9580;9659;9713;9884;9993;10126;10180;10264;
3028054;"Skoki - miasto (4)";4187;4233;4314;4346;4425;4623;4707;4746;4773;4819;
3028055;"Skoki - obszar wiejski (5)";5197;5223;5266;5313;5288;5261;5286;5380;5407;5445;
3028062;"Wapno (2)";3039;3012;3000;3008;2962;2789;2726;2703;2676;2689;
3028072;"Wągrowiec (2)";12142;12172;12249;12221;12316;12029;12151;12219;12316;12355;
3029000;"Powiat wolsztyński";57012;57270;57289;57326;57446;56870;56827;56743;56672;56446;
3029012;"Przemęt (2)";14015;14076;14081;14124;14173;14004;14032;14052;13998;13955;
3029022;"Siedlec (2)";12597;12668;12680;12706;12734;12435;12435;12447;12460;12411;
3029033;"Wolsztyn (3)";30400;30526;30528;30496;30539;30431;30360;30244;30214;30080;
3029034;"Wolsztyn - miasto (4)";13359;13387;13328;13183;13018;12550;12352;12085;11935;11762;
3029035;"Wolsztyn - obszar wiejski (5)";17041;17139;17200;17313;17521;17881;18008;18159;18279;18318;
3030000;"Powiat wrzesiński";76956;77073;77361;77667;77994;78269;78080;78176;78223;78199;
3030012;"Kołaczkowo (2)";6060;6084;6065;6045;6025;5717;5654;5622;5587;5485;
3030023;"Miłosław (3)";10372;10370;10316;10286;10202;10050;9978;9903;9837;9760;
3030024;"Miłosław - miasto (4)";3586;3609;3589;3572;3551;3502;3464;3440;3391;3384;
3030025;"Miłosław - obszar wiejski (5)";6786;6761;6727;6714;6651;6548;6514;6463;6446;6376;
3030033;"Nekla (3)";7406;7451;7461;7515;7571;7702;7742;7830;7916;8021;
3030034;"Nekla - miasto (4)";3692;3721;3719;3754;3807;3822;3818;3830;3826;3858;
3030035;"Nekla - obszar wiejski (5)";3714;3730;3742;3761;3764;3880;3924;4000;4090;4163;
3030043;"Pyzdry (3)";7166;7096;7080;7026;6937;6650;6554;6531;6491;6452;
3030044;"Pyzdry - miasto (4)";3207;3185;3164;3145;3118;3021;2985;2974;2958;2911;
3030045;"Pyzdry - obszar wiejski (5)";3959;3911;3916;3881;3819;3629;3569;3557;3533;3541;
3030053;"Września (3)";45952;46072;46439;46795;47259;48150;48152;48290;48392;48481;
3030054;"Września - miasto (4)";29858;29984;30279;30558;30922;32015;31937;31857;31759;31727;
3030055;"Września - obszar wiejski (5)";16094;16088;16160;16237;16337;16135;16215;16433;16633;16754;
3031000;"Powiat złotowski";69781;69834;69780;69606;69433;68315;67956;67589;67301;66975;
3031011;"Złotów (1)";18440;18482;18441;18446;18532;18789;18525;18275;18138;18005;
3031023;"Jastrowie (3)";11630;11622;11592;11516;11500;11056;11047;10924;10806;10726;
3031024;"Jastrowie - miasto (4)";8675;8668;8662;8598;8633;8371;8401;8318;8258;8199;
3031025;"Jastrowie - obszar wiejski (5)";2955;2954;2930;2918;2867;2685;2646;2606;2548;2527;
3031033;"Krajenka (3)";7560;7571;7511;7520;7534;7475;7413;7362;7366;7348;
3031034;"Krajenka - miasto (4)";3731;3733;3678;3638;3643;3602;3556;3510;3498;3439;
3031035;"Krajenka - obszar wiejski (5)";3829;3838;3833;3882;3891;3873;3857;3852;3868;3909;
3031042;"Lipka (2)";5617;5609;5601;5565;5509;5357;5321;5313;5299;5262;
3031053;"Okonek (3)";8793;8730;8691;8612;8502;8068;7993;7945;7911;7802;
3031054;"Okonek - miasto (4)";3973;3946;3929;3900;3873;3694;3680;3665;3616;3569;
3031055;"Okonek - obszar wiejski (5)";4820;4784;4762;4712;4629;4374;4313;4280;4295;4233;
3031062;"Tarnówka (2)";3105;3086;3071;3075;3009;2941;2949;2971;2969;2982;
3031072;"Zakrzewo (2)";4928;4933;4974;4935;4905;4919;4906;4852;4833;4776;
3031082;"Złotów (2)";9708;9801;9899;9937;9942;9710;9802;9947;9979;10074;
3061000;"Powiat m. Kalisz";102808;102249;101625;100975;100246;96222;95021;93973;93137;91963;
3061011;"Kalisz (1)";102808;102249;101625;100975;100246;96222;95021;93973;93137;91963;
3062000;"Powiat m. Konin";75875;75342;74834;74151;73522;70162;69069;68112;67066;66103;
3062011;"Konin (1)";75875;75342;74834;74151;73522;70162;69069;68112;67066;66103;
3063000;"Powiat m. Leszno";64559;64159;64197;63952;63505;62057;61396;60642;60051;59521;
3063011;"Leszno (1)";64559;64159;64197;63952;63505;62057;61396;60642;60051;59521;
3064000;"Powiat m. Poznań";542348;540372;538633;536438;534813;547777;545073;541316;538439;536151;
3064011;"Poznań (1)";542348;540372;538633;536438;534813;547777;545073;541316;538439;536151;
3200000;"ZACHODNIOPOMORSKIE";1710482;1708174;1705533;1701030;1696193;1661073;1650021;1640622;1631784;1622760;
3201000;"Powiat białogardzki";48448;48254;48041;47846;47560;45695;45181;44771;44373;43964;
3201011;"Białogard (1)";24437;24368;24368;24339;24146;23243;22908;22664;22418;22159;
3201022;"Białogard (2)";7818;7767;7682;7587;7546;7353;7333;7284;7253;7225;
3201033;"Karlino (3)";9267;9255;9182;9125;9137;8714;8599;8533;8492;8421;
3201034;"Karlino - miasto (4)";5935;5933;5950;5919;5918;5597;5564;5507;5477;5436;
3201035;"Karlino - obszar wiejski (5)";3332;3322;3232;3206;3219;3117;3035;3026;3015;2985;
3201043;"Tychowo (3)";6926;6864;6809;6795;6731;6385;6341;6290;6210;6159;
3201044;"Tychowo - miasto (4)";2539;2518;2495;2517;2520;2345;2367;2366;2332;2317;
3201045;"Tychowo - obszar wiejski (5)";4387;4346;4314;4278;4211;4040;3974;3924;3878;3842;
3202000;"Powiat choszczeński";49474;49220;48906;48602;48243;45758;45248;44818;44422;44105;
3202012;"Bierzwnik (2)";4785;4778;4719;4692;4670;4461;4418;4400;4322;4311;
3202023;"Choszczno (3)";22096;21949;21824;21738;21635;20667;20479;20246;20111;19982;
3202024;"Choszczno - miasto (4)";15526;15437;15352;15248;15109;14464;14289;14064;13895;13791;
3202025;"Choszczno - obszar wiejski (5)";6570;6512;6472;6490;6526;6203;6190;6182;6216;6191;
3202033;"Drawno (3)";5177;5127;5123;5093;5053;4711;4686;4662;4606;4556;
3202034;"Drawno - miasto (4)";2304;2283;2307;2290;2274;2203;2174;2176;2156;2147;
3202035;"Drawno - obszar wiejski (5)";2873;2844;2816;2803;2779;2508;2512;2486;2450;2409;
3202042;"Krzęcin (2)";3811;3786;3775;3727;3667;3391;3339;3268;3244;3226;
3202053;"Pełczyce (3)";7946;7935;7858;7811;7764;7397;7280;7229;7177;7121;
3202054;"Pełczyce - miasto (4)";2639;2643;2597;2589;2589;2478;2451;2433;2402;2374;
3202055;"Pełczyce - obszar wiejski (5)";5307;5292;5261;5222;5175;4919;4829;4796;4775;4747;
3202063;"Recz (3)";5659;5645;5607;5541;5454;5131;5046;5013;4962;4909;
3202064;"Recz - miasto (4)";2962;2955;2930;2914;2883;2758;2709;2677;2647;2632;
3202065;"Recz - obszar wiejski (5)";2697;2690;2677;2627;2571;2373;2337;2336;2315;2277;
3203000;"Powiat drawski";58062;57979;57729;57397;57015;54915;54426;53960;53516;53003;
3203013;"Czaplinek (3)";11942;11974;11968;11853;11867;11368;11286;11209;11113;11042;
3203014;"Czaplinek - miasto (4)";7158;7143;7155;7124;7119;6905;6824;6740;6663;6604;
3203015;"Czaplinek - obszar wiejski (5)";4784;4831;4813;4729;4748;4463;4462;4469;4450;4438;
3203023;"Drawsko Pomorskie (3)";16437;16335;16252;16218;17174;16789;16613;16425;16321;16151;
3203024;"Drawsko Pomorskie - miasto (4)";11781;11724;11672;11657;11523;11549;11424;11298;11224;11123;
3203025;"Drawsko Pomorskie - obszar wiejski (5)";4656;4611;4580;4561;5651;5240;5189;5127;5097;5028;
3203033;"Kalisz Pomorski (3)";7349;7406;7397;7370;7372;6932;6904;6858;6839;6773;
3203034;"Kalisz Pomorski - miasto (4)";4391;4383;4399;4377;4388;4115;4085;4048;4039;4013;
3203035;"Kalisz Pomorski - obszar wiejski (5)";2958;3023;2998;2993;2984;2817;2819;2810;2800;2760;
3203042;"Ostrowice (2)";2571;2522;2512;2478;;;;;;;
3203052;"Wierzchowo (2)";4353;4343;4311;4305;4243;4135;4086;4072;4025;4003;
3203063;"Złocieniec (3)";15410;15399;15289;15173;16359;15691;15537;15396;15218;15034;
3203064;"Złocieniec - miasto (4)";13190;13142;13068;12950;12833;12422;12302;12193;12046;11906;
3203065;"Złocieniec - obszar wiejski (5)";2220;2257;2221;2223;3526;3269;3235;3203;3172;3128;
3204000;"Powiat goleniowski";82355;82474;82567;82540;82421;82059;81782;81486;81363;81118;
3204023;"Goleniów (3)";35716;35845;35976;36058;36088;36966;36997;36953;36986;37053;
3204024;"Goleniów - miasto (4)";22578;22579;22553;22403;22216;22215;21993;21762;21462;21315;
3204025;"Goleniów - obszar wiejski (5)";13138;13266;13423;13655;13872;14751;15004;15191;15524;15738;
3204033;"Maszewo (3)";8789;8807;8777;8791;8777;8556;8584;8544;8533;8504;
3204034;"Maszewo - miasto (4)";3371;3367;3342;3363;3363;3317;3304;3291;3303;3301;
3204035;"Maszewo - obszar wiejski (5)";5418;5440;5435;5428;5414;5239;5280;5253;5230;5203;
3204043;"Nowogard (3)";24763;24757;24845;24719;24634;23914;23674;23535;23428;23214;
3204044;"Nowogard - miasto (4)";16751;16722;16756;16671;16585;16153;15965;15807;15695;15549;
3204045;"Nowogard - obszar wiejski (5)";8012;8035;8089;8048;8049;7761;7709;7728;7733;7665;
3204052;"Osina (2)";3037;3048;3014;3039;3034;2933;2915;2912;2897;2879;
3204062;"Przybiernów (2)";5119;5098;5044;5036;5005;4901;4861;4830;4817;4795;
3204073;"Stepnica (3)";4931;4919;4911;4897;4883;4789;4751;4712;4702;4673;
3204074;"Stepnica - miasto (4)";2441;2461;2478;2471;2472;2500;2485;2465;2520;2502;
3204075;"Stepnica - obszar wiejski (5)";2490;2458;2433;2426;2411;2289;2266;2247;2182;2171;
3205000;"Powiat gryficki";61371;61160;60885;60617;60277;57961;57338;56961;56435;56095;
3205012;"Brojce (2)";3843;3801;3787;3767;3743;3522;3497;3519;3494;3481;
3205023;"Gryfice (3)";23945;23963;23905;23866;23757;23214;23044;22913;22726;22598;
3205024;"Gryfice - miasto (4)";16725;16719;16600;16527;16415;15895;15728;15572;15343;15277;
3205025;"Gryfice - obszar wiejski (5)";7220;7244;7305;7339;7342;7319;7316;7341;7383;7321;
3205032;"Karnice (2)";4100;4086;4058;4014;3977;3839;3769;3720;3683;3647;
3205043;"Płoty (3)";9027;8957;8963;8894;8801;8367;8243;8175;8068;8004;
3205044;"Płoty - miasto (4)";4020;3982;3995;3983;3927;3823;3788;3724;3705;3684;
3205045;"Płoty - obszar wiejski (5)";5007;4975;4968;4911;4874;4544;4455;4451;4363;4320;
3205072;"Rewal (2)";3891;3871;3869;3853;3862;3685;3657;3634;3590;3621;
3205083;"Trzebiatów (3)";16565;16482;16303;16223;16137;15334;15128;15000;14874;14744;
3205084;"Trzebiatów - miasto (4)";10145;10127;10025;10009;9964;9614;9493;9437;9314;9279;
3205085;"Trzebiatów - obszar wiejski (5)";6420;6355;6278;6214;6173;5720;5635;5563;5560;5465;
3206000;"Powiat gryfiński";83461;83249;82951;82530;81882;78974;78340;77567;76959;76489;
3206012;"Banie (2)";6441;6419;6436;6375;6308;5946;5859;5765;5763;5705;
3206023;"Cedynia (3)";4350;4320;4339;4306;4221;4103;4081;4009;3933;3932;
3206024;"Cedynia - miasto (4)";1649;1615;1625;1573;1520;1483;1470;1439;1459;1450;
3206025;"Cedynia - obszar wiejski (5)";2701;2705;2714;2733;2701;2620;2611;2570;2474;2482;
3206033;"Chojna (3)";13912;13900;13846;13758;13706;13412;13302;13171;13094;13061;
3206034;"Chojna - miasto (4)";7403;7447;7440;7390;7408;7378;7344;7325;7316;7320;
3206035;"Chojna - obszar wiejski (5)";6509;6453;6406;6368;6298;6034;5958;5846;5778;5741;
3206043;"Gryfino (3)";32117;32192;32116;32025;31827;30813;30613;30356;30102;29929;
3206044;"Gryfino - miasto (4)";21450;21477;21393;21274;21167;20348;20159;19908;19691;19564;
3206045;"Gryfino - obszar wiejski (5)";10667;10715;10723;10751;10660;10465;10454;10448;10411;10365;
3206053;"Mieszkowice (3)";7380;7313;7218;7134;7047;6739;6637;6567;6501;6458;
3206054;"Mieszkowice - miasto (4)";3592;3716;3681;3645;3612;3456;3404;3371;3343;3317;
3206055;"Mieszkowice - obszar wiejski (5)";3788;3597;3537;3489;3435;3283;3233;3196;3158;3141;
3206063;"Moryń (3)";4340;4331;4322;4301;4267;4174;4128;4136;4112;4061;
3206064;"Moryń - miasto (4)";1611;1614;1620;1626;1629;1633;1610;1629;1622;1611;
3206065;"Moryń - obszar wiejski (5)";2729;2717;2702;2675;2638;2541;2518;2507;2490;2450;
3206072;"Stare Czarnowo (2)";3844;3831;3817;3837;3828;3712;3699;3670;3672;3628;
3206083;"Trzcińsko-Zdrój (3)";5519;5436;5363;5329;5271;4954;4923;4855;4802;4774;
3206084;"Trzcińsko-Zdrój - miasto (4)";2403;2350;2297;2273;2248;2186;2171;2125;2114;2129;
3206085;"Trzcińsko-Zdrój - obszar wiejski (5)";3116;3086;3066;3056;3023;2768;2752;2730;2688;2645;
3206092;"Widuchowa (2)";5558;5507;5494;5465;5407;5121;5098;5038;4980;4941;
3207000;"Powiat kamieński";47494;47296;47281;47227;46999;45185;44795;44449;44137;43773;
3207013;"Dziwnów (3)";4004;4003;4003;3982;3957;3717;3662;3596;3561;3517;
3207014;"Dziwnów - miasto (4)";2714;2718;2707;2698;2660;2459;2407;2329;2302;2282;
3207015;"Dziwnów - obszar wiejski (5)";1290;1285;1296;1284;1297;1258;1255;1267;1259;1235;
3207023;"Golczewo (3)";5967;5925;5906;5906;5871;5588;5569;5546;5504;5469;
3207024;"Golczewo - miasto (4)";2719;2690;2686;2673;2660;2548;2532;2517;2504;2493;
3207025;"Golczewo - obszar wiejski (5)";3248;3235;3220;3233;3211;3040;3037;3029;3000;2976;
3207033;"Kamień Pomorski (3)";14389;14299;14354;14393;14377;13834;13666;13595;13431;13296;
3207034;"Kamień Pomorski - miasto (4)";8926;8868;8868;8846;8808;8590;8450;8400;8291;8136;
3207035;"Kamień Pomorski - obszar wiejski (5)";5463;5431;5486;5547;5569;5244;5216;5195;5140;5160;
3207043;"Międzyzdroje (3)";6543;6530;6528;6504;6452;6179;6111;6067;6028;5957;
3207044;"Międzyzdroje - miasto (4)";5451;5443;5422;5399;5343;5052;4975;4936;4893;4826;
3207045;"Międzyzdroje - obszar wiejski (5)";1092;1087;1106;1105;1109;1127;1136;1131;1135;1131;
3207052;"Świerzno (2)";4310;4291;4270;4226;4227;4049;4031;3977;3966;3941;
3207063;"Wolin (3)";12281;12248;12220;12216;12115;11818;11756;11668;11647;11593;
3207064;"Wolin - miasto (4)";4867;4880;4842;4828;4770;4706;4703;4690;4639;4607;
3207065;"Wolin - obszar wiejski (5)";7414;7368;7378;7388;7345;7112;7053;6978;7008;6986;
3208000;"Powiat kołobrzeski";79516;79450;79596;79547;79438;77880;77407;77087;76721;76390;
3208011;"Kołobrzeg (1)";46671;46463;46568;46367;46259;44491;44003;43678;43426;43229;
3208022;"Dygowo (2)";5632;5646;5647;5654;5592;5437;5388;5365;5341;5299;
3208033;"Gościno (3)";5163;5161;5154;5130;5138;5237;5271;5298;5324;5357;
3208034;"Gościno - miasto (4)";2396;2411;2436;2417;2418;2614;2632;2692;2734;2769;
3208035;"Gościno - obszar wiejski (5)";2767;2750;2718;2713;2720;2623;2639;2606;2590;2588;
3208042;"Kołobrzeg (2)";10613;10708;10795;10944;10982;11300;11308;11298;11242;11172;
3208052;"Rymań (2)";4039;4019;3983;3949;3929;3738;3703;3703;3649;3620;
3208062;"Siemyśl (2)";3735;3767;3791;3810;3853;3920;3951;3982;3995;4019;
3208072;"Ustronie Morskie (2)";3663;3686;3658;3693;3685;3757;3783;3763;3744;3694;
3209000;"Powiat koszaliński";65844;66071;66269;66355;66480;66408;66378;66364;64450;64359;
3209012;"Będzino (2)";8576;8610;8634;8665;8659;8545;8481;8511;8550;8591;
3209022;"Biesiekierz (2)";6556;6716;6829;6941;7154;7386;7463;7530;6746;6787;
3209033;"Bobolice (3)";9380;9270;9124;9024;8898;8460;8389;8331;8249;8099;
3209034;"Bobolice - miasto (4)";4167;4129;4061;4018;3961;3862;3802;3772;3723;3641;
3209035;"Bobolice - obszar wiejski (5)";5213;5141;5063;5006;4937;4598;4587;4559;4526;4458;
3209042;"Manowo (2)";6836;6890;6945;6937;6948;6829;6798;6814;5735;5687;
3209052;"Mielno (2)";5006;4975;;;;;;;;;
3209053;"Mielno (3)";;;4951;4906;4888;4858;4810;4782;4630;4599;
3209054;"Mielno - miasto (4)";;;3000;2952;2914;2872;2817;2773;2737;2713;
3209055;"Mielno - obszar wiejski (5)";;;1951;1954;1974;1986;1993;2009;1893;1886;
3209063;"Polanów (3)";8922;8867;8818;8753;8610;8316;8253;8110;8004;7905;
3209064;"Polanów - miasto (4)";2952;2969;2949;2918;2889;2914;2903;2840;2824;2798;
3209065;"Polanów - obszar wiejski (5)";5970;5898;5869;5835;5721;5402;5350;5270;5180;5107;
3209073;"Sianów (3)";13757;13765;13843;13848;13853;13992;13934;13864;13972;14033;
3209074;"Sianów - miasto (4)";6650;6633;6666;6664;6621;6541;6524;6523;6564;6692;
3209075;"Sianów - obszar wiejski (5)";7107;7132;7177;7184;7232;7451;7410;7341;7408;7341;
3209082;"Świeszyno (2)";6811;6978;7125;7281;7470;8022;8250;8422;8564;8658;
3210000;"Powiat myśliborski";67140;67016;66648;66264;65638;63931;63289;62668;62224;61756;
3210013;"Barlinek (3)";19619;19590;19449;19377;19244;18777;18649;18455;18300;18162;
3210014;"Barlinek - miasto (4)";14053;14010;13853;13803;13663;13378;13262;13119;12935;12801;
3210015;"Barlinek - obszar wiejski (5)";5566;5580;5596;5574;5581;5399;5387;5336;5365;5361;
3210022;"Boleszkowice (2)";2900;2893;2891;2878;2849;2812;2795;2779;2741;2727;
3210033;"Dębno (3)";20923;20907;20828;20711;20486;19931;19690;19482;19339;19136;
3210034;"Dębno - miasto (4)";14019;13983;13931;13843;13696;13346;13160;13024;12885;12769;
3210035;"Dębno - obszar wiejski (5)";6904;6924;6897;6868;6790;6585;6530;6458;6454;6367;
3210043;"Myślibórz (3)";20312;20251;20096;19918;19702;19059;18833;18635;18537;18448;
3210044;"Myślibórz - miasto (4)";11469;11449;11328;11235;11109;10666;10558;10433;10353;10321;
3210045;"Myślibórz - obszar wiejski (5)";8843;8802;8768;8683;8593;8393;8275;8202;8184;8127;
3210052;"Nowogródek Pomorski (2)";3386;3375;3384;3380;3357;3352;3322;3317;3307;3283;
3211000;"Powiat policki";76247;77201;78333;79476;80652;82622;83878;84924;85917;86834;
3211012;"Dobra (Szczecińska) (2)";20866;21611;22511;23472;24292;27071;28119;29118;30056;30869;
3211022;"Kołbaskowo (2)";12108;12380;12633;13022;13436;14189;14705;15010;15321;15595;
3211033;"Nowe Warpno (3)";1655;1667;1644;1648;1636;1565;1556;1533;1518;1520;
3211034;"Nowe Warpno - miasto (4)";1212;1220;1196;1192;1181;1115;1097;1076;1049;1044;
3211035;"Nowe Warpno - obszar wiejski (5)";443;447;448;456;455;450;459;457;469;476;
3211043;"Police (3)";41618;41543;41545;41334;41288;39797;39498;39263;39022;38850;
3211044;"Police - miasto (4)";33236;33090;32970;32685;32490;30744;30365;30020;29627;29286;
3211045;"Police - obszar wiejski (5)";8382;8453;8575;8649;8798;9053;9133;9243;9395;9564;
3212000;"Powiat pyrzycki";40211;40055;39873;39639;39336;37520;37131;36785;36413;35991;
3212012;"Bielice (2)";3117;3127;3121;3130;3122;2997;2976;2930;2917;2919;
3212022;"Kozielice (2)";2599;2579;2540;2535;2477;2450;2422;2396;2357;2314;
3212033;"Lipiany (3)";6009;5969;5934;5901;5832;5651;5569;5519;5465;5360;
3212034;"Lipiany - miasto (4)";4024;4008;3982;3946;3908;3829;3788;3819;3798;3732;
3212035;"Lipiany - obszar wiejski (5)";1985;1961;1952;1955;1924;1822;1781;1700;1667;1628;
3212042;"Przelewice (2)";5293;5259;5217;5137;5129;4677;4590;4527;4480;4452;
3212053;"Pyrzyce (3)";19667;19627;19564;19420;19313;18545;18427;18328;18165;17948;
3212054;"Pyrzyce - miasto (4)";12751;12694;12709;12617;12578;12068;12003;11932;11824;11665;
3212055;"Pyrzyce - obszar wiejski (5)";6916;6933;6855;6803;6735;6477;6424;6396;6341;6283;
3212062;"Warnice (2)";3526;3494;3497;3516;3463;3200;3147;3085;3029;2998;
3213000;"Powiat sławieński";57188;57033;56764;56409;56134;54356;53786;53384;52903;52394;
3213011;"Darłowo (1)";14005;13943;13924;13759;13695;13142;12893;12715;12512;12370;
3213021;"Sławno (1)";12690;12677;12590;12528;12468;12070;12002;11875;11777;11620;
3213032;"Darłowo (2)";8011;8044;7987;7973;7949;7657;7573;7573;7596;7543;
3213042;"Malechowo (2)";6453;6421;6383;6335;6264;6102;6060;5995;5935;5858;
3213052;"Postomino (2)";7036;6988;6960;6915;6891;6853;6797;6805;6785;6712;
3213062;"Sławno (2)";8993;8960;8920;8899;8867;8532;8461;8421;8298;8291;
3214000;"Powiat stargardzki";120422;120235;120091;120112;120186;119256;119190;119190;119090;118844;
3214011;"Stargard (1)";68670;68477;68195;67938;67837;67445;67161;66923;66604;66077;
3214023;"Chociwel (3)";5942;5865;5868;5919;5804;5584;5568;5492;5466;5413;
3214024;"Chociwel - miasto (4)";3196;3174;3183;3209;3150;3052;3036;2997;2989;2941;
3214025;"Chociwel - obszar wiejski (5)";2746;2691;2685;2710;2654;2532;2532;2495;2477;2472;
3214033;"Dobrzany (3)";5037;4985;4929;4854;4800;4641;4587;4558;4509;4476;
3214034;"Dobrzany - miasto (4)";2361;2336;2288;2264;2247;2187;2191;2189;2159;2145;
3214035;"Dobrzany - obszar wiejski (5)";2676;2649;2641;2590;2553;2454;2396;2369;2350;2331;
3214042;"Dolice (2)";8018;7987;7959;7887;7802;7335;7239;7160;7057;7001;
3214053;"Ińsko (3)";3503;3439;3414;3364;3346;3209;3189;3132;3093;3037;
3214054;"Ińsko - miasto (4)";2010;1964;1965;1929;1918;1820;1807;1790;1772;1750;
3214055;"Ińsko - obszar wiejski (5)";1493;1475;1449;1435;1428;1389;1382;1342;1321;1287;
3214062;"Kobylanka (2)";5190;5295;5390;5530;5714;6083;6217;6397;6554;6746;
3214082;"Marianowo (2)";3169;3179;3172;3175;3113;2945;2889;2910;2886;2866;
3214092;"Stara Dąbrowa (2)";3729;3723;3691;3707;3720;3595;3591;3559;3540;3513;
3214102;"Stargard (2)";12841;12950;13148;13446;13752;14274;14666;14991;15317;15679;
3214113;"Suchań (3)";4323;4335;4325;4292;4298;4145;4083;4068;4064;4036;
3214114;"Suchań - miasto (4)";1453;1464;1490;1477;1462;1416;1387;1403;1393;1397;
3214115;"Suchań - obszar wiejski (5)";2870;2871;2835;2815;2836;2729;2696;2665;2671;2639;
3215000;"Powiat szczecinecki";78578;78430;78232;77965;77630;74464;73761;73308;72717;72023;
3215011;"Szczecinek (1)";40440;40362;40292;40114;40043;38489;38148;37899;37557;37250;
3215023;"Barwice (3)";8710;8682;8613;8570;8478;8070;7979;7916;7831;7697;
3215024;"Barwice - miasto (4)";3766;3766;3742;3723;3686;3537;3488;3479;3475;3407;
3215025;"Barwice - obszar wiejski (5)";4944;4916;4871;4847;4792;4533;4491;4437;4356;4290;
3215033;"Biały Bór (3)";5357;5302;5303;5299;5294;4988;4962;4957;4971;4904;
3215034;"Biały Bór - miasto (4)";2210;2170;2171;2199;2210;2085;2103;2097;2142;2074;
3215035;"Biały Bór - obszar wiejski (5)";3147;3132;3132;3100;3084;2903;2859;2860;2829;2830;
3215043;"Borne Sulinowo (3)";9807;9840;9935;9983;9935;9481;9371;9324;9212;9128;
3215044;"Borne Sulinowo - miasto (4)";4880;4893;4984;5090;5099;5061;4995;4933;4843;4801;
3215045;"Borne Sulinowo - obszar wiejski (5)";4927;4947;4951;4893;4836;4420;4376;4391;4369;4327;
3215052;"Grzmiąca (2)";4926;4867;4781;4721;4665;4477;4407;4322;4290;4234;
3215062;"Szczecinek (2)";9338;9377;9308;9278;9215;8959;8894;8890;8856;8810;
3216000;"Powiat świdwiński";47994;47727;47643;47242;46724;44582;44061;43577;43237;42754;
3216011;"Świdwin (1)";15554;15521;15725;15594;15468;14971;14831;14635;14547;14411;
3216022;"Brzeżno (2)";2849;2836;2792;2792;2766;2667;2633;2598;2573;2526;
3216033;"Połczyn-Zdrój (3)";15601;15531;15417;15275;15118;14116;13968;13840;13724;13532;
3216034;"Połczyn-Zdrój - miasto (4)";8327;8265;8181;8109;8020;7498;7409;7335;7243;7138;
3216035;"Połczyn-Zdrój - obszar wiejski (5)";7274;7266;7236;7166;7098;6618;6559;6505;6481;6394;
3216042;"Rąbino (2)";3766;3725;3668;3622;3560;3395;3339;3328;3267;3231;
3216052;"Sławoborze (2)";4173;4132;4090;4052;3994;3938;3887;3824;3802;3783;
3216062;"Świdwin (2)";6051;5982;5951;5907;5818;5495;5403;5352;5324;5271;
3217000;"Powiat wałecki";54207;54013;53738;53462;53039;51165;50729;50388;50003;49384;
3217011;"Wałcz (1)";25882;25749;25533;25359;25179;24237;23978;23780;23578;23243;
3217023;"Człopa (3)";5051;5032;5009;4992;4891;4660;4658;4611;4547;4476;
3217024;"Człopa - miasto (4)";2363;2354;2326;2326;2306;2234;2204;2176;2158;2111;
3217025;"Człopa - obszar wiejski (5)";2688;2678;2683;2666;2585;2426;2454;2435;2389;2365;
3217033;"Mirosławiec (3)";5516;5524;5494;5474;5402;5409;5336;5329;5328;5235;
3217034;"Mirosławiec - miasto (4)";3071;3076;3065;3089;3066;3058;3000;3009;3018;2964;
3217035;"Mirosławiec - obszar wiejski (5)";2445;2448;2429;2385;2336;2351;2336;2320;2310;2271;
3217043;"Tuczno (3)";5026;5025;5007;4954;4890;4612;4558;4514;4461;4390;
3217044;"Tuczno - miasto (4)";1936;1937;1931;1916;1913;1843;1824;1794;1780;1757;
3217045;"Tuczno - obszar wiejski (5)";3090;3088;3076;3038;2977;2769;2734;2720;2681;2633;
3217052;"Wałcz (2)";12732;12683;12695;12683;12677;12247;12199;12154;12089;12040;
3218000;"Powiat łobeski";37691;37638;37401;37104;36696;34575;34094;33762;33394;32974;
3218013;"Dobra (3)";4473;4481;4469;4403;4363;4038;3917;3905;3852;3838;
3218014;"Dobra - miasto (4)";2331;2334;2353;2326;2290;2117;2035;2032;2019;2003;
3218015;"Dobra - obszar wiejski (5)";2142;2147;2116;2077;2073;1921;1882;1873;1833;1835;
3218023;"Łobez (3)";14291;14276;14134;14049;13863;13267;13068;12928;12807;12658;
3218024;"Łobez - miasto (4)";10404;10374;10299;10241;10066;9828;9672;9574;9516;9418;
3218025;"Łobez - obszar wiejski (5)";3887;3902;3835;3808;3797;3439;3396;3354;3291;3240;
3218032;"Radowo Małe (2)";3694;3659;3661;3621;3592;3337;3288;3244;3188;3148;
3218043;"Resko (3)";8135;8117;8076;8032;7988;7470;7418;7325;7227;7083;
3218044;"Resko - miasto (4)";4268;4289;4255;4231;4205;4052;3998;3930;3892;3818;
3218045;"Resko - obszar wiejski (5)";3867;3828;3821;3801;3783;3418;3420;3395;3335;3265;
3218053;"Węgorzyno (3)";7098;7105;7061;6999;6890;6463;6403;6360;6320;6247;
3218054;"Węgorzyno - miasto (4)";2883;2889;2865;2831;2779;2664;2660;2636;2628;2590;
3218055;"Węgorzyno - obszar wiejski (5)";4215;4216;4196;4168;4111;3799;3743;3724;3692;3657;
3261000;"Powiat m. Koszalin";107970;107680;107670;107321;107048;106152;104891;104239;105540;105263;
3261011;"Koszalin (1)";107970;107680;107670;107321;107048;106152;104891;104239;105540;105263;
3262000;"Powiat m. Szczecin";405657;404878;403883;402465;401907;397289;394482;391566;389066;386706;
3262011;"Szczecin (1)";405657;404878;403883;402465;401907;397289;394482;391566;389066;386706;
3263000;"Powiat m. Świnoujście";41152;41115;41032;40910;40888;40326;39834;39368;38904;38541;
3263011;"Świnoujście (1)";41152;41115;41032;40910;40888;40326;39834;39368;38904;38541;
